Symptoms,Disease,Description,Precautions,Medications,Doctor_Recommendation
"experiencing sensitivity to sound, severe headache, nausea, sensitivity to light",Migraine,"A neurological condition that can cause multiple symptoms, frequently characterized by intense, debilitating headaches.","Rest in a quiet and dark room, avoid known triggers like caffeine or stress.","Ibuprofen, Triptans (prescription), Aspirin.",Consult a neurologist if migraines are frequent and severely disrupt daily life.
"suffering from sensitivity to sound, severe headache, nausea, sensitivity to light, vomiting",Migraine,"A neurological condition that can cause multiple symptoms, frequently characterized by intense, debilitating headaches.","Rest in a quiet and dark room, avoid known triggers like caffeine or stress.","Ibuprofen, Triptans (prescription), Aspirin.",Consult a neurologist if migraines are frequent and severely disrupt daily life.
"i have shortness of breath, rapid breathing, chest tightness, wheezing",Asthma,A condition in which your airways narrow and swell and may produce extra mucus.,"Avoid triggers (smoke, strong odors), carry an inhaler always.","Bronchodilators (Albuterol inhaler), Inhaled corticosteroids.",Immediate emergency care required for severe shortness of breath or if an inhaler doesn't help.
"experiencing severe headache, high fever, rash",Dengue Fever,A mosquito-borne viral disease occurring in tropical and subtropical areas.,"Use mosquito nets, wear long sleeves, use repellents.",Paracetamol for fever. STRICTLY AVOID Aspirin or Ibuprofen.,Hospitalization may be required; consult immediately if experiencing severe abdominal pain or bleeding.
"experiencing loss of taste, fatigue, sore throat, fever, shortness of breath, dry cough",COVID-19,A highly contagious respiratory illness caused by the SARS-CoV-2 virus.,"Isolate, wear a mask, monitor oxygen levels.","Paracetamol, Vitamin C, Zinc, prescribed antivirals if severe.",Seek immediate medical attention if oxygen drops below 94% or you have difficulty breathing.
"suffering from prolonged high fever, weakness, loss of appetite, headache",Typhoid,"A bacterial infection that can lead to a high fever, diarrhea, and vomiting.","Drink boiled or bottled water, avoid raw foods.","Antibiotics (prescription only), Paracetamol for fever.",Requires immediate medical consultation for a proper antibiotic course.
"experiencing pain behind eyes, rash, fatigue, joint pain, high fever, severe headache, muscle pain",Dengue Fever,A mosquito-borne viral disease occurring in tropical and subtropical areas.,"Use mosquito nets, wear long sleeves, use repellents.",Paracetamol for fever. STRICTLY AVOID Aspirin or Ibuprofen.,Hospitalization may be required; consult immediately if experiencing severe abdominal pain or bleeding.
"runny nose, mild fever",Common Cold,A common viral infection of the nose and throat.,"Rest, drink plenty of fluids, wash hands often.","Paracetamol, Ibuprofen, Decongestants, Cough syrup.",Consult if symptoms last more than a week or if you develop a high fever.
"sneezing, itchy throat",Allergic Rhinitis,"An allergic response causing itchy, watery eyes, sneezing, and other similar symptoms.","Avoid allergens (dust, pollen), keep indoors during high pollen seasons.","Antihistamines (Cetirizine, Loratadine), Nasal corticosteroids.",Consult an allergist if symptoms are severe and unresponsive to over-the-counter medicine.
"i have severe headache, joint pain, muscle pain",Dengue Fever,A mosquito-borne viral disease occurring in tropical and subtropical areas.,"Use mosquito nets, wear long sleeves, use repellents.",Paracetamol for fever. STRICTLY AVOID Aspirin or Ibuprofen.,Hospitalization may be required; consult immediately if experiencing severe abdominal pain or bleeding.
"i have rash, stomach pain, headache, prolonged high fever",Typhoid,"A bacterial infection that can lead to a high fever, diarrhea, and vomiting.","Drink boiled or bottled water, avoid raw foods.","Antibiotics (prescription only), Paracetamol for fever.",Requires immediate medical consultation for a proper antibiotic course.
"experiencing vomiting, nausea",Food Poisoning,Illness caused by eating contaminated food.,"Rest, stay hydrated with sips of water or clear broths.","Oral rehydration salts, Bismuth subsalicylate.","Consult a doctor if symptoms last more than a few days, or if you have a very high fever."
"i have muscle pain, joint pain, fatigue, rash, high fever, severe headache",Dengue Fever,A mosquito-borne viral disease occurring in tropical and subtropical areas.,"Use mosquito nets, wear long sleeves, use repellents.",Paracetamol for fever. STRICTLY AVOID Aspirin or Ibuprofen.,Hospitalization may be required; consult immediately if experiencing severe abdominal pain or bleeding.
"sneezing, cough",Common Cold,A common viral infection of the nose and throat.,"Rest, drink plenty of fluids, wash hands often.","Paracetamol, Ibuprofen, Decongestants, Cough syrup.",Consult if symptoms last more than a week or if you develop a high fever.
"fever, weakness, abdominal cramps, vomiting, nausea",Food Poisoning,Illness caused by eating contaminated food.,"Rest, stay hydrated with sips of water or clear broths.","Oral rehydration salts, Bismuth subsalicylate.","Consult a doctor if symptoms last more than a few days, or if you have a very high fever."
"experiencing prolonged high fever, headache, stomach pain, weakness, loss of appetite",Typhoid,"A bacterial infection that can lead to a high fever, diarrhea, and vomiting.","Drink boiled or bottled water, avoid raw foods.","Antibiotics (prescription only), Paracetamol for fever.",Requires immediate medical consultation for a proper antibiotic course.
"feeling muscle aches, headache, fatigue, chills, sweats, high fever, dry cough",Influenza (Flu),A viral infection that attacks your respiratory system.,"Strict bed rest, isolate yourself, stay hydrated.","Oseltamivir (if prescribed early), Paracetamol for fever.",Consult a doctor immediately if you experience shortness of breath or persistent chest pain.
"wheezing, rapid breathing",Asthma,A condition in which your airways narrow and swell and may produce extra mucus.,"Avoid triggers (smoke, strong odors), carry an inhaler always.","Bronchodilators (Albuterol inhaler), Inhaled corticosteroids.",Immediate emergency care required for severe shortness of breath or if an inhaler doesn't help.
"muscle aches, headache",Influenza (Flu),A viral infection that attacks your respiratory system.,"Strict bed rest, isolate yourself, stay hydrated.","Oseltamivir (if prescribed early), Paracetamol for fever.",Consult a doctor immediately if you experience shortness of breath or persistent chest pain.
"experiencing rash, stomach pain, weakness, prolonged high fever, loss of appetite",Typhoid,"A bacterial infection that can lead to a high fever, diarrhea, and vomiting.","Drink boiled or bottled water, avoid raw foods.","Antibiotics (prescription only), Paracetamol for fever.",Requires immediate medical consultation for a proper antibiotic course.
"muscle aches, diarrhea",Gastroenteritis (Stomach Flu),"An intestinal infection marked by diarrhea, cramps, nausea, vomiting, and fever.","Stay hydrated, eat bland foods, wash hands thoroughly.","Oral rehydration salts (ORS), Loperamide (if advised).","Consult if you cannot keep liquids down for 24 hours, or if there is blood in stool."
"vomiting, diarrhea",Food Poisoning,Illness caused by eating contaminated food.,"Rest, stay hydrated with sips of water or clear broths.","Oral rehydration salts, Bismuth subsalicylate.","Consult a doctor if symptoms last more than a few days, or if you have a very high fever."
"feeling sweats, fatigue, headache, muscle aches, dry cough",Influenza (Flu),A viral infection that attacks your respiratory system.,"Strict bed rest, isolate yourself, stay hydrated.","Oseltamivir (if prescribed early), Paracetamol for fever.",Consult a doctor immediately if you experience shortness of breath or persistent chest pain.
"suffering from sore throat, loss of taste",COVID-19,A highly contagious respiratory illness caused by the SARS-CoV-2 virus.,"Isolate, wear a mask, monitor oxygen levels.","Paracetamol, Vitamin C, Zinc, prescribed antivirals if severe.",Seek immediate medical attention if oxygen drops below 94% or you have difficulty breathing.
"congestion, sore throat",Common Cold,A common viral infection of the nose and throat.,"Rest, drink plenty of fluids, wash hands often.","Paracetamol, Ibuprofen, Decongestants, Cough syrup.",Consult if symptoms last more than a week or if you develop a high fever.
"i have shortness of breath, chest tightness",Asthma,A condition in which your airways narrow and swell and may produce extra mucus.,"Avoid triggers (smoke, strong odors), carry an inhaler always.","Bronchodilators (Albuterol inhaler), Inhaled corticosteroids.",Immediate emergency care required for severe shortness of breath or if an inhaler doesn't help.
"suffering from nausea, throbbing pain, vomiting, sensitivity to sound, sensitivity to light",Migraine,"A neurological condition that can cause multiple symptoms, frequently characterized by intense, debilitating headaches.","Rest in a quiet and dark room, avoid known triggers like caffeine or stress.","Ibuprofen, Triptans (prescription), Aspirin.",Consult a neurologist if migraines are frequent and severely disrupt daily life.
"feeling low-grade fever, muscle aches, stomach cramps, nausea",Gastroenteritis (Stomach Flu),"An intestinal infection marked by diarrhea, cramps, nausea, vomiting, and fever.","Stay hydrated, eat bland foods, wash hands thoroughly.","Oral rehydration salts (ORS), Loperamide (if advised).","Consult if you cannot keep liquids down for 24 hours, or if there is blood in stool."
"i have muscle aches, vomiting, low-grade fever, diarrhea, nausea, stomach cramps",Gastroenteritis (Stomach Flu),"An intestinal infection marked by diarrhea, cramps, nausea, vomiting, and fever.","Stay hydrated, eat bland foods, wash hands thoroughly.","Oral rehydration salts (ORS), Loperamide (if advised).","Consult if you cannot keep liquids down for 24 hours, or if there is blood in stool."
"feeling sensitivity to sound, nausea, vomiting, sensitivity to light, severe headache, throbbing pain",Migraine,"A neurological condition that can cause multiple symptoms, frequently characterized by intense, debilitating headaches.","Rest in a quiet and dark room, avoid known triggers like caffeine or stress.","Ibuprofen, Triptans (prescription), Aspirin.",Consult a neurologist if migraines are frequent and severely disrupt daily life.
"suffering from vomiting, sensitivity to sound, sensitivity to light, severe headache, throbbing pain, nausea",Migraine,"A neurological condition that can cause multiple symptoms, frequently characterized by intense, debilitating headaches.","Rest in a quiet and dark room, avoid known triggers like caffeine or stress.","Ibuprofen, Triptans (prescription), Aspirin.",Consult a neurologist if migraines are frequent and severely disrupt daily life.
"feeling loss of smell, sore throat, dry cough, fever",COVID-19,A highly contagious respiratory illness caused by the SARS-CoV-2 virus.,"Isolate, wear a mask, monitor oxygen levels.","Paracetamol, Vitamin C, Zinc, prescribed antivirals if severe.",Seek immediate medical attention if oxygen drops below 94% or you have difficulty breathing.
"experiencing nasal congestion, sneezing",Allergic Rhinitis,"An allergic response causing itchy, watery eyes, sneezing, and other similar symptoms.","Avoid allergens (dust, pollen), keep indoors during high pollen seasons.","Antihistamines (Cetirizine, Loratadine), Nasal corticosteroids.",Consult an allergist if symptoms are severe and unresponsive to over-the-counter medicine.
"i have shortness of breath, fatigue, sore throat, fever, dry cough, body aches",COVID-19,A highly contagious respiratory illness caused by the SARS-CoV-2 virus.,"Isolate, wear a mask, monitor oxygen levels.","Paracetamol, Vitamin C, Zinc, prescribed antivirals if severe.",Seek immediate medical attention if oxygen drops below 94% or you have difficulty breathing.
"i have vomiting, diarrhea, weakness, abdominal cramps, fever, nausea",Food Poisoning,Illness caused by eating contaminated food.,"Rest, stay hydrated with sips of water or clear broths.","Oral rehydration salts, Bismuth subsalicylate.","Consult a doctor if symptoms last more than a few days, or if you have a very high fever."
"wheezing, chest tightness",Asthma,A condition in which your airways narrow and swell and may produce extra mucus.,"Avoid triggers (smoke, strong odors), carry an inhaler always.","Bronchodilators (Albuterol inhaler), Inhaled corticosteroids.",Immediate emergency care required for severe shortness of breath or if an inhaler doesn't help.
"congestion, cough",Common Cold,A common viral infection of the nose and throat.,"Rest, drink plenty of fluids, wash hands often.","Paracetamol, Ibuprofen, Decongestants, Cough syrup.",Consult if symptoms last more than a week or if you develop a high fever.
"i have rapid breathing, chest tightness, shortness of breath, coughing episodes, wheezing",Asthma,A condition in which your airways narrow and swell and may produce extra mucus.,"Avoid triggers (smoke, strong odors), carry an inhaler always.","Bronchodilators (Albuterol inhaler), Inhaled corticosteroids.",Immediate emergency care required for severe shortness of breath or if an inhaler doesn't help.
"suffering from nausea, stomach cramps, diarrhea",Gastroenteritis (Stomach Flu),"An intestinal infection marked by diarrhea, cramps, nausea, vomiting, and fever.","Stay hydrated, eat bland foods, wash hands thoroughly.","Oral rehydration salts (ORS), Loperamide (if advised).","Consult if you cannot keep liquids down for 24 hours, or if there is blood in stool."
"suffering from sensitivity to light, vomiting, nausea, severe headache, sensitivity to sound",Migraine,"A neurological condition that can cause multiple symptoms, frequently characterized by intense, debilitating headaches.","Rest in a quiet and dark room, avoid known triggers like caffeine or stress.","Ibuprofen, Triptans (prescription), Aspirin.",Consult a neurologist if migraines are frequent and severely disrupt daily life.
"feeling itchy eyes, watery eyes, sneezing, runny nose, itchy throat, nasal congestion",Allergic Rhinitis,"An allergic response causing itchy, watery eyes, sneezing, and other similar symptoms.","Avoid allergens (dust, pollen), keep indoors during high pollen seasons.","Antihistamines (Cetirizine, Loratadine), Nasal corticosteroids.",Consult an allergist if symptoms are severe and unresponsive to over-the-counter medicine.
"feeling prolonged high fever, rash",Typhoid,"A bacterial infection that can lead to a high fever, diarrhea, and vomiting.","Drink boiled or bottled water, avoid raw foods.","Antibiotics (prescription only), Paracetamol for fever.",Requires immediate medical consultation for a proper antibiotic course.
"suffering from dry cough, loss of taste, body aches",COVID-19,A highly contagious respiratory illness caused by the SARS-CoV-2 virus.,"Isolate, wear a mask, monitor oxygen levels.","Paracetamol, Vitamin C, Zinc, prescribed antivirals if severe.",Seek immediate medical attention if oxygen drops below 94% or you have difficulty breathing.
"runny nose, mild fever, congestion, sneezing, cough, sore throat",Common Cold,A common viral infection of the nose and throat.,"Rest, drink plenty of fluids, wash hands often.","Paracetamol, Ibuprofen, Decongestants, Cough syrup.",Consult if symptoms last more than a week or if you develop a high fever.
"suffering from weakness, diarrhea",Food Poisoning,Illness caused by eating contaminated food.,"Rest, stay hydrated with sips of water or clear broths.","Oral rehydration salts, Bismuth subsalicylate.","Consult a doctor if symptoms last more than a few days, or if you have a very high fever."
"rash, high fever, joint pain, fatigue, severe headache, muscle pain",Dengue Fever,A mosquito-borne viral disease occurring in tropical and subtropical areas.,"Use mosquito nets, wear long sleeves, use repellents.",Paracetamol for fever. STRICTLY AVOID Aspirin or Ibuprofen.,Hospitalization may be required; consult immediately if experiencing severe abdominal pain or bleeding.
"suffering from vomiting, sensitivity to light",Migraine,"A neurological condition that can cause multiple symptoms, frequently characterized by intense, debilitating headaches.","Rest in a quiet and dark room, avoid known triggers like caffeine or stress.","Ibuprofen, Triptans (prescription), Aspirin.",Consult a neurologist if migraines are frequent and severely disrupt daily life.
"i have sensitivity to light, sensitivity to sound",Migraine,"A neurological condition that can cause multiple symptoms, frequently characterized by intense, debilitating headaches.","Rest in a quiet and dark room, avoid known triggers like caffeine or stress.","Ibuprofen, Triptans (prescription), Aspirin.",Consult a neurologist if migraines are frequent and severely disrupt daily life.
"feeling prolonged high fever, stomach pain, weakness",Typhoid,"A bacterial infection that can lead to a high fever, diarrhea, and vomiting.","Drink boiled or bottled water, avoid raw foods.","Antibiotics (prescription only), Paracetamol for fever.",Requires immediate medical consultation for a proper antibiotic course.
"feeling low-grade fever, stomach cramps",Gastroenteritis (Stomach Flu),"An intestinal infection marked by diarrhea, cramps, nausea, vomiting, and fever.","Stay hydrated, eat bland foods, wash hands thoroughly.","Oral rehydration salts (ORS), Loperamide (if advised).","Consult if you cannot keep liquids down for 24 hours, or if there is blood in stool."
"i have nausea, muscle aches, vomiting",Gastroenteritis (Stomach Flu),"An intestinal infection marked by diarrhea, cramps, nausea, vomiting, and fever.","Stay hydrated, eat bland foods, wash hands thoroughly.","Oral rehydration salts (ORS), Loperamide (if advised).","Consult if you cannot keep liquids down for 24 hours, or if there is blood in stool."
"suffering from nausea, abdominal cramps, weakness",Food Poisoning,Illness caused by eating contaminated food.,"Rest, stay hydrated with sips of water or clear broths.","Oral rehydration salts, Bismuth subsalicylate.","Consult a doctor if symptoms last more than a few days, or if you have a very high fever."
"experiencing fatigue, pain behind eyes, high fever, rash, severe headache, joint pain",Dengue Fever,A mosquito-borne viral disease occurring in tropical and subtropical areas.,"Use mosquito nets, wear long sleeves, use repellents.",Paracetamol for fever. STRICTLY AVOID Aspirin or Ibuprofen.,Hospitalization may be required; consult immediately if experiencing severe abdominal pain or bleeding.
"feeling shortness of breath, chest tightness, wheezing, coughing episodes",Asthma,A condition in which your airways narrow and swell and may produce extra mucus.,"Avoid triggers (smoke, strong odors), carry an inhaler always.","Bronchodilators (Albuterol inhaler), Inhaled corticosteroids.",Immediate emergency care required for severe shortness of breath or if an inhaler doesn't help.
"chills, high fever, sweats, headache, dry cough, fatigue",Influenza (Flu),A viral infection that attacks your respiratory system.,"Strict bed rest, isolate yourself, stay hydrated.","Oseltamivir (if prescribed early), Paracetamol for fever.",Consult a doctor immediately if you experience shortness of breath or persistent chest pain.
"i have chest tightness, coughing episodes, wheezing, shortness of breath, rapid breathing",Asthma,A condition in which your airways narrow and swell and may produce extra mucus.,"Avoid triggers (smoke, strong odors), carry an inhaler always.","Bronchodilators (Albuterol inhaler), Inhaled corticosteroids.",Immediate emergency care required for severe shortness of breath or if an inhaler doesn't help.
"experiencing severe headache, nausea",Migraine,"A neurological condition that can cause multiple symptoms, frequently characterized by intense, debilitating headaches.","Rest in a quiet and dark room, avoid known triggers like caffeine or stress.","Ibuprofen, Triptans (prescription), Aspirin.",Consult a neurologist if migraines are frequent and severely disrupt daily life.
"i have shortness of breath, fever, dry cough, sore throat, loss of taste, fatigue, body aches",COVID-19,A highly contagious respiratory illness caused by the SARS-CoV-2 virus.,"Isolate, wear a mask, monitor oxygen levels.","Paracetamol, Vitamin C, Zinc, prescribed antivirals if severe.",Seek immediate medical attention if oxygen drops below 94% or you have difficulty breathing.
"experiencing high fever, muscle pain, fatigue, rash, severe headache, joint pain",Dengue Fever,A mosquito-borne viral disease occurring in tropical and subtropical areas.,"Use mosquito nets, wear long sleeves, use repellents.",Paracetamol for fever. STRICTLY AVOID Aspirin or Ibuprofen.,Hospitalization may be required; consult immediately if experiencing severe abdominal pain or bleeding.
"feeling rash, muscle pain, high fever, joint pain",Dengue Fever,A mosquito-borne viral disease occurring in tropical and subtropical areas.,"Use mosquito nets, wear long sleeves, use repellents.",Paracetamol for fever. STRICTLY AVOID Aspirin or Ibuprofen.,Hospitalization may be required; consult immediately if experiencing severe abdominal pain or bleeding.
"feeling coughing episodes, rapid breathing, shortness of breath",Asthma,A condition in which your airways narrow and swell and may produce extra mucus.,"Avoid triggers (smoke, strong odors), carry an inhaler always.","Bronchodilators (Albuterol inhaler), Inhaled corticosteroids.",Immediate emergency care required for severe shortness of breath or if an inhaler doesn't help.
"i have prolonged high fever, headache",Typhoid,"A bacterial infection that can lead to a high fever, diarrhea, and vomiting.","Drink boiled or bottled water, avoid raw foods.","Antibiotics (prescription only), Paracetamol for fever.",Requires immediate medical consultation for a proper antibiotic course.
"experiencing nasal congestion, itchy eyes, watery eyes",Allergic Rhinitis,"An allergic response causing itchy, watery eyes, sneezing, and other similar symptoms.","Avoid allergens (dust, pollen), keep indoors during high pollen seasons.","Antihistamines (Cetirizine, Loratadine), Nasal corticosteroids.",Consult an allergist if symptoms are severe and unresponsive to over-the-counter medicine.
"rapid breathing, chest tightness, coughing episodes, wheezing, shortness of breath",Asthma,A condition in which your airways narrow and swell and may produce extra mucus.,"Avoid triggers (smoke, strong odors), carry an inhaler always.","Bronchodilators (Albuterol inhaler), Inhaled corticosteroids.",Immediate emergency care required for severe shortness of breath or if an inhaler doesn't help.
"i have severe headache, sensitivity to sound, vomiting, sensitivity to light, nausea",Migraine,"A neurological condition that can cause multiple symptoms, frequently characterized by intense, debilitating headaches.","Rest in a quiet and dark room, avoid known triggers like caffeine or stress.","Ibuprofen, Triptans (prescription), Aspirin.",Consult a neurologist if migraines are frequent and severely disrupt daily life.
"sweats, fatigue, dry cough",Influenza (Flu),A viral infection that attacks your respiratory system.,"Strict bed rest, isolate yourself, stay hydrated.","Oseltamivir (if prescribed early), Paracetamol for fever.",Consult a doctor immediately if you experience shortness of breath or persistent chest pain.
"i have rash, weakness",Typhoid,"A bacterial infection that can lead to a high fever, diarrhea, and vomiting.","Drink boiled or bottled water, avoid raw foods.","Antibiotics (prescription only), Paracetamol for fever.",Requires immediate medical consultation for a proper antibiotic course.
"i have sore throat, sneezing, mild fever, runny nose",Common Cold,A common viral infection of the nose and throat.,"Rest, drink plenty of fluids, wash hands often.","Paracetamol, Ibuprofen, Decongestants, Cough syrup.",Consult if symptoms last more than a week or if you develop a high fever.
"weakness, diarrhea",Food Poisoning,Illness caused by eating contaminated food.,"Rest, stay hydrated with sips of water or clear broths.","Oral rehydration salts, Bismuth subsalicylate.","Consult a doctor if symptoms last more than a few days, or if you have a very high fever."
"experiencing mild fever, congestion, cough, sneezing, runny nose, sore throat",Common Cold,A common viral infection of the nose and throat.,"Rest, drink plenty of fluids, wash hands often.","Paracetamol, Ibuprofen, Decongestants, Cough syrup.",Consult if symptoms last more than a week or if you develop a high fever.
"i have wheezing, rapid breathing, coughing episodes, shortness of breath",Asthma,A condition in which your airways narrow and swell and may produce extra mucus.,"Avoid triggers (smoke, strong odors), carry an inhaler always.","Bronchodilators (Albuterol inhaler), Inhaled corticosteroids.",Immediate emergency care required for severe shortness of breath or if an inhaler doesn't help.
"feeling sneezing, cough, mild fever, congestion, sore throat",Common Cold,A common viral infection of the nose and throat.,"Rest, drink plenty of fluids, wash hands often.","Paracetamol, Ibuprofen, Decongestants, Cough syrup.",Consult if symptoms last more than a week or if you develop a high fever.
"vomiting, low-grade fever, stomach cramps",Gastroenteritis (Stomach Flu),"An intestinal infection marked by diarrhea, cramps, nausea, vomiting, and fever.","Stay hydrated, eat bland foods, wash hands thoroughly.","Oral rehydration salts (ORS), Loperamide (if advised).","Consult if you cannot keep liquids down for 24 hours, or if there is blood in stool."
"feeling chest tightness, shortness of breath, rapid breathing",Asthma,A condition in which your airways narrow and swell and may produce extra mucus.,"Avoid triggers (smoke, strong odors), carry an inhaler always.","Bronchodilators (Albuterol inhaler), Inhaled corticosteroids.",Immediate emergency care required for severe shortness of breath or if an inhaler doesn't help.
"suffering from sensitivity to light, vomiting, throbbing pain, severe headache, nausea",Migraine,"A neurological condition that can cause multiple symptoms, frequently characterized by intense, debilitating headaches.","Rest in a quiet and dark room, avoid known triggers like caffeine or stress.","Ibuprofen, Triptans (prescription), Aspirin.",Consult a neurologist if migraines are frequent and severely disrupt daily life.
"experiencing rash, loss of appetite, weakness, prolonged high fever",Typhoid,"A bacterial infection that can lead to a high fever, diarrhea, and vomiting.","Drink boiled or bottled water, avoid raw foods.","Antibiotics (prescription only), Paracetamol for fever.",Requires immediate medical consultation for a proper antibiotic course.
"i have sore throat, mild fever, sneezing, runny nose, congestion",Common Cold,A common viral infection of the nose and throat.,"Rest, drink plenty of fluids, wash hands often.","Paracetamol, Ibuprofen, Decongestants, Cough syrup.",Consult if symptoms last more than a week or if you develop a high fever.
"shortness of breath, sore throat, body aches, dry cough, loss of taste, fatigue, loss of smell",COVID-19,A highly contagious respiratory illness caused by the SARS-CoV-2 virus.,"Isolate, wear a mask, monitor oxygen levels.","Paracetamol, Vitamin C, Zinc, prescribed antivirals if severe.",Seek immediate medical attention if oxygen drops below 94% or you have difficulty breathing.
"feeling muscle aches, vomiting, low-grade fever",Gastroenteritis (Stomach Flu),"An intestinal infection marked by diarrhea, cramps, nausea, vomiting, and fever.","Stay hydrated, eat bland foods, wash hands thoroughly.","Oral rehydration salts (ORS), Loperamide (if advised).","Consult if you cannot keep liquids down for 24 hours, or if there is blood in stool."
"congestion, runny nose, sore throat, mild fever",Common Cold,A common viral infection of the nose and throat.,"Rest, drink plenty of fluids, wash hands often.","Paracetamol, Ibuprofen, Decongestants, Cough syrup.",Consult if symptoms last more than a week or if you develop a high fever.
"i have rash, joint pain, high fever, muscle pain, pain behind eyes",Dengue Fever,A mosquito-borne viral disease occurring in tropical and subtropical areas.,"Use mosquito nets, wear long sleeves, use repellents.",Paracetamol for fever. STRICTLY AVOID Aspirin or Ibuprofen.,Hospitalization may be required; consult immediately if experiencing severe abdominal pain or bleeding.
"experiencing nausea, stomach cramps, diarrhea, vomiting, low-grade fever",Gastroenteritis (Stomach Flu),"An intestinal infection marked by diarrhea, cramps, nausea, vomiting, and fever.","Stay hydrated, eat bland foods, wash hands thoroughly.","Oral rehydration salts (ORS), Loperamide (if advised).","Consult if you cannot keep liquids down for 24 hours, or if there is blood in stool."
"i have fever, weakness, abdominal cramps",Food Poisoning,Illness caused by eating contaminated food.,"Rest, stay hydrated with sips of water or clear broths.","Oral rehydration salts, Bismuth subsalicylate.","Consult a doctor if symptoms last more than a few days, or if you have a very high fever."
"suffering from shortness of breath, chest tightness",Asthma,A condition in which your airways narrow and swell and may produce extra mucus.,"Avoid triggers (smoke, strong odors), carry an inhaler always.","Bronchodilators (Albuterol inhaler), Inhaled corticosteroids.",Immediate emergency care required for severe shortness of breath or if an inhaler doesn't help.
"fatigue, rash, muscle pain, joint pain",Dengue Fever,A mosquito-borne viral disease occurring in tropical and subtropical areas.,"Use mosquito nets, wear long sleeves, use repellents.",Paracetamol for fever. STRICTLY AVOID Aspirin or Ibuprofen.,Hospitalization may be required; consult immediately if experiencing severe abdominal pain or bleeding.
"experiencing vomiting, nausea, abdominal cramps, fever",Food Poisoning,Illness caused by eating contaminated food.,"Rest, stay hydrated with sips of water or clear broths.","Oral rehydration salts, Bismuth subsalicylate.","Consult a doctor if symptoms last more than a few days, or if you have a very high fever."
"experiencing sensitivity to sound, sensitivity to light",Migraine,"A neurological condition that can cause multiple symptoms, frequently characterized by intense, debilitating headaches.","Rest in a quiet and dark room, avoid known triggers like caffeine or stress.","Ibuprofen, Triptans (prescription), Aspirin.",Consult a neurologist if migraines are frequent and severely disrupt daily life.
"i have watery eyes, nasal congestion, itchy eyes, sneezing",Allergic Rhinitis,"An allergic response causing itchy, watery eyes, sneezing, and other similar symptoms.","Avoid allergens (dust, pollen), keep indoors during high pollen seasons.","Antihistamines (Cetirizine, Loratadine), Nasal corticosteroids.",Consult an allergist if symptoms are severe and unresponsive to over-the-counter medicine.
"suffering from nausea, weakness, vomiting, abdominal cramps, diarrhea, fever",Food Poisoning,Illness caused by eating contaminated food.,"Rest, stay hydrated with sips of water or clear broths.","Oral rehydration salts, Bismuth subsalicylate.","Consult a doctor if symptoms last more than a few days, or if you have a very high fever."
"experiencing high fever, fatigue, rash, severe headache, pain behind eyes, muscle pain",Dengue Fever,A mosquito-borne viral disease occurring in tropical and subtropical areas.,"Use mosquito nets, wear long sleeves, use repellents.",Paracetamol for fever. STRICTLY AVOID Aspirin or Ibuprofen.,Hospitalization may be required; consult immediately if experiencing severe abdominal pain or bleeding.
"prolonged high fever, stomach pain, headache",Typhoid,"A bacterial infection that can lead to a high fever, diarrhea, and vomiting.","Drink boiled or bottled water, avoid raw foods.","Antibiotics (prescription only), Paracetamol for fever.",Requires immediate medical consultation for a proper antibiotic course.
"suffering from diarrhea, weakness, abdominal cramps, vomiting, fever",Food Poisoning,Illness caused by eating contaminated food.,"Rest, stay hydrated with sips of water or clear broths.","Oral rehydration salts, Bismuth subsalicylate.","Consult a doctor if symptoms last more than a few days, or if you have a very high fever."
"fever, fatigue, shortness of breath, loss of taste, body aches, dry cough, loss of smell",COVID-19,A highly contagious respiratory illness caused by the SARS-CoV-2 virus.,"Isolate, wear a mask, monitor oxygen levels.","Paracetamol, Vitamin C, Zinc, prescribed antivirals if severe.",Seek immediate medical attention if oxygen drops below 94% or you have difficulty breathing.
"experiencing sneezing, nasal congestion",Allergic Rhinitis,"An allergic response causing itchy, watery eyes, sneezing, and other similar symptoms.","Avoid allergens (dust, pollen), keep indoors during high pollen seasons.","Antihistamines (Cetirizine, Loratadine), Nasal corticosteroids.",Consult an allergist if symptoms are severe and unresponsive to over-the-counter medicine.
"i have body aches, sore throat, fever, shortness of breath, fatigue, loss of smell, loss of taste",COVID-19,A highly contagious respiratory illness caused by the SARS-CoV-2 virus.,"Isolate, wear a mask, monitor oxygen levels.","Paracetamol, Vitamin C, Zinc, prescribed antivirals if severe.",Seek immediate medical attention if oxygen drops below 94% or you have difficulty breathing.
"experiencing stomach cramps, nausea, low-grade fever, vomiting",Gastroenteritis (Stomach Flu),"An intestinal infection marked by diarrhea, cramps, nausea, vomiting, and fever.","Stay hydrated, eat bland foods, wash hands thoroughly.","Oral rehydration salts (ORS), Loperamide (if advised).","Consult if you cannot keep liquids down for 24 hours, or if there is blood in stool."
"fever, loss of taste, shortness of breath",COVID-19,A highly contagious respiratory illness caused by the SARS-CoV-2 virus.,"Isolate, wear a mask, monitor oxygen levels.","Paracetamol, Vitamin C, Zinc, prescribed antivirals if severe.",Seek immediate medical attention if oxygen drops below 94% or you have difficulty breathing.
"i have shortness of breath, sore throat, loss of taste, fever, dry cough",COVID-19,A highly contagious respiratory illness caused by the SARS-CoV-2 virus.,"Isolate, wear a mask, monitor oxygen levels.","Paracetamol, Vitamin C, Zinc, prescribed antivirals if severe.",Seek immediate medical attention if oxygen drops below 94% or you have difficulty breathing.
"suffering from weakness, headache, loss of appetite",Typhoid,"A bacterial infection that can lead to a high fever, diarrhea, and vomiting.","Drink boiled or bottled water, avoid raw foods.","Antibiotics (prescription only), Paracetamol for fever.",Requires immediate medical consultation for a proper antibiotic course.
"suffering from low-grade fever, vomiting, nausea",Gastroenteritis (Stomach Flu),"An intestinal infection marked by diarrhea, cramps, nausea, vomiting, and fever.","Stay hydrated, eat bland foods, wash hands thoroughly.","Oral rehydration salts (ORS), Loperamide (if advised).","Consult if you cannot keep liquids down for 24 hours, or if there is blood in stool."
"i have sensitivity to light, severe headache, vomiting, nausea, throbbing pain, sensitivity to sound",Migraine,"A neurological condition that can cause multiple symptoms, frequently characterized by intense, debilitating headaches.","Rest in a quiet and dark room, avoid known triggers like caffeine or stress.","Ibuprofen, Triptans (prescription), Aspirin.",Consult a neurologist if migraines are frequent and severely disrupt daily life.
"diarrhea, abdominal cramps, nausea, fever, weakness, vomiting",Food Poisoning,Illness caused by eating contaminated food.,"Rest, stay hydrated with sips of water or clear broths.","Oral rehydration salts, Bismuth subsalicylate.","Consult a doctor if symptoms last more than a few days, or if you have a very high fever."
"feeling weakness, prolonged high fever, headache",Typhoid,"A bacterial infection that can lead to a high fever, diarrhea, and vomiting.","Drink boiled or bottled water, avoid raw foods.","Antibiotics (prescription only), Paracetamol for fever.",Requires immediate medical consultation for a proper antibiotic course.
"feeling rash, headache, prolonged high fever, stomach pain",Typhoid,"A bacterial infection that can lead to a high fever, diarrhea, and vomiting.","Drink boiled or bottled water, avoid raw foods.","Antibiotics (prescription only), Paracetamol for fever.",Requires immediate medical consultation for a proper antibiotic course.
"diarrhea, vomiting, muscle aches, low-grade fever",Gastroenteritis (Stomach Flu),"An intestinal infection marked by diarrhea, cramps, nausea, vomiting, and fever.","Stay hydrated, eat bland foods, wash hands thoroughly.","Oral rehydration salts (ORS), Loperamide (if advised).","Consult if you cannot keep liquids down for 24 hours, or if there is blood in stool."
"fever, fatigue",COVID-19,A highly contagious respiratory illness caused by the SARS-CoV-2 virus.,"Isolate, wear a mask, monitor oxygen levels.","Paracetamol, Vitamin C, Zinc, prescribed antivirals if severe.",Seek immediate medical attention if oxygen drops below 94% or you have difficulty breathing.
"i have wheezing, rapid breathing, shortness of breath",Asthma,A condition in which your airways narrow and swell and may produce extra mucus.,"Avoid triggers (smoke, strong odors), carry an inhaler always.","Bronchodilators (Albuterol inhaler), Inhaled corticosteroids.",Immediate emergency care required for severe shortness of breath or if an inhaler doesn't help.
"experiencing stomach cramps, low-grade fever",Gastroenteritis (Stomach Flu),"An intestinal infection marked by diarrhea, cramps, nausea, vomiting, and fever.","Stay hydrated, eat bland foods, wash hands thoroughly.","Oral rehydration salts (ORS), Loperamide (if advised).","Consult if you cannot keep liquids down for 24 hours, or if there is blood in stool."
"feeling stomach cramps, diarrhea, vomiting, low-grade fever",Gastroenteritis (Stomach Flu),"An intestinal infection marked by diarrhea, cramps, nausea, vomiting, and fever.","Stay hydrated, eat bland foods, wash hands thoroughly.","Oral rehydration salts (ORS), Loperamide (if advised).","Consult if you cannot keep liquids down for 24 hours, or if there is blood in stool."
"feeling loss of smell, loss of taste",COVID-19,A highly contagious respiratory illness caused by the SARS-CoV-2 virus.,"Isolate, wear a mask, monitor oxygen levels.","Paracetamol, Vitamin C, Zinc, prescribed antivirals if severe.",Seek immediate medical attention if oxygen drops below 94% or you have difficulty breathing.
"experiencing sensitivity to sound, throbbing pain, nausea",Migraine,"A neurological condition that can cause multiple symptoms, frequently characterized by intense, debilitating headaches.","Rest in a quiet and dark room, avoid known triggers like caffeine or stress.","Ibuprofen, Triptans (prescription), Aspirin.",Consult a neurologist if migraines are frequent and severely disrupt daily life.
"experiencing diarrhea, muscle aches, nausea, stomach cramps, low-grade fever",Gastroenteritis (Stomach Flu),"An intestinal infection marked by diarrhea, cramps, nausea, vomiting, and fever.","Stay hydrated, eat bland foods, wash hands thoroughly.","Oral rehydration salts (ORS), Loperamide (if advised).","Consult if you cannot keep liquids down for 24 hours, or if there is blood in stool."
"suffering from sneezing, itchy eyes",Allergic Rhinitis,"An allergic response causing itchy, watery eyes, sneezing, and other similar symptoms.","Avoid allergens (dust, pollen), keep indoors during high pollen seasons.","Antihistamines (Cetirizine, Loratadine), Nasal corticosteroids.",Consult an allergist if symptoms are severe and unresponsive to over-the-counter medicine.
"rash, high fever, muscle pain, fatigue, pain behind eyes, joint pain",Dengue Fever,A mosquito-borne viral disease occurring in tropical and subtropical areas.,"Use mosquito nets, wear long sleeves, use repellents.",Paracetamol for fever. STRICTLY AVOID Aspirin or Ibuprofen.,Hospitalization may be required; consult immediately if experiencing severe abdominal pain or bleeding.
"experiencing loss of appetite, headache, weakness, stomach pain, prolonged high fever",Typhoid,"A bacterial infection that can lead to a high fever, diarrhea, and vomiting.","Drink boiled or bottled water, avoid raw foods.","Antibiotics (prescription only), Paracetamol for fever.",Requires immediate medical consultation for a proper antibiotic course.
"feeling sore throat, fever, fatigue, body aches, dry cough",COVID-19,A highly contagious respiratory illness caused by the SARS-CoV-2 virus.,"Isolate, wear a mask, monitor oxygen levels.","Paracetamol, Vitamin C, Zinc, prescribed antivirals if severe.",Seek immediate medical attention if oxygen drops below 94% or you have difficulty breathing.
"feeling low-grade fever, muscle aches, vomiting, diarrhea, nausea",Gastroenteritis (Stomach Flu),"An intestinal infection marked by diarrhea, cramps, nausea, vomiting, and fever.","Stay hydrated, eat bland foods, wash hands thoroughly.","Oral rehydration salts (ORS), Loperamide (if advised).","Consult if you cannot keep liquids down for 24 hours, or if there is blood in stool."
"low-grade fever, diarrhea, nausea",Gastroenteritis (Stomach Flu),"An intestinal infection marked by diarrhea, cramps, nausea, vomiting, and fever.","Stay hydrated, eat bland foods, wash hands thoroughly.","Oral rehydration salts (ORS), Loperamide (if advised).","Consult if you cannot keep liquids down for 24 hours, or if there is blood in stool."
"experiencing sneezing, runny nose, watery eyes, itchy eyes",Allergic Rhinitis,"An allergic response causing itchy, watery eyes, sneezing, and other similar symptoms.","Avoid allergens (dust, pollen), keep indoors during high pollen seasons.","Antihistamines (Cetirizine, Loratadine), Nasal corticosteroids.",Consult an allergist if symptoms are severe and unresponsive to over-the-counter medicine.
"feeling pain behind eyes, joint pain, fatigue",Dengue Fever,A mosquito-borne viral disease occurring in tropical and subtropical areas.,"Use mosquito nets, wear long sleeves, use repellents.",Paracetamol for fever. STRICTLY AVOID Aspirin or Ibuprofen.,Hospitalization may be required; consult immediately if experiencing severe abdominal pain or bleeding.
"i have chest tightness, coughing episodes, rapid breathing",Asthma,A condition in which your airways narrow and swell and may produce extra mucus.,"Avoid triggers (smoke, strong odors), carry an inhaler always.","Bronchodilators (Albuterol inhaler), Inhaled corticosteroids.",Immediate emergency care required for severe shortness of breath or if an inhaler doesn't help.
"feeling wheezing, coughing episodes, rapid breathing",Asthma,A condition in which your airways narrow and swell and may produce extra mucus.,"Avoid triggers (smoke, strong odors), carry an inhaler always.","Bronchodilators (Albuterol inhaler), Inhaled corticosteroids.",Immediate emergency care required for severe shortness of breath or if an inhaler doesn't help.
"i have severe headache, pain behind eyes, high fever, fatigue, muscle pain, rash",Dengue Fever,A mosquito-borne viral disease occurring in tropical and subtropical areas.,"Use mosquito nets, wear long sleeves, use repellents.",Paracetamol for fever. STRICTLY AVOID Aspirin or Ibuprofen.,Hospitalization may be required; consult immediately if experiencing severe abdominal pain or bleeding.
"feeling nausea, vomiting, severe headache, sensitivity to sound, throbbing pain, sensitivity to light",Migraine,"A neurological condition that can cause multiple symptoms, frequently characterized by intense, debilitating headaches.","Rest in a quiet and dark room, avoid known triggers like caffeine or stress.","Ibuprofen, Triptans (prescription), Aspirin.",Consult a neurologist if migraines are frequent and severely disrupt daily life.
"coughing episodes, rapid breathing, chest tightness, shortness of breath, wheezing",Asthma,A condition in which your airways narrow and swell and may produce extra mucus.,"Avoid triggers (smoke, strong odors), carry an inhaler always.","Bronchodilators (Albuterol inhaler), Inhaled corticosteroids.",Immediate emergency care required for severe shortness of breath or if an inhaler doesn't help.
"mild fever, runny nose, sneezing, congestion, sore throat",Common Cold,A common viral infection of the nose and throat.,"Rest, drink plenty of fluids, wash hands often.","Paracetamol, Ibuprofen, Decongestants, Cough syrup.",Consult if symptoms last more than a week or if you develop a high fever.
"feeling fatigue, muscle pain, joint pain, pain behind eyes, high fever",Dengue Fever,A mosquito-borne viral disease occurring in tropical and subtropical areas.,"Use mosquito nets, wear long sleeves, use repellents.",Paracetamol for fever. STRICTLY AVOID Aspirin or Ibuprofen.,Hospitalization may be required; consult immediately if experiencing severe abdominal pain or bleeding.
"feeling joint pain, fatigue, muscle pain",Dengue Fever,A mosquito-borne viral disease occurring in tropical and subtropical areas.,"Use mosquito nets, wear long sleeves, use repellents.",Paracetamol for fever. STRICTLY AVOID Aspirin or Ibuprofen.,Hospitalization may be required; consult immediately if experiencing severe abdominal pain or bleeding.
"suffering from itchy eyes, sneezing, watery eyes, nasal congestion",Allergic Rhinitis,"An allergic response causing itchy, watery eyes, sneezing, and other similar symptoms.","Avoid allergens (dust, pollen), keep indoors during high pollen seasons.","Antihistamines (Cetirizine, Loratadine), Nasal corticosteroids.",Consult an allergist if symptoms are severe and unresponsive to over-the-counter medicine.
"suffering from shortness of breath, fever, fatigue, loss of smell, sore throat",COVID-19,A highly contagious respiratory illness caused by the SARS-CoV-2 virus.,"Isolate, wear a mask, monitor oxygen levels.","Paracetamol, Vitamin C, Zinc, prescribed antivirals if severe.",Seek immediate medical attention if oxygen drops below 94% or you have difficulty breathing.
"suffering from sore throat, sneezing",Common Cold,A common viral infection of the nose and throat.,"Rest, drink plenty of fluids, wash hands often.","Paracetamol, Ibuprofen, Decongestants, Cough syrup.",Consult if symptoms last more than a week or if you develop a high fever.
"feeling sneezing, nasal congestion, runny nose, watery eyes",Allergic Rhinitis,"An allergic response causing itchy, watery eyes, sneezing, and other similar symptoms.","Avoid allergens (dust, pollen), keep indoors during high pollen seasons.","Antihistamines (Cetirizine, Loratadine), Nasal corticosteroids.",Consult an allergist if symptoms are severe and unresponsive to over-the-counter medicine.
"i have itchy throat, runny nose",Allergic Rhinitis,"An allergic response causing itchy, watery eyes, sneezing, and other similar symptoms.","Avoid allergens (dust, pollen), keep indoors during high pollen seasons.","Antihistamines (Cetirizine, Loratadine), Nasal corticosteroids.",Consult an allergist if symptoms are severe and unresponsive to over-the-counter medicine.
"i have shortness of breath, coughing episodes, rapid breathing",Asthma,A condition in which your airways narrow and swell and may produce extra mucus.,"Avoid triggers (smoke, strong odors), carry an inhaler always.","Bronchodilators (Albuterol inhaler), Inhaled corticosteroids.",Immediate emergency care required for severe shortness of breath or if an inhaler doesn't help.
"i have wheezing, chest tightness",Asthma,A condition in which your airways narrow and swell and may produce extra mucus.,"Avoid triggers (smoke, strong odors), carry an inhaler always.","Bronchodilators (Albuterol inhaler), Inhaled corticosteroids.",Immediate emergency care required for severe shortness of breath or if an inhaler doesn't help.
"suffering from chills, headache, high fever, fatigue",Influenza (Flu),A viral infection that attacks your respiratory system.,"Strict bed rest, isolate yourself, stay hydrated.","Oseltamivir (if prescribed early), Paracetamol for fever.",Consult a doctor immediately if you experience shortness of breath or persistent chest pain.
"i have watery eyes, itchy throat, runny nose, sneezing",Allergic Rhinitis,"An allergic response causing itchy, watery eyes, sneezing, and other similar symptoms.","Avoid allergens (dust, pollen), keep indoors during high pollen seasons.","Antihistamines (Cetirizine, Loratadine), Nasal corticosteroids.",Consult an allergist if symptoms are severe and unresponsive to over-the-counter medicine.
"i have shortness of breath, wheezing, rapid breathing",Asthma,A condition in which your airways narrow and swell and may produce extra mucus.,"Avoid triggers (smoke, strong odors), carry an inhaler always.","Bronchodilators (Albuterol inhaler), Inhaled corticosteroids.",Immediate emergency care required for severe shortness of breath or if an inhaler doesn't help.
"diarrhea, low-grade fever, nausea, stomach cramps, muscle aches",Gastroenteritis (Stomach Flu),"An intestinal infection marked by diarrhea, cramps, nausea, vomiting, and fever.","Stay hydrated, eat bland foods, wash hands thoroughly.","Oral rehydration salts (ORS), Loperamide (if advised).","Consult if you cannot keep liquids down for 24 hours, or if there is blood in stool."
"feeling nausea, low-grade fever, stomach cramps, diarrhea, muscle aches",Gastroenteritis (Stomach Flu),"An intestinal infection marked by diarrhea, cramps, nausea, vomiting, and fever.","Stay hydrated, eat bland foods, wash hands thoroughly.","Oral rehydration salts (ORS), Loperamide (if advised).","Consult if you cannot keep liquids down for 24 hours, or if there is blood in stool."
"suffering from body aches, loss of taste, dry cough, sore throat, shortness of breath",COVID-19,A highly contagious respiratory illness caused by the SARS-CoV-2 virus.,"Isolate, wear a mask, monitor oxygen levels.","Paracetamol, Vitamin C, Zinc, prescribed antivirals if severe.",Seek immediate medical attention if oxygen drops below 94% or you have difficulty breathing.
"i have itchy eyes, itchy throat, watery eyes, nasal congestion",Allergic Rhinitis,"An allergic response causing itchy, watery eyes, sneezing, and other similar symptoms.","Avoid allergens (dust, pollen), keep indoors during high pollen seasons.","Antihistamines (Cetirizine, Loratadine), Nasal corticosteroids.",Consult an allergist if symptoms are severe and unresponsive to over-the-counter medicine.
"low-grade fever, vomiting, stomach cramps",Gastroenteritis (Stomach Flu),"An intestinal infection marked by diarrhea, cramps, nausea, vomiting, and fever.","Stay hydrated, eat bland foods, wash hands thoroughly.","Oral rehydration salts (ORS), Loperamide (if advised).","Consult if you cannot keep liquids down for 24 hours, or if there is blood in stool."
"muscle aches, stomach cramps, diarrhea, low-grade fever",Gastroenteritis (Stomach Flu),"An intestinal infection marked by diarrhea, cramps, nausea, vomiting, and fever.","Stay hydrated, eat bland foods, wash hands thoroughly.","Oral rehydration salts (ORS), Loperamide (if advised).","Consult if you cannot keep liquids down for 24 hours, or if there is blood in stool."
"experiencing congestion, cough, mild fever, sore throat, sneezing",Common Cold,A common viral infection of the nose and throat.,"Rest, drink plenty of fluids, wash hands often.","Paracetamol, Ibuprofen, Decongestants, Cough syrup.",Consult if symptoms last more than a week or if you develop a high fever.
"sore throat, loss of taste, dry cough, fatigue",COVID-19,A highly contagious respiratory illness caused by the SARS-CoV-2 virus.,"Isolate, wear a mask, monitor oxygen levels.","Paracetamol, Vitamin C, Zinc, prescribed antivirals if severe.",Seek immediate medical attention if oxygen drops below 94% or you have difficulty breathing.
"experiencing muscle aches, nausea, diarrhea, low-grade fever, vomiting",Gastroenteritis (Stomach Flu),"An intestinal infection marked by diarrhea, cramps, nausea, vomiting, and fever.","Stay hydrated, eat bland foods, wash hands thoroughly.","Oral rehydration salts (ORS), Loperamide (if advised).","Consult if you cannot keep liquids down for 24 hours, or if there is blood in stool."
"experiencing chest tightness, shortness of breath",Asthma,A condition in which your airways narrow and swell and may produce extra mucus.,"Avoid triggers (smoke, strong odors), carry an inhaler always.","Bronchodilators (Albuterol inhaler), Inhaled corticosteroids.",Immediate emergency care required for severe shortness of breath or if an inhaler doesn't help.
"suffering from itchy throat, nasal congestion, itchy eyes, sneezing, watery eyes, runny nose",Allergic Rhinitis,"An allergic response causing itchy, watery eyes, sneezing, and other similar symptoms.","Avoid allergens (dust, pollen), keep indoors during high pollen seasons.","Antihistamines (Cetirizine, Loratadine), Nasal corticosteroids.",Consult an allergist if symptoms are severe and unresponsive to over-the-counter medicine.
"feeling pain behind eyes, high fever",Dengue Fever,A mosquito-borne viral disease occurring in tropical and subtropical areas.,"Use mosquito nets, wear long sleeves, use repellents.",Paracetamol for fever. STRICTLY AVOID Aspirin or Ibuprofen.,Hospitalization may be required; consult immediately if experiencing severe abdominal pain or bleeding.
"vomiting, stomach cramps",Gastroenteritis (Stomach Flu),"An intestinal infection marked by diarrhea, cramps, nausea, vomiting, and fever.","Stay hydrated, eat bland foods, wash hands thoroughly.","Oral rehydration salts (ORS), Loperamide (if advised).","Consult if you cannot keep liquids down for 24 hours, or if there is blood in stool."
"suffering from stomach pain, prolonged high fever",Typhoid,"A bacterial infection that can lead to a high fever, diarrhea, and vomiting.","Drink boiled or bottled water, avoid raw foods.","Antibiotics (prescription only), Paracetamol for fever.",Requires immediate medical consultation for a proper antibiotic course.
"i have pain behind eyes, muscle pain, joint pain, rash",Dengue Fever,A mosquito-borne viral disease occurring in tropical and subtropical areas.,"Use mosquito nets, wear long sleeves, use repellents.",Paracetamol for fever. STRICTLY AVOID Aspirin or Ibuprofen.,Hospitalization may be required; consult immediately if experiencing severe abdominal pain or bleeding.
"experiencing loss of appetite, prolonged high fever, rash, headache, stomach pain, weakness",Typhoid,"A bacterial infection that can lead to a high fever, diarrhea, and vomiting.","Drink boiled or bottled water, avoid raw foods.","Antibiotics (prescription only), Paracetamol for fever.",Requires immediate medical consultation for a proper antibiotic course.
"suffering from sensitivity to light, severe headache, sensitivity to sound, vomiting, throbbing pain",Migraine,"A neurological condition that can cause multiple symptoms, frequently characterized by intense, debilitating headaches.","Rest in a quiet and dark room, avoid known triggers like caffeine or stress.","Ibuprofen, Triptans (prescription), Aspirin.",Consult a neurologist if migraines are frequent and severely disrupt daily life.
"experiencing diarrhea, weakness, fever, vomiting",Food Poisoning,Illness caused by eating contaminated food.,"Rest, stay hydrated with sips of water or clear broths.","Oral rehydration salts, Bismuth subsalicylate.","Consult a doctor if symptoms last more than a few days, or if you have a very high fever."
"feeling rash, loss of appetite",Typhoid,"A bacterial infection that can lead to a high fever, diarrhea, and vomiting.","Drink boiled or bottled water, avoid raw foods.","Antibiotics (prescription only), Paracetamol for fever.",Requires immediate medical consultation for a proper antibiotic course.
"experiencing sensitivity to sound, sensitivity to light, severe headache, vomiting",Migraine,"A neurological condition that can cause multiple symptoms, frequently characterized by intense, debilitating headaches.","Rest in a quiet and dark room, avoid known triggers like caffeine or stress.","Ibuprofen, Triptans (prescription), Aspirin.",Consult a neurologist if migraines are frequent and severely disrupt daily life.
"feeling body aches, shortness of breath, loss of smell",COVID-19,A highly contagious respiratory illness caused by the SARS-CoV-2 virus.,"Isolate, wear a mask, monitor oxygen levels.","Paracetamol, Vitamin C, Zinc, prescribed antivirals if severe.",Seek immediate medical attention if oxygen drops below 94% or you have difficulty breathing.
"feeling high fever, fatigue",Dengue Fever,A mosquito-borne viral disease occurring in tropical and subtropical areas.,"Use mosquito nets, wear long sleeves, use repellents.",Paracetamol for fever. STRICTLY AVOID Aspirin or Ibuprofen.,Hospitalization may be required; consult immediately if experiencing severe abdominal pain or bleeding.
"i have headache, chills",Influenza (Flu),A viral infection that attacks your respiratory system.,"Strict bed rest, isolate yourself, stay hydrated.","Oseltamivir (if prescribed early), Paracetamol for fever.",Consult a doctor immediately if you experience shortness of breath or persistent chest pain.
"experiencing mild fever, sore throat, sneezing, runny nose",Common Cold,A common viral infection of the nose and throat.,"Rest, drink plenty of fluids, wash hands often.","Paracetamol, Ibuprofen, Decongestants, Cough syrup.",Consult if symptoms last more than a week or if you develop a high fever.
"nausea, fever",Food Poisoning,Illness caused by eating contaminated food.,"Rest, stay hydrated with sips of water or clear broths.","Oral rehydration salts, Bismuth subsalicylate.","Consult a doctor if symptoms last more than a few days, or if you have a very high fever."
"suffering from fatigue, muscle aches, chills",Influenza (Flu),A viral infection that attacks your respiratory system.,"Strict bed rest, isolate yourself, stay hydrated.","Oseltamivir (if prescribed early), Paracetamol for fever.",Consult a doctor immediately if you experience shortness of breath or persistent chest pain.
"vomiting, fever",Food Poisoning,Illness caused by eating contaminated food.,"Rest, stay hydrated with sips of water or clear broths.","Oral rehydration salts, Bismuth subsalicylate.","Consult a doctor if symptoms last more than a few days, or if you have a very high fever."
"stomach cramps, low-grade fever",Gastroenteritis (Stomach Flu),"An intestinal infection marked by diarrhea, cramps, nausea, vomiting, and fever.","Stay hydrated, eat bland foods, wash hands thoroughly.","Oral rehydration salts (ORS), Loperamide (if advised).","Consult if you cannot keep liquids down for 24 hours, or if there is blood in stool."
"feeling muscle aches, diarrhea",Gastroenteritis (Stomach Flu),"An intestinal infection marked by diarrhea, cramps, nausea, vomiting, and fever.","Stay hydrated, eat bland foods, wash hands thoroughly.","Oral rehydration salts (ORS), Loperamide (if advised).","Consult if you cannot keep liquids down for 24 hours, or if there is blood in stool."
"suffering from abdominal cramps, diarrhea, weakness",Food Poisoning,Illness caused by eating contaminated food.,"Rest, stay hydrated with sips of water or clear broths.","Oral rehydration salts, Bismuth subsalicylate.","Consult a doctor if symptoms last more than a few days, or if you have a very high fever."
"suffering from runny nose, itchy throat, sneezing",Allergic Rhinitis,"An allergic response causing itchy, watery eyes, sneezing, and other similar symptoms.","Avoid allergens (dust, pollen), keep indoors during high pollen seasons.","Antihistamines (Cetirizine, Loratadine), Nasal corticosteroids.",Consult an allergist if symptoms are severe and unresponsive to over-the-counter medicine.
"rash, joint pain, severe headache",Dengue Fever,A mosquito-borne viral disease occurring in tropical and subtropical areas.,"Use mosquito nets, wear long sleeves, use repellents.",Paracetamol for fever. STRICTLY AVOID Aspirin or Ibuprofen.,Hospitalization may be required; consult immediately if experiencing severe abdominal pain or bleeding.
"experiencing cough, sneezing",Common Cold,A common viral infection of the nose and throat.,"Rest, drink plenty of fluids, wash hands often.","Paracetamol, Ibuprofen, Decongestants, Cough syrup.",Consult if symptoms last more than a week or if you develop a high fever.
"prolonged high fever, headache, stomach pain, weakness, rash",Typhoid,"A bacterial infection that can lead to a high fever, diarrhea, and vomiting.","Drink boiled or bottled water, avoid raw foods.","Antibiotics (prescription only), Paracetamol for fever.",Requires immediate medical consultation for a proper antibiotic course.
"suffering from nausea, stomach cramps, low-grade fever, vomiting, muscle aches",Gastroenteritis (Stomach Flu),"An intestinal infection marked by diarrhea, cramps, nausea, vomiting, and fever.","Stay hydrated, eat bland foods, wash hands thoroughly.","Oral rehydration salts (ORS), Loperamide (if advised).","Consult if you cannot keep liquids down for 24 hours, or if there is blood in stool."
"feeling diarrhea, fever, weakness, vomiting, abdominal cramps",Food Poisoning,Illness caused by eating contaminated food.,"Rest, stay hydrated with sips of water or clear broths.","Oral rehydration salts, Bismuth subsalicylate.","Consult a doctor if symptoms last more than a few days, or if you have a very high fever."
"experiencing muscle aches, low-grade fever, vomiting",Gastroenteritis (Stomach Flu),"An intestinal infection marked by diarrhea, cramps, nausea, vomiting, and fever.","Stay hydrated, eat bland foods, wash hands thoroughly.","Oral rehydration salts (ORS), Loperamide (if advised).","Consult if you cannot keep liquids down for 24 hours, or if there is blood in stool."
"suffering from nasal congestion, runny nose",Allergic Rhinitis,"An allergic response causing itchy, watery eyes, sneezing, and other similar symptoms.","Avoid allergens (dust, pollen), keep indoors during high pollen seasons.","Antihistamines (Cetirizine, Loratadine), Nasal corticosteroids.",Consult an allergist if symptoms are severe and unresponsive to over-the-counter medicine.
"experiencing coughing episodes, rapid breathing",Asthma,A condition in which your airways narrow and swell and may produce extra mucus.,"Avoid triggers (smoke, strong odors), carry an inhaler always.","Bronchodilators (Albuterol inhaler), Inhaled corticosteroids.",Immediate emergency care required for severe shortness of breath or if an inhaler doesn't help.
"headache, chills, muscle aches, sweats, high fever",Influenza (Flu),A viral infection that attacks your respiratory system.,"Strict bed rest, isolate yourself, stay hydrated.","Oseltamivir (if prescribed early), Paracetamol for fever.",Consult a doctor immediately if you experience shortness of breath or persistent chest pain.
"feeling nausea, abdominal cramps, fever, weakness",Food Poisoning,Illness caused by eating contaminated food.,"Rest, stay hydrated with sips of water or clear broths.","Oral rehydration salts, Bismuth subsalicylate.","Consult a doctor if symptoms last more than a few days, or if you have a very high fever."
"suffering from muscle aches, dry cough, fatigue, high fever, sweats, headache, chills",Influenza (Flu),A viral infection that attacks your respiratory system.,"Strict bed rest, isolate yourself, stay hydrated.","Oseltamivir (if prescribed early), Paracetamol for fever.",Consult a doctor immediately if you experience shortness of breath or persistent chest pain.
"body aches, fever, sore throat, loss of taste, dry cough",COVID-19,A highly contagious respiratory illness caused by the SARS-CoV-2 virus.,"Isolate, wear a mask, monitor oxygen levels.","Paracetamol, Vitamin C, Zinc, prescribed antivirals if severe.",Seek immediate medical attention if oxygen drops below 94% or you have difficulty breathing.
"i have loss of taste, loss of smell, dry cough, body aches, fatigue",COVID-19,A highly contagious respiratory illness caused by the SARS-CoV-2 virus.,"Isolate, wear a mask, monitor oxygen levels.","Paracetamol, Vitamin C, Zinc, prescribed antivirals if severe.",Seek immediate medical attention if oxygen drops below 94% or you have difficulty breathing.
"experiencing stomach cramps, nausea, muscle aches, vomiting, diarrhea, low-grade fever",Gastroenteritis (Stomach Flu),"An intestinal infection marked by diarrhea, cramps, nausea, vomiting, and fever.","Stay hydrated, eat bland foods, wash hands thoroughly.","Oral rehydration salts (ORS), Loperamide (if advised).","Consult if you cannot keep liquids down for 24 hours, or if there is blood in stool."
"suffering from sweats, headache, chills, dry cough, muscle aches",Influenza (Flu),A viral infection that attacks your respiratory system.,"Strict bed rest, isolate yourself, stay hydrated.","Oseltamivir (if prescribed early), Paracetamol for fever.",Consult a doctor immediately if you experience shortness of breath or persistent chest pain.
"experiencing itchy eyes, runny nose, watery eyes, itchy throat, nasal congestion, sneezing",Allergic Rhinitis,"An allergic response causing itchy, watery eyes, sneezing, and other similar symptoms.","Avoid allergens (dust, pollen), keep indoors during high pollen seasons.","Antihistamines (Cetirizine, Loratadine), Nasal corticosteroids.",Consult an allergist if symptoms are severe and unresponsive to over-the-counter medicine.
"suffering from body aches, loss of smell, sore throat",COVID-19,A highly contagious respiratory illness caused by the SARS-CoV-2 virus.,"Isolate, wear a mask, monitor oxygen levels.","Paracetamol, Vitamin C, Zinc, prescribed antivirals if severe.",Seek immediate medical attention if oxygen drops below 94% or you have difficulty breathing.
"suffering from runny nose, mild fever, congestion, cough, sore throat, sneezing",Common Cold,A common viral infection of the nose and throat.,"Rest, drink plenty of fluids, wash hands often.","Paracetamol, Ibuprofen, Decongestants, Cough syrup.",Consult if symptoms last more than a week or if you develop a high fever.
"congestion, sore throat, runny nose, sneezing, mild fever, cough",Common Cold,A common viral infection of the nose and throat.,"Rest, drink plenty of fluids, wash hands often.","Paracetamol, Ibuprofen, Decongestants, Cough syrup.",Consult if symptoms last more than a week or if you develop a high fever.
"throbbing pain, sensitivity to sound, vomiting, sensitivity to light",Migraine,"A neurological condition that can cause multiple symptoms, frequently characterized by intense, debilitating headaches.","Rest in a quiet and dark room, avoid known triggers like caffeine or stress.","Ibuprofen, Triptans (prescription), Aspirin.",Consult a neurologist if migraines are frequent and severely disrupt daily life.
"suffering from loss of taste, sore throat, body aches, loss of smell, dry cough",COVID-19,A highly contagious respiratory illness caused by the SARS-CoV-2 virus.,"Isolate, wear a mask, monitor oxygen levels.","Paracetamol, Vitamin C, Zinc, prescribed antivirals if severe.",Seek immediate medical attention if oxygen drops below 94% or you have difficulty breathing.
"feeling fever, nausea, vomiting, abdominal cramps, diarrhea",Food Poisoning,Illness caused by eating contaminated food.,"Rest, stay hydrated with sips of water or clear broths.","Oral rehydration salts, Bismuth subsalicylate.","Consult a doctor if symptoms last more than a few days, or if you have a very high fever."
"experiencing diarrhea, vomiting, weakness, abdominal cramps",Food Poisoning,Illness caused by eating contaminated food.,"Rest, stay hydrated with sips of water or clear broths.","Oral rehydration salts, Bismuth subsalicylate.","Consult a doctor if symptoms last more than a few days, or if you have a very high fever."
"experiencing stomach cramps, low-grade fever, muscle aches, nausea, diarrhea",Gastroenteritis (Stomach Flu),"An intestinal infection marked by diarrhea, cramps, nausea, vomiting, and fever.","Stay hydrated, eat bland foods, wash hands thoroughly.","Oral rehydration salts (ORS), Loperamide (if advised).","Consult if you cannot keep liquids down for 24 hours, or if there is blood in stool."
"experiencing sensitivity to sound, sensitivity to light, vomiting, severe headache, nausea, throbbing pain",Migraine,"A neurological condition that can cause multiple symptoms, frequently characterized by intense, debilitating headaches.","Rest in a quiet and dark room, avoid known triggers like caffeine or stress.","Ibuprofen, Triptans (prescription), Aspirin.",Consult a neurologist if migraines are frequent and severely disrupt daily life.
"i have runny nose, mild fever, sore throat, cough, congestion, sneezing",Common Cold,A common viral infection of the nose and throat.,"Rest, drink plenty of fluids, wash hands often.","Paracetamol, Ibuprofen, Decongestants, Cough syrup.",Consult if symptoms last more than a week or if you develop a high fever.
"experiencing joint pain, rash, fatigue, severe headache, pain behind eyes, high fever, muscle pain",Dengue Fever,A mosquito-borne viral disease occurring in tropical and subtropical areas.,"Use mosquito nets, wear long sleeves, use repellents.",Paracetamol for fever. STRICTLY AVOID Aspirin or Ibuprofen.,Hospitalization may be required; consult immediately if experiencing severe abdominal pain or bleeding.
"suffering from vomiting, sensitivity to light, throbbing pain, nausea, sensitivity to sound",Migraine,"A neurological condition that can cause multiple symptoms, frequently characterized by intense, debilitating headaches.","Rest in a quiet and dark room, avoid known triggers like caffeine or stress.","Ibuprofen, Triptans (prescription), Aspirin.",Consult a neurologist if migraines are frequent and severely disrupt daily life.
"feeling runny nose, itchy throat, nasal congestion, itchy eyes",Allergic Rhinitis,"An allergic response causing itchy, watery eyes, sneezing, and other similar symptoms.","Avoid allergens (dust, pollen), keep indoors during high pollen seasons.","Antihistamines (Cetirizine, Loratadine), Nasal corticosteroids.",Consult an allergist if symptoms are severe and unresponsive to over-the-counter medicine.
"experiencing rash, prolonged high fever, weakness",Typhoid,"A bacterial infection that can lead to a high fever, diarrhea, and vomiting.","Drink boiled or bottled water, avoid raw foods.","Antibiotics (prescription only), Paracetamol for fever.",Requires immediate medical consultation for a proper antibiotic course.
"experiencing sensitivity to light, nausea, severe headache, sensitivity to sound, vomiting",Migraine,"A neurological condition that can cause multiple symptoms, frequently characterized by intense, debilitating headaches.","Rest in a quiet and dark room, avoid known triggers like caffeine or stress.","Ibuprofen, Triptans (prescription), Aspirin.",Consult a neurologist if migraines are frequent and severely disrupt daily life.
"experiencing pain behind eyes, high fever",Dengue Fever,A mosquito-borne viral disease occurring in tropical and subtropical areas.,"Use mosquito nets, wear long sleeves, use repellents.",Paracetamol for fever. STRICTLY AVOID Aspirin or Ibuprofen.,Hospitalization may be required; consult immediately if experiencing severe abdominal pain or bleeding.
"i have fatigue, muscle aches, headache, chills",Influenza (Flu),A viral infection that attacks your respiratory system.,"Strict bed rest, isolate yourself, stay hydrated.","Oseltamivir (if prescribed early), Paracetamol for fever.",Consult a doctor immediately if you experience shortness of breath or persistent chest pain.
"i have chest tightness, wheezing, coughing episodes, shortness of breath, rapid breathing",Asthma,A condition in which your airways narrow and swell and may produce extra mucus.,"Avoid triggers (smoke, strong odors), carry an inhaler always.","Bronchodilators (Albuterol inhaler), Inhaled corticosteroids.",Immediate emergency care required for severe shortness of breath or if an inhaler doesn't help.
"i have body aches, shortness of breath, fever, fatigue, sore throat, loss of taste, loss of smell",COVID-19,A highly contagious respiratory illness caused by the SARS-CoV-2 virus.,"Isolate, wear a mask, monitor oxygen levels.","Paracetamol, Vitamin C, Zinc, prescribed antivirals if severe.",Seek immediate medical attention if oxygen drops below 94% or you have difficulty breathing.
"suffering from diarrhea, nausea, stomach cramps, muscle aches, low-grade fever, vomiting",Gastroenteritis (Stomach Flu),"An intestinal infection marked by diarrhea, cramps, nausea, vomiting, and fever.","Stay hydrated, eat bland foods, wash hands thoroughly.","Oral rehydration salts (ORS), Loperamide (if advised).","Consult if you cannot keep liquids down for 24 hours, or if there is blood in stool."
"experiencing dry cough, shortness of breath, loss of smell, body aches, loss of taste",COVID-19,A highly contagious respiratory illness caused by the SARS-CoV-2 virus.,"Isolate, wear a mask, monitor oxygen levels.","Paracetamol, Vitamin C, Zinc, prescribed antivirals if severe.",Seek immediate medical attention if oxygen drops below 94% or you have difficulty breathing.
"watery eyes, runny nose, itchy throat",Allergic Rhinitis,"An allergic response causing itchy, watery eyes, sneezing, and other similar symptoms.","Avoid allergens (dust, pollen), keep indoors during high pollen seasons.","Antihistamines (Cetirizine, Loratadine), Nasal corticosteroids.",Consult an allergist if symptoms are severe and unresponsive to over-the-counter medicine.
"i have sensitivity to sound, sensitivity to light, throbbing pain",Migraine,"A neurological condition that can cause multiple symptoms, frequently characterized by intense, debilitating headaches.","Rest in a quiet and dark room, avoid known triggers like caffeine or stress.","Ibuprofen, Triptans (prescription), Aspirin.",Consult a neurologist if migraines are frequent and severely disrupt daily life.
"experiencing rash, weakness, prolonged high fever",Typhoid,"A bacterial infection that can lead to a high fever, diarrhea, and vomiting.","Drink boiled or bottled water, avoid raw foods.","Antibiotics (prescription only), Paracetamol for fever.",Requires immediate medical consultation for a proper antibiotic course.
"i have chest tightness, shortness of breath, coughing episodes, rapid breathing",Asthma,A condition in which your airways narrow and swell and may produce extra mucus.,"Avoid triggers (smoke, strong odors), carry an inhaler always.","Bronchodilators (Albuterol inhaler), Inhaled corticosteroids.",Immediate emergency care required for severe shortness of breath or if an inhaler doesn't help.
"suffering from coughing episodes, rapid breathing, shortness of breath, chest tightness",Asthma,A condition in which your airways narrow and swell and may produce extra mucus.,"Avoid triggers (smoke, strong odors), carry an inhaler always.","Bronchodilators (Albuterol inhaler), Inhaled corticosteroids.",Immediate emergency care required for severe shortness of breath or if an inhaler doesn't help.
"feeling muscle aches, diarrhea, vomiting",Gastroenteritis (Stomach Flu),"An intestinal infection marked by diarrhea, cramps, nausea, vomiting, and fever.","Stay hydrated, eat bland foods, wash hands thoroughly.","Oral rehydration salts (ORS), Loperamide (if advised).","Consult if you cannot keep liquids down for 24 hours, or if there is blood in stool."
"suffering from watery eyes, itchy eyes, itchy throat, nasal congestion, sneezing, runny nose",Allergic Rhinitis,"An allergic response causing itchy, watery eyes, sneezing, and other similar symptoms.","Avoid allergens (dust, pollen), keep indoors during high pollen seasons.","Antihistamines (Cetirizine, Loratadine), Nasal corticosteroids.",Consult an allergist if symptoms are severe and unresponsive to over-the-counter medicine.
"nasal congestion, itchy throat, sneezing, watery eyes, itchy eyes",Allergic Rhinitis,"An allergic response causing itchy, watery eyes, sneezing, and other similar symptoms.","Avoid allergens (dust, pollen), keep indoors during high pollen seasons.","Antihistamines (Cetirizine, Loratadine), Nasal corticosteroids.",Consult an allergist if symptoms are severe and unresponsive to over-the-counter medicine.
"cough, runny nose, sore throat",Common Cold,A common viral infection of the nose and throat.,"Rest, drink plenty of fluids, wash hands often.","Paracetamol, Ibuprofen, Decongestants, Cough syrup.",Consult if symptoms last more than a week or if you develop a high fever.
"experiencing sneezing, runny nose, mild fever",Common Cold,A common viral infection of the nose and throat.,"Rest, drink plenty of fluids, wash hands often.","Paracetamol, Ibuprofen, Decongestants, Cough syrup.",Consult if symptoms last more than a week or if you develop a high fever.
"dry cough, high fever, chills, sweats, muscle aches, headache, fatigue",Influenza (Flu),A viral infection that attacks your respiratory system.,"Strict bed rest, isolate yourself, stay hydrated.","Oseltamivir (if prescribed early), Paracetamol for fever.",Consult a doctor immediately if you experience shortness of breath or persistent chest pain.
"rash, high fever, pain behind eyes",Dengue Fever,A mosquito-borne viral disease occurring in tropical and subtropical areas.,"Use mosquito nets, wear long sleeves, use repellents.",Paracetamol for fever. STRICTLY AVOID Aspirin or Ibuprofen.,Hospitalization may be required; consult immediately if experiencing severe abdominal pain or bleeding.
"feeling rash, prolonged high fever",Typhoid,"A bacterial infection that can lead to a high fever, diarrhea, and vomiting.","Drink boiled or bottled water, avoid raw foods.","Antibiotics (prescription only), Paracetamol for fever.",Requires immediate medical consultation for a proper antibiotic course.
"sensitivity to light, nausea",Migraine,"A neurological condition that can cause multiple symptoms, frequently characterized by intense, debilitating headaches.","Rest in a quiet and dark room, avoid known triggers like caffeine or stress.","Ibuprofen, Triptans (prescription), Aspirin.",Consult a neurologist if migraines are frequent and severely disrupt daily life.
"experiencing severe headache, throbbing pain, sensitivity to light, vomiting, sensitivity to sound, nausea",Migraine,"A neurological condition that can cause multiple symptoms, frequently characterized by intense, debilitating headaches.","Rest in a quiet and dark room, avoid known triggers like caffeine or stress.","Ibuprofen, Triptans (prescription), Aspirin.",Consult a neurologist if migraines are frequent and severely disrupt daily life.
"feeling muscle pain, joint pain, pain behind eyes, severe headache, fatigue, rash, high fever",Dengue Fever,A mosquito-borne viral disease occurring in tropical and subtropical areas.,"Use mosquito nets, wear long sleeves, use repellents.",Paracetamol for fever. STRICTLY AVOID Aspirin or Ibuprofen.,Hospitalization may be required; consult immediately if experiencing severe abdominal pain or bleeding.
"muscle aches, vomiting, nausea",Gastroenteritis (Stomach Flu),"An intestinal infection marked by diarrhea, cramps, nausea, vomiting, and fever.","Stay hydrated, eat bland foods, wash hands thoroughly.","Oral rehydration salts (ORS), Loperamide (if advised).","Consult if you cannot keep liquids down for 24 hours, or if there is blood in stool."
"feeling coughing episodes, shortness of breath, wheezing, chest tightness, rapid breathing",Asthma,A condition in which your airways narrow and swell and may produce extra mucus.,"Avoid triggers (smoke, strong odors), carry an inhaler always.","Bronchodilators (Albuterol inhaler), Inhaled corticosteroids.",Immediate emergency care required for severe shortness of breath or if an inhaler doesn't help.
"feeling throbbing pain, severe headache, nausea",Migraine,"A neurological condition that can cause multiple symptoms, frequently characterized by intense, debilitating headaches.","Rest in a quiet and dark room, avoid known triggers like caffeine or stress.","Ibuprofen, Triptans (prescription), Aspirin.",Consult a neurologist if migraines are frequent and severely disrupt daily life.
"i have fatigue, body aches",COVID-19,A highly contagious respiratory illness caused by the SARS-CoV-2 virus.,"Isolate, wear a mask, monitor oxygen levels.","Paracetamol, Vitamin C, Zinc, prescribed antivirals if severe.",Seek immediate medical attention if oxygen drops below 94% or you have difficulty breathing.
"suffering from muscle pain, fatigue, pain behind eyes, joint pain, severe headache",Dengue Fever,A mosquito-borne viral disease occurring in tropical and subtropical areas.,"Use mosquito nets, wear long sleeves, use repellents.",Paracetamol for fever. STRICTLY AVOID Aspirin or Ibuprofen.,Hospitalization may be required; consult immediately if experiencing severe abdominal pain or bleeding.
"fatigue, severe headache, pain behind eyes, joint pain, muscle pain, high fever",Dengue Fever,A mosquito-borne viral disease occurring in tropical and subtropical areas.,"Use mosquito nets, wear long sleeves, use repellents.",Paracetamol for fever. STRICTLY AVOID Aspirin or Ibuprofen.,Hospitalization may be required; consult immediately if experiencing severe abdominal pain or bleeding.
"feeling runny nose, itchy eyes, watery eyes, sneezing",Allergic Rhinitis,"An allergic response causing itchy, watery eyes, sneezing, and other similar symptoms.","Avoid allergens (dust, pollen), keep indoors during high pollen seasons.","Antihistamines (Cetirizine, Loratadine), Nasal corticosteroids.",Consult an allergist if symptoms are severe and unresponsive to over-the-counter medicine.
"i have vomiting, weakness, abdominal cramps",Food Poisoning,Illness caused by eating contaminated food.,"Rest, stay hydrated with sips of water or clear broths.","Oral rehydration salts, Bismuth subsalicylate.","Consult a doctor if symptoms last more than a few days, or if you have a very high fever."
"i have diarrhea, stomach cramps, vomiting, nausea, muscle aches",Gastroenteritis (Stomach Flu),"An intestinal infection marked by diarrhea, cramps, nausea, vomiting, and fever.","Stay hydrated, eat bland foods, wash hands thoroughly.","Oral rehydration salts (ORS), Loperamide (if advised).","Consult if you cannot keep liquids down for 24 hours, or if there is blood in stool."
"sweats, muscle aches, chills, fatigue, high fever, headache",Influenza (Flu),A viral infection that attacks your respiratory system.,"Strict bed rest, isolate yourself, stay hydrated.","Oseltamivir (if prescribed early), Paracetamol for fever.",Consult a doctor immediately if you experience shortness of breath or persistent chest pain.
"feeling weakness, headache, prolonged high fever, stomach pain, loss of appetite",Typhoid,"A bacterial infection that can lead to a high fever, diarrhea, and vomiting.","Drink boiled or bottled water, avoid raw foods.","Antibiotics (prescription only), Paracetamol for fever.",Requires immediate medical consultation for a proper antibiotic course.
"suffering from headache, rash, stomach pain, prolonged high fever",Typhoid,"A bacterial infection that can lead to a high fever, diarrhea, and vomiting.","Drink boiled or bottled water, avoid raw foods.","Antibiotics (prescription only), Paracetamol for fever.",Requires immediate medical consultation for a proper antibiotic course.
"i have watery eyes, runny nose",Allergic Rhinitis,"An allergic response causing itchy, watery eyes, sneezing, and other similar symptoms.","Avoid allergens (dust, pollen), keep indoors during high pollen seasons.","Antihistamines (Cetirizine, Loratadine), Nasal corticosteroids.",Consult an allergist if symptoms are severe and unresponsive to over-the-counter medicine.
"suffering from diarrhea, low-grade fever, stomach cramps, nausea, vomiting",Gastroenteritis (Stomach Flu),"An intestinal infection marked by diarrhea, cramps, nausea, vomiting, and fever.","Stay hydrated, eat bland foods, wash hands thoroughly.","Oral rehydration salts (ORS), Loperamide (if advised).","Consult if you cannot keep liquids down for 24 hours, or if there is blood in stool."
"i have rash, high fever",Dengue Fever,A mosquito-borne viral disease occurring in tropical and subtropical areas.,"Use mosquito nets, wear long sleeves, use repellents.",Paracetamol for fever. STRICTLY AVOID Aspirin or Ibuprofen.,Hospitalization may be required; consult immediately if experiencing severe abdominal pain or bleeding.
"coughing episodes, chest tightness",Asthma,A condition in which your airways narrow and swell and may produce extra mucus.,"Avoid triggers (smoke, strong odors), carry an inhaler always.","Bronchodilators (Albuterol inhaler), Inhaled corticosteroids.",Immediate emergency care required for severe shortness of breath or if an inhaler doesn't help.
"experiencing loss of taste, sore throat, fatigue",COVID-19,A highly contagious respiratory illness caused by the SARS-CoV-2 virus.,"Isolate, wear a mask, monitor oxygen levels.","Paracetamol, Vitamin C, Zinc, prescribed antivirals if severe.",Seek immediate medical attention if oxygen drops below 94% or you have difficulty breathing.
"vomiting, sensitivity to sound, severe headache, nausea, throbbing pain",Migraine,"A neurological condition that can cause multiple symptoms, frequently characterized by intense, debilitating headaches.","Rest in a quiet and dark room, avoid known triggers like caffeine or stress.","Ibuprofen, Triptans (prescription), Aspirin.",Consult a neurologist if migraines are frequent and severely disrupt daily life.
"headache, rash",Typhoid,"A bacterial infection that can lead to a high fever, diarrhea, and vomiting.","Drink boiled or bottled water, avoid raw foods.","Antibiotics (prescription only), Paracetamol for fever.",Requires immediate medical consultation for a proper antibiotic course.
"feeling itchy throat, nasal congestion, watery eyes, sneezing, runny nose, itchy eyes",Allergic Rhinitis,"An allergic response causing itchy, watery eyes, sneezing, and other similar symptoms.","Avoid allergens (dust, pollen), keep indoors during high pollen seasons.","Antihistamines (Cetirizine, Loratadine), Nasal corticosteroids.",Consult an allergist if symptoms are severe and unresponsive to over-the-counter medicine.
"coughing episodes, wheezing, rapid breathing, shortness of breath, chest tightness",Asthma,A condition in which your airways narrow and swell and may produce extra mucus.,"Avoid triggers (smoke, strong odors), carry an inhaler always.","Bronchodilators (Albuterol inhaler), Inhaled corticosteroids.",Immediate emergency care required for severe shortness of breath or if an inhaler doesn't help.
"suffering from vomiting, stomach cramps, nausea, diarrhea, muscle aches",Gastroenteritis (Stomach Flu),"An intestinal infection marked by diarrhea, cramps, nausea, vomiting, and fever.","Stay hydrated, eat bland foods, wash hands thoroughly.","Oral rehydration salts (ORS), Loperamide (if advised).","Consult if you cannot keep liquids down for 24 hours, or if there is blood in stool."
"feeling fever, body aches, sore throat, shortness of breath, fatigue",COVID-19,A highly contagious respiratory illness caused by the SARS-CoV-2 virus.,"Isolate, wear a mask, monitor oxygen levels.","Paracetamol, Vitamin C, Zinc, prescribed antivirals if severe.",Seek immediate medical attention if oxygen drops below 94% or you have difficulty breathing.
"suffering from loss of smell, loss of taste, sore throat, body aches, fever",COVID-19,A highly contagious respiratory illness caused by the SARS-CoV-2 virus.,"Isolate, wear a mask, monitor oxygen levels.","Paracetamol, Vitamin C, Zinc, prescribed antivirals if severe.",Seek immediate medical attention if oxygen drops below 94% or you have difficulty breathing.
"rash, stomach pain, weakness, prolonged high fever",Typhoid,"A bacterial infection that can lead to a high fever, diarrhea, and vomiting.","Drink boiled or bottled water, avoid raw foods.","Antibiotics (prescription only), Paracetamol for fever.",Requires immediate medical consultation for a proper antibiotic course.
"low-grade fever, stomach cramps, vomiting, diarrhea",Gastroenteritis (Stomach Flu),"An intestinal infection marked by diarrhea, cramps, nausea, vomiting, and fever.","Stay hydrated, eat bland foods, wash hands thoroughly.","Oral rehydration salts (ORS), Loperamide (if advised).","Consult if you cannot keep liquids down for 24 hours, or if there is blood in stool."
"i have rapid breathing, chest tightness, wheezing, coughing episodes",Asthma,A condition in which your airways narrow and swell and may produce extra mucus.,"Avoid triggers (smoke, strong odors), carry an inhaler always.","Bronchodilators (Albuterol inhaler), Inhaled corticosteroids.",Immediate emergency care required for severe shortness of breath or if an inhaler doesn't help.
"chest tightness, coughing episodes, rapid breathing",Asthma,A condition in which your airways narrow and swell and may produce extra mucus.,"Avoid triggers (smoke, strong odors), carry an inhaler always.","Bronchodilators (Albuterol inhaler), Inhaled corticosteroids.",Immediate emergency care required for severe shortness of breath or if an inhaler doesn't help.
"i have vomiting, abdominal cramps, nausea, diarrhea, fever, weakness",Food Poisoning,Illness caused by eating contaminated food.,"Rest, stay hydrated with sips of water or clear broths.","Oral rehydration salts, Bismuth subsalicylate.","Consult a doctor if symptoms last more than a few days, or if you have a very high fever."
"feeling fatigue, chills, dry cough, high fever, sweats",Influenza (Flu),A viral infection that attacks your respiratory system.,"Strict bed rest, isolate yourself, stay hydrated.","Oseltamivir (if prescribed early), Paracetamol for fever.",Consult a doctor immediately if you experience shortness of breath or persistent chest pain.
"experiencing runny nose, cough, sneezing",Common Cold,A common viral infection of the nose and throat.,"Rest, drink plenty of fluids, wash hands often.","Paracetamol, Ibuprofen, Decongestants, Cough syrup.",Consult if symptoms last more than a week or if you develop a high fever.
"sensitivity to sound, sensitivity to light, vomiting, nausea, throbbing pain",Migraine,"A neurological condition that can cause multiple symptoms, frequently characterized by intense, debilitating headaches.","Rest in a quiet and dark room, avoid known triggers like caffeine or stress.","Ibuprofen, Triptans (prescription), Aspirin.",Consult a neurologist if migraines are frequent and severely disrupt daily life.
"i have wheezing, rapid breathing",Asthma,A condition in which your airways narrow and swell and may produce extra mucus.,"Avoid triggers (smoke, strong odors), carry an inhaler always.","Bronchodilators (Albuterol inhaler), Inhaled corticosteroids.",Immediate emergency care required for severe shortness of breath or if an inhaler doesn't help.
"experiencing nausea, abdominal cramps, vomiting",Food Poisoning,Illness caused by eating contaminated food.,"Rest, stay hydrated with sips of water or clear broths.","Oral rehydration salts, Bismuth subsalicylate.","Consult a doctor if symptoms last more than a few days, or if you have a very high fever."
"feeling sneezing, congestion",Common Cold,A common viral infection of the nose and throat.,"Rest, drink plenty of fluids, wash hands often.","Paracetamol, Ibuprofen, Decongestants, Cough syrup.",Consult if symptoms last more than a week or if you develop a high fever.
"suffering from sneezing, itchy throat",Allergic Rhinitis,"An allergic response causing itchy, watery eyes, sneezing, and other similar symptoms.","Avoid allergens (dust, pollen), keep indoors during high pollen seasons.","Antihistamines (Cetirizine, Loratadine), Nasal corticosteroids.",Consult an allergist if symptoms are severe and unresponsive to over-the-counter medicine.
"experiencing coughing episodes, shortness of breath",Asthma,A condition in which your airways narrow and swell and may produce extra mucus.,"Avoid triggers (smoke, strong odors), carry an inhaler always.","Bronchodilators (Albuterol inhaler), Inhaled corticosteroids.",Immediate emergency care required for severe shortness of breath or if an inhaler doesn't help.
"vomiting, nausea",Gastroenteritis (Stomach Flu),"An intestinal infection marked by diarrhea, cramps, nausea, vomiting, and fever.","Stay hydrated, eat bland foods, wash hands thoroughly.","Oral rehydration salts (ORS), Loperamide (if advised).","Consult if you cannot keep liquids down for 24 hours, or if there is blood in stool."
"experiencing weakness, rash",Typhoid,"A bacterial infection that can lead to a high fever, diarrhea, and vomiting.","Drink boiled or bottled water, avoid raw foods.","Antibiotics (prescription only), Paracetamol for fever.",Requires immediate medical consultation for a proper antibiotic course.
"muscle aches, diarrhea, low-grade fever, stomach cramps, vomiting, nausea",Gastroenteritis (Stomach Flu),"An intestinal infection marked by diarrhea, cramps, nausea, vomiting, and fever.","Stay hydrated, eat bland foods, wash hands thoroughly.","Oral rehydration salts (ORS), Loperamide (if advised).","Consult if you cannot keep liquids down for 24 hours, or if there is blood in stool."
"fever, nausea, weakness, diarrhea, abdominal cramps",Food Poisoning,Illness caused by eating contaminated food.,"Rest, stay hydrated with sips of water or clear broths.","Oral rehydration salts, Bismuth subsalicylate.","Consult a doctor if symptoms last more than a few days, or if you have a very high fever."
"feeling shortness of breath, fatigue, dry cough, loss of taste, sore throat, fever",COVID-19,A highly contagious respiratory illness caused by the SARS-CoV-2 virus.,"Isolate, wear a mask, monitor oxygen levels.","Paracetamol, Vitamin C, Zinc, prescribed antivirals if severe.",Seek immediate medical attention if oxygen drops below 94% or you have difficulty breathing.
"suffering from muscle pain, joint pain, severe headache, high fever, fatigue, rash",Dengue Fever,A mosquito-borne viral disease occurring in tropical and subtropical areas.,"Use mosquito nets, wear long sleeves, use repellents.",Paracetamol for fever. STRICTLY AVOID Aspirin or Ibuprofen.,Hospitalization may be required; consult immediately if experiencing severe abdominal pain or bleeding.
"suffering from low-grade fever, nausea, diarrhea, vomiting, stomach cramps",Gastroenteritis (Stomach Flu),"An intestinal infection marked by diarrhea, cramps, nausea, vomiting, and fever.","Stay hydrated, eat bland foods, wash hands thoroughly.","Oral rehydration salts (ORS), Loperamide (if advised).","Consult if you cannot keep liquids down for 24 hours, or if there is blood in stool."
"suffering from loss of appetite, weakness",Typhoid,"A bacterial infection that can lead to a high fever, diarrhea, and vomiting.","Drink boiled or bottled water, avoid raw foods.","Antibiotics (prescription only), Paracetamol for fever.",Requires immediate medical consultation for a proper antibiotic course.
"experiencing fever, dry cough, sore throat, shortness of breath, body aches, fatigue, loss of taste",COVID-19,A highly contagious respiratory illness caused by the SARS-CoV-2 virus.,"Isolate, wear a mask, monitor oxygen levels.","Paracetamol, Vitamin C, Zinc, prescribed antivirals if severe.",Seek immediate medical attention if oxygen drops below 94% or you have difficulty breathing.
"suffering from low-grade fever, diarrhea, nausea, vomiting, muscle aches",Gastroenteritis (Stomach Flu),"An intestinal infection marked by diarrhea, cramps, nausea, vomiting, and fever.","Stay hydrated, eat bland foods, wash hands thoroughly.","Oral rehydration salts (ORS), Loperamide (if advised).","Consult if you cannot keep liquids down for 24 hours, or if there is blood in stool."
"i have stomach pain, loss of appetite",Typhoid,"A bacterial infection that can lead to a high fever, diarrhea, and vomiting.","Drink boiled or bottled water, avoid raw foods.","Antibiotics (prescription only), Paracetamol for fever.",Requires immediate medical consultation for a proper antibiotic course.
"sneezing, itchy eyes, itchy throat, nasal congestion, watery eyes, runny nose",Allergic Rhinitis,"An allergic response causing itchy, watery eyes, sneezing, and other similar symptoms.","Avoid allergens (dust, pollen), keep indoors during high pollen seasons.","Antihistamines (Cetirizine, Loratadine), Nasal corticosteroids.",Consult an allergist if symptoms are severe and unresponsive to over-the-counter medicine.
"i have shortness of breath, rapid breathing, chest tightness, wheezing",Asthma,A condition in which your airways narrow and swell and may produce extra mucus.,"Avoid triggers (smoke, strong odors), carry an inhaler always.","Bronchodilators (Albuterol inhaler), Inhaled corticosteroids.",Immediate emergency care required for severe shortness of breath or if an inhaler doesn't help.
"suffering from chest tightness, shortness of breath, wheezing",Asthma,A condition in which your airways narrow and swell and may produce extra mucus.,"Avoid triggers (smoke, strong odors), carry an inhaler always.","Bronchodilators (Albuterol inhaler), Inhaled corticosteroids.",Immediate emergency care required for severe shortness of breath or if an inhaler doesn't help.
"suffering from fatigue, body aches, dry cough, shortness of breath, loss of taste, fever",COVID-19,A highly contagious respiratory illness caused by the SARS-CoV-2 virus.,"Isolate, wear a mask, monitor oxygen levels.","Paracetamol, Vitamin C, Zinc, prescribed antivirals if severe.",Seek immediate medical attention if oxygen drops below 94% or you have difficulty breathing.
"sore throat, runny nose",Common Cold,A common viral infection of the nose and throat.,"Rest, drink plenty of fluids, wash hands often.","Paracetamol, Ibuprofen, Decongestants, Cough syrup.",Consult if symptoms last more than a week or if you develop a high fever.
"feeling nausea, abdominal cramps, vomiting",Food Poisoning,Illness caused by eating contaminated food.,"Rest, stay hydrated with sips of water or clear broths.","Oral rehydration salts, Bismuth subsalicylate.","Consult a doctor if symptoms last more than a few days, or if you have a very high fever."
"i have fatigue, loss of taste",COVID-19,A highly contagious respiratory illness caused by the SARS-CoV-2 virus.,"Isolate, wear a mask, monitor oxygen levels.","Paracetamol, Vitamin C, Zinc, prescribed antivirals if severe.",Seek immediate medical attention if oxygen drops below 94% or you have difficulty breathing.
"suffering from nasal congestion, runny nose, watery eyes, itchy eyes, itchy throat",Allergic Rhinitis,"An allergic response causing itchy, watery eyes, sneezing, and other similar symptoms.","Avoid allergens (dust, pollen), keep indoors during high pollen seasons.","Antihistamines (Cetirizine, Loratadine), Nasal corticosteroids.",Consult an allergist if symptoms are severe and unresponsive to over-the-counter medicine.
"experiencing dry cough, headache",Influenza (Flu),A viral infection that attacks your respiratory system.,"Strict bed rest, isolate yourself, stay hydrated.","Oseltamivir (if prescribed early), Paracetamol for fever.",Consult a doctor immediately if you experience shortness of breath or persistent chest pain.
"stomach cramps, low-grade fever, diarrhea, vomiting",Gastroenteritis (Stomach Flu),"An intestinal infection marked by diarrhea, cramps, nausea, vomiting, and fever.","Stay hydrated, eat bland foods, wash hands thoroughly.","Oral rehydration salts (ORS), Loperamide (if advised).","Consult if you cannot keep liquids down for 24 hours, or if there is blood in stool."
"i have weakness, rash, loss of appetite, stomach pain, prolonged high fever",Typhoid,"A bacterial infection that can lead to a high fever, diarrhea, and vomiting.","Drink boiled or bottled water, avoid raw foods.","Antibiotics (prescription only), Paracetamol for fever.",Requires immediate medical consultation for a proper antibiotic course.
"experiencing weakness, stomach pain, prolonged high fever, headache, rash, loss of appetite",Typhoid,"A bacterial infection that can lead to a high fever, diarrhea, and vomiting.","Drink boiled or bottled water, avoid raw foods.","Antibiotics (prescription only), Paracetamol for fever.",Requires immediate medical consultation for a proper antibiotic course.
"suffering from sensitivity to sound, nausea, sensitivity to light, throbbing pain",Migraine,"A neurological condition that can cause multiple symptoms, frequently characterized by intense, debilitating headaches.","Rest in a quiet and dark room, avoid known triggers like caffeine or stress.","Ibuprofen, Triptans (prescription), Aspirin.",Consult a neurologist if migraines are frequent and severely disrupt daily life.
"feeling pain behind eyes, high fever, fatigue",Dengue Fever,A mosquito-borne viral disease occurring in tropical and subtropical areas.,"Use mosquito nets, wear long sleeves, use repellents.",Paracetamol for fever. STRICTLY AVOID Aspirin or Ibuprofen.,Hospitalization may be required; consult immediately if experiencing severe abdominal pain or bleeding.
"experiencing headache, high fever, muscle aches",Influenza (Flu),A viral infection that attacks your respiratory system.,"Strict bed rest, isolate yourself, stay hydrated.","Oseltamivir (if prescribed early), Paracetamol for fever.",Consult a doctor immediately if you experience shortness of breath or persistent chest pain.
"experiencing diarrhea, low-grade fever, stomach cramps",Gastroenteritis (Stomach Flu),"An intestinal infection marked by diarrhea, cramps, nausea, vomiting, and fever.","Stay hydrated, eat bland foods, wash hands thoroughly.","Oral rehydration salts (ORS), Loperamide (if advised).","Consult if you cannot keep liquids down for 24 hours, or if there is blood in stool."
"i have sweats, chills, fatigue, headache, dry cough",Influenza (Flu),A viral infection that attacks your respiratory system.,"Strict bed rest, isolate yourself, stay hydrated.","Oseltamivir (if prescribed early), Paracetamol for fever.",Consult a doctor immediately if you experience shortness of breath or persistent chest pain.
"experiencing dry cough, shortness of breath, body aches, loss of taste, loss of smell",COVID-19,A highly contagious respiratory illness caused by the SARS-CoV-2 virus.,"Isolate, wear a mask, monitor oxygen levels.","Paracetamol, Vitamin C, Zinc, prescribed antivirals if severe.",Seek immediate medical attention if oxygen drops below 94% or you have difficulty breathing.
"suffering from loss of appetite, weakness, stomach pain",Typhoid,"A bacterial infection that can lead to a high fever, diarrhea, and vomiting.","Drink boiled or bottled water, avoid raw foods.","Antibiotics (prescription only), Paracetamol for fever.",Requires immediate medical consultation for a proper antibiotic course.
"experiencing vomiting, sensitivity to light, severe headache, throbbing pain, sensitivity to sound, nausea",Migraine,"A neurological condition that can cause multiple symptoms, frequently characterized by intense, debilitating headaches.","Rest in a quiet and dark room, avoid known triggers like caffeine or stress.","Ibuprofen, Triptans (prescription), Aspirin.",Consult a neurologist if migraines are frequent and severely disrupt daily life.
"diarrhea, nausea, low-grade fever, stomach cramps",Gastroenteritis (Stomach Flu),"An intestinal infection marked by diarrhea, cramps, nausea, vomiting, and fever.","Stay hydrated, eat bland foods, wash hands thoroughly.","Oral rehydration salts (ORS), Loperamide (if advised).","Consult if you cannot keep liquids down for 24 hours, or if there is blood in stool."
"suffering from nausea, vomiting, diarrhea, fever, weakness",Food Poisoning,Illness caused by eating contaminated food.,"Rest, stay hydrated with sips of water or clear broths.","Oral rehydration salts, Bismuth subsalicylate.","Consult a doctor if symptoms last more than a few days, or if you have a very high fever."
"feeling loss of smell, fever, fatigue",COVID-19,A highly contagious respiratory illness caused by the SARS-CoV-2 virus.,"Isolate, wear a mask, monitor oxygen levels.","Paracetamol, Vitamin C, Zinc, prescribed antivirals if severe.",Seek immediate medical attention if oxygen drops below 94% or you have difficulty breathing.
"i have weakness, vomiting, abdominal cramps, diarrhea",Food Poisoning,Illness caused by eating contaminated food.,"Rest, stay hydrated with sips of water or clear broths.","Oral rehydration salts, Bismuth subsalicylate.","Consult a doctor if symptoms last more than a few days, or if you have a very high fever."
"feeling abdominal cramps, fever, nausea",Food Poisoning,Illness caused by eating contaminated food.,"Rest, stay hydrated with sips of water or clear broths.","Oral rehydration salts, Bismuth subsalicylate.","Consult a doctor if symptoms last more than a few days, or if you have a very high fever."
"loss of appetite, weakness, rash, headache, stomach pain, prolonged high fever",Typhoid,"A bacterial infection that can lead to a high fever, diarrhea, and vomiting.","Drink boiled or bottled water, avoid raw foods.","Antibiotics (prescription only), Paracetamol for fever.",Requires immediate medical consultation for a proper antibiotic course.
"experiencing runny nose, cough, sneezing, mild fever, sore throat",Common Cold,A common viral infection of the nose and throat.,"Rest, drink plenty of fluids, wash hands often.","Paracetamol, Ibuprofen, Decongestants, Cough syrup.",Consult if symptoms last more than a week or if you develop a high fever.
"sensitivity to light, severe headache, vomiting, sensitivity to sound, throbbing pain, nausea",Migraine,"A neurological condition that can cause multiple symptoms, frequently characterized by intense, debilitating headaches.","Rest in a quiet and dark room, avoid known triggers like caffeine or stress.","Ibuprofen, Triptans (prescription), Aspirin.",Consult a neurologist if migraines are frequent and severely disrupt daily life.
"experiencing severe headache, pain behind eyes, muscle pain, rash, joint pain",Dengue Fever,A mosquito-borne viral disease occurring in tropical and subtropical areas.,"Use mosquito nets, wear long sleeves, use repellents.",Paracetamol for fever. STRICTLY AVOID Aspirin or Ibuprofen.,Hospitalization may be required; consult immediately if experiencing severe abdominal pain or bleeding.
"suffering from dry cough, loss of taste, sore throat, loss of smell",COVID-19,A highly contagious respiratory illness caused by the SARS-CoV-2 virus.,"Isolate, wear a mask, monitor oxygen levels.","Paracetamol, Vitamin C, Zinc, prescribed antivirals if severe.",Seek immediate medical attention if oxygen drops below 94% or you have difficulty breathing.
"i have prolonged high fever, weakness, headache",Typhoid,"A bacterial infection that can lead to a high fever, diarrhea, and vomiting.","Drink boiled or bottled water, avoid raw foods.","Antibiotics (prescription only), Paracetamol for fever.",Requires immediate medical consultation for a proper antibiotic course.
"experiencing chest tightness, rapid breathing, shortness of breath, coughing episodes, wheezing",Asthma,A condition in which your airways narrow and swell and may produce extra mucus.,"Avoid triggers (smoke, strong odors), carry an inhaler always.","Bronchodilators (Albuterol inhaler), Inhaled corticosteroids.",Immediate emergency care required for severe shortness of breath or if an inhaler doesn't help.
"feeling loss of smell, shortness of breath",COVID-19,A highly contagious respiratory illness caused by the SARS-CoV-2 virus.,"Isolate, wear a mask, monitor oxygen levels.","Paracetamol, Vitamin C, Zinc, prescribed antivirals if severe.",Seek immediate medical attention if oxygen drops below 94% or you have difficulty breathing.
"itchy eyes, itchy throat, watery eyes, nasal congestion",Allergic Rhinitis,"An allergic response causing itchy, watery eyes, sneezing, and other similar symptoms.","Avoid allergens (dust, pollen), keep indoors during high pollen seasons.","Antihistamines (Cetirizine, Loratadine), Nasal corticosteroids.",Consult an allergist if symptoms are severe and unresponsive to over-the-counter medicine.
"feeling fatigue, muscle aches, dry cough, high fever, sweats",Influenza (Flu),A viral infection that attacks your respiratory system.,"Strict bed rest, isolate yourself, stay hydrated.","Oseltamivir (if prescribed early), Paracetamol for fever.",Consult a doctor immediately if you experience shortness of breath or persistent chest pain.
"mild fever, sore throat, congestion, sneezing, cough",Common Cold,A common viral infection of the nose and throat.,"Rest, drink plenty of fluids, wash hands often.","Paracetamol, Ibuprofen, Decongestants, Cough syrup.",Consult if symptoms last more than a week or if you develop a high fever.
"suffering from shortness of breath, fatigue, sore throat, dry cough, body aches",COVID-19,A highly contagious respiratory illness caused by the SARS-CoV-2 virus.,"Isolate, wear a mask, monitor oxygen levels.","Paracetamol, Vitamin C, Zinc, prescribed antivirals if severe.",Seek immediate medical attention if oxygen drops below 94% or you have difficulty breathing.
"shortness of breath, coughing episodes, rapid breathing, wheezing, chest tightness",Asthma,A condition in which your airways narrow and swell and may produce extra mucus.,"Avoid triggers (smoke, strong odors), carry an inhaler always.","Bronchodilators (Albuterol inhaler), Inhaled corticosteroids.",Immediate emergency care required for severe shortness of breath or if an inhaler doesn't help.
"feeling vomiting, fever",Food Poisoning,Illness caused by eating contaminated food.,"Rest, stay hydrated with sips of water or clear broths.","Oral rehydration salts, Bismuth subsalicylate.","Consult a doctor if symptoms last more than a few days, or if you have a very high fever."
"suffering from dry cough, sweats",Influenza (Flu),A viral infection that attacks your respiratory system.,"Strict bed rest, isolate yourself, stay hydrated.","Oseltamivir (if prescribed early), Paracetamol for fever.",Consult a doctor immediately if you experience shortness of breath or persistent chest pain.
"i have weakness, stomach pain, prolonged high fever, loss of appetite, rash, headache",Typhoid,"A bacterial infection that can lead to a high fever, diarrhea, and vomiting.","Drink boiled or bottled water, avoid raw foods.","Antibiotics (prescription only), Paracetamol for fever.",Requires immediate medical consultation for a proper antibiotic course.
"experiencing rapid breathing, wheezing, shortness of breath, coughing episodes, chest tightness",Asthma,A condition in which your airways narrow and swell and may produce extra mucus.,"Avoid triggers (smoke, strong odors), carry an inhaler always.","Bronchodilators (Albuterol inhaler), Inhaled corticosteroids.",Immediate emergency care required for severe shortness of breath or if an inhaler doesn't help.
"suffering from nausea, diarrhea, vomiting, stomach cramps, muscle aches",Gastroenteritis (Stomach Flu),"An intestinal infection marked by diarrhea, cramps, nausea, vomiting, and fever.","Stay hydrated, eat bland foods, wash hands thoroughly.","Oral rehydration salts (ORS), Loperamide (if advised).","Consult if you cannot keep liquids down for 24 hours, or if there is blood in stool."
"feeling prolonged high fever, headache, loss of appetite, weakness",Typhoid,"A bacterial infection that can lead to a high fever, diarrhea, and vomiting.","Drink boiled or bottled water, avoid raw foods.","Antibiotics (prescription only), Paracetamol for fever.",Requires immediate medical consultation for a proper antibiotic course.
"loss of smell, body aches, sore throat, dry cough, shortness of breath",COVID-19,A highly contagious respiratory illness caused by the SARS-CoV-2 virus.,"Isolate, wear a mask, monitor oxygen levels.","Paracetamol, Vitamin C, Zinc, prescribed antivirals if severe.",Seek immediate medical attention if oxygen drops below 94% or you have difficulty breathing.
"experiencing throbbing pain, severe headache, nausea, sensitivity to light, sensitivity to sound",Migraine,"A neurological condition that can cause multiple symptoms, frequently characterized by intense, debilitating headaches.","Rest in a quiet and dark room, avoid known triggers like caffeine or stress.","Ibuprofen, Triptans (prescription), Aspirin.",Consult a neurologist if migraines are frequent and severely disrupt daily life.
"suffering from runny nose, congestion, sore throat, mild fever, cough",Common Cold,A common viral infection of the nose and throat.,"Rest, drink plenty of fluids, wash hands often.","Paracetamol, Ibuprofen, Decongestants, Cough syrup.",Consult if symptoms last more than a week or if you develop a high fever.
"body aches, loss of smell, loss of taste, shortness of breath, fever, sore throat, dry cough",COVID-19,A highly contagious respiratory illness caused by the SARS-CoV-2 virus.,"Isolate, wear a mask, monitor oxygen levels.","Paracetamol, Vitamin C, Zinc, prescribed antivirals if severe.",Seek immediate medical attention if oxygen drops below 94% or you have difficulty breathing.
"i have sneezing, sore throat, congestion",Common Cold,A common viral infection of the nose and throat.,"Rest, drink plenty of fluids, wash hands often.","Paracetamol, Ibuprofen, Decongestants, Cough syrup.",Consult if symptoms last more than a week or if you develop a high fever.
"loss of smell, fatigue, fever",COVID-19,A highly contagious respiratory illness caused by the SARS-CoV-2 virus.,"Isolate, wear a mask, monitor oxygen levels.","Paracetamol, Vitamin C, Zinc, prescribed antivirals if severe.",Seek immediate medical attention if oxygen drops below 94% or you have difficulty breathing.
"suffering from rapid breathing, wheezing, coughing episodes",Asthma,A condition in which your airways narrow and swell and may produce extra mucus.,"Avoid triggers (smoke, strong odors), carry an inhaler always.","Bronchodilators (Albuterol inhaler), Inhaled corticosteroids.",Immediate emergency care required for severe shortness of breath or if an inhaler doesn't help.
"experiencing fever, weakness",Food Poisoning,Illness caused by eating contaminated food.,"Rest, stay hydrated with sips of water or clear broths.","Oral rehydration salts, Bismuth subsalicylate.","Consult a doctor if symptoms last more than a few days, or if you have a very high fever."
"feeling fatigue, fever, sore throat, dry cough, loss of taste, body aches",COVID-19,A highly contagious respiratory illness caused by the SARS-CoV-2 virus.,"Isolate, wear a mask, monitor oxygen levels.","Paracetamol, Vitamin C, Zinc, prescribed antivirals if severe.",Seek immediate medical attention if oxygen drops below 94% or you have difficulty breathing.
"loss of smell, dry cough, fatigue, sore throat, body aches",COVID-19,A highly contagious respiratory illness caused by the SARS-CoV-2 virus.,"Isolate, wear a mask, monitor oxygen levels.","Paracetamol, Vitamin C, Zinc, prescribed antivirals if severe.",Seek immediate medical attention if oxygen drops below 94% or you have difficulty breathing.
"i have muscle aches, stomach cramps, diarrhea, low-grade fever",Gastroenteritis (Stomach Flu),"An intestinal infection marked by diarrhea, cramps, nausea, vomiting, and fever.","Stay hydrated, eat bland foods, wash hands thoroughly.","Oral rehydration salts (ORS), Loperamide (if advised).","Consult if you cannot keep liquids down for 24 hours, or if there is blood in stool."
"i have diarrhea, abdominal cramps, weakness, fever, nausea",Food Poisoning,Illness caused by eating contaminated food.,"Rest, stay hydrated with sips of water or clear broths.","Oral rehydration salts, Bismuth subsalicylate.","Consult a doctor if symptoms last more than a few days, or if you have a very high fever."
"feeling joint pain, pain behind eyes, rash, severe headache, muscle pain, high fever",Dengue Fever,A mosquito-borne viral disease occurring in tropical and subtropical areas.,"Use mosquito nets, wear long sleeves, use repellents.",Paracetamol for fever. STRICTLY AVOID Aspirin or Ibuprofen.,Hospitalization may be required; consult immediately if experiencing severe abdominal pain or bleeding.
"feeling nausea, low-grade fever, vomiting, diarrhea",Gastroenteritis (Stomach Flu),"An intestinal infection marked by diarrhea, cramps, nausea, vomiting, and fever.","Stay hydrated, eat bland foods, wash hands thoroughly.","Oral rehydration salts (ORS), Loperamide (if advised).","Consult if you cannot keep liquids down for 24 hours, or if there is blood in stool."
"feeling vomiting, low-grade fever",Gastroenteritis (Stomach Flu),"An intestinal infection marked by diarrhea, cramps, nausea, vomiting, and fever.","Stay hydrated, eat bland foods, wash hands thoroughly.","Oral rehydration salts (ORS), Loperamide (if advised).","Consult if you cannot keep liquids down for 24 hours, or if there is blood in stool."
"i have runny nose, cough, congestion, sore throat, mild fever",Common Cold,A common viral infection of the nose and throat.,"Rest, drink plenty of fluids, wash hands often.","Paracetamol, Ibuprofen, Decongestants, Cough syrup.",Consult if symptoms last more than a week or if you develop a high fever.
"experiencing itchy eyes, watery eyes, nasal congestion, itchy throat",Allergic Rhinitis,"An allergic response causing itchy, watery eyes, sneezing, and other similar symptoms.","Avoid allergens (dust, pollen), keep indoors during high pollen seasons.","Antihistamines (Cetirizine, Loratadine), Nasal corticosteroids.",Consult an allergist if symptoms are severe and unresponsive to over-the-counter medicine.
"experiencing runny nose, cough",Common Cold,A common viral infection of the nose and throat.,"Rest, drink plenty of fluids, wash hands often.","Paracetamol, Ibuprofen, Decongestants, Cough syrup.",Consult if symptoms last more than a week or if you develop a high fever.
"weakness, rash, prolonged high fever",Typhoid,"A bacterial infection that can lead to a high fever, diarrhea, and vomiting.","Drink boiled or bottled water, avoid raw foods.","Antibiotics (prescription only), Paracetamol for fever.",Requires immediate medical consultation for a proper antibiotic course.
"suffering from loss of taste, loss of smell, fever",COVID-19,A highly contagious respiratory illness caused by the SARS-CoV-2 virus.,"Isolate, wear a mask, monitor oxygen levels.","Paracetamol, Vitamin C, Zinc, prescribed antivirals if severe.",Seek immediate medical attention if oxygen drops below 94% or you have difficulty breathing.
"i have stomach cramps, low-grade fever",Gastroenteritis (Stomach Flu),"An intestinal infection marked by diarrhea, cramps, nausea, vomiting, and fever.","Stay hydrated, eat bland foods, wash hands thoroughly.","Oral rehydration salts (ORS), Loperamide (if advised).","Consult if you cannot keep liquids down for 24 hours, or if there is blood in stool."
"experiencing low-grade fever, vomiting, nausea, muscle aches, stomach cramps",Gastroenteritis (Stomach Flu),"An intestinal infection marked by diarrhea, cramps, nausea, vomiting, and fever.","Stay hydrated, eat bland foods, wash hands thoroughly.","Oral rehydration salts (ORS), Loperamide (if advised).","Consult if you cannot keep liquids down for 24 hours, or if there is blood in stool."
"high fever, muscle aches, dry cough, fatigue, chills, headache",Influenza (Flu),A viral infection that attacks your respiratory system.,"Strict bed rest, isolate yourself, stay hydrated.","Oseltamivir (if prescribed early), Paracetamol for fever.",Consult a doctor immediately if you experience shortness of breath or persistent chest pain.
"i have high fever, dry cough, sweats, chills, headache",Influenza (Flu),A viral infection that attacks your respiratory system.,"Strict bed rest, isolate yourself, stay hydrated.","Oseltamivir (if prescribed early), Paracetamol for fever.",Consult a doctor immediately if you experience shortness of breath or persistent chest pain.
"i have mild fever, cough, congestion, runny nose, sore throat, sneezing",Common Cold,A common viral infection of the nose and throat.,"Rest, drink plenty of fluids, wash hands often.","Paracetamol, Ibuprofen, Decongestants, Cough syrup.",Consult if symptoms last more than a week or if you develop a high fever.
"experiencing stomach pain, weakness, headache, prolonged high fever, loss of appetite, rash",Typhoid,"A bacterial infection that can lead to a high fever, diarrhea, and vomiting.","Drink boiled or bottled water, avoid raw foods.","Antibiotics (prescription only), Paracetamol for fever.",Requires immediate medical consultation for a proper antibiotic course.
"experiencing shortness of breath, sore throat, fever, body aches",COVID-19,A highly contagious respiratory illness caused by the SARS-CoV-2 virus.,"Isolate, wear a mask, monitor oxygen levels.","Paracetamol, Vitamin C, Zinc, prescribed antivirals if severe.",Seek immediate medical attention if oxygen drops below 94% or you have difficulty breathing.
"suffering from sweats, high fever, dry cough, headache",Influenza (Flu),A viral infection that attacks your respiratory system.,"Strict bed rest, isolate yourself, stay hydrated.","Oseltamivir (if prescribed early), Paracetamol for fever.",Consult a doctor immediately if you experience shortness of breath or persistent chest pain.
"suffering from stomach pain, weakness, prolonged high fever, loss of appetite, headache",Typhoid,"A bacterial infection that can lead to a high fever, diarrhea, and vomiting.","Drink boiled or bottled water, avoid raw foods.","Antibiotics (prescription only), Paracetamol for fever.",Requires immediate medical consultation for a proper antibiotic course.
"i have headache, high fever, sweats, dry cough, chills",Influenza (Flu),A viral infection that attacks your respiratory system.,"Strict bed rest, isolate yourself, stay hydrated.","Oseltamivir (if prescribed early), Paracetamol for fever.",Consult a doctor immediately if you experience shortness of breath or persistent chest pain.
"i have rash, headache, stomach pain, weakness",Typhoid,"A bacterial infection that can lead to a high fever, diarrhea, and vomiting.","Drink boiled or bottled water, avoid raw foods.","Antibiotics (prescription only), Paracetamol for fever.",Requires immediate medical consultation for a proper antibiotic course.
"suffering from sore throat, body aches, fatigue",COVID-19,A highly contagious respiratory illness caused by the SARS-CoV-2 virus.,"Isolate, wear a mask, monitor oxygen levels.","Paracetamol, Vitamin C, Zinc, prescribed antivirals if severe.",Seek immediate medical attention if oxygen drops below 94% or you have difficulty breathing.
"i have headache, prolonged high fever, stomach pain, rash, weakness",Typhoid,"A bacterial infection that can lead to a high fever, diarrhea, and vomiting.","Drink boiled or bottled water, avoid raw foods.","Antibiotics (prescription only), Paracetamol for fever.",Requires immediate medical consultation for a proper antibiotic course.
"rash, fatigue, muscle pain, high fever",Dengue Fever,A mosquito-borne viral disease occurring in tropical and subtropical areas.,"Use mosquito nets, wear long sleeves, use repellents.",Paracetamol for fever. STRICTLY AVOID Aspirin or Ibuprofen.,Hospitalization may be required; consult immediately if experiencing severe abdominal pain or bleeding.
"i have joint pain, severe headache, rash, pain behind eyes, muscle pain",Dengue Fever,A mosquito-borne viral disease occurring in tropical and subtropical areas.,"Use mosquito nets, wear long sleeves, use repellents.",Paracetamol for fever. STRICTLY AVOID Aspirin or Ibuprofen.,Hospitalization may be required; consult immediately if experiencing severe abdominal pain or bleeding.
"feeling dry cough, headache, muscle aches, high fever, sweats, chills",Influenza (Flu),A viral infection that attacks your respiratory system.,"Strict bed rest, isolate yourself, stay hydrated.","Oseltamivir (if prescribed early), Paracetamol for fever.",Consult a doctor immediately if you experience shortness of breath or persistent chest pain.
"experiencing loss of smell, loss of taste, dry cough, fatigue, fever, shortness of breath",COVID-19,A highly contagious respiratory illness caused by the SARS-CoV-2 virus.,"Isolate, wear a mask, monitor oxygen levels.","Paracetamol, Vitamin C, Zinc, prescribed antivirals if severe.",Seek immediate medical attention if oxygen drops below 94% or you have difficulty breathing.
"feeling weakness, diarrhea, fever, nausea, vomiting, abdominal cramps",Food Poisoning,Illness caused by eating contaminated food.,"Rest, stay hydrated with sips of water or clear broths.","Oral rehydration salts, Bismuth subsalicylate.","Consult a doctor if symptoms last more than a few days, or if you have a very high fever."
"experiencing muscle aches, chills, sweats, headache",Influenza (Flu),A viral infection that attacks your respiratory system.,"Strict bed rest, isolate yourself, stay hydrated.","Oseltamivir (if prescribed early), Paracetamol for fever.",Consult a doctor immediately if you experience shortness of breath or persistent chest pain.
"experiencing watery eyes, itchy throat, itchy eyes",Allergic Rhinitis,"An allergic response causing itchy, watery eyes, sneezing, and other similar symptoms.","Avoid allergens (dust, pollen), keep indoors during high pollen seasons.","Antihistamines (Cetirizine, Loratadine), Nasal corticosteroids.",Consult an allergist if symptoms are severe and unresponsive to over-the-counter medicine.
"i have throbbing pain, nausea",Migraine,"A neurological condition that can cause multiple symptoms, frequently characterized by intense, debilitating headaches.","Rest in a quiet and dark room, avoid known triggers like caffeine or stress.","Ibuprofen, Triptans (prescription), Aspirin.",Consult a neurologist if migraines are frequent and severely disrupt daily life.
"stomach cramps, muscle aches, low-grade fever, vomiting",Gastroenteritis (Stomach Flu),"An intestinal infection marked by diarrhea, cramps, nausea, vomiting, and fever.","Stay hydrated, eat bland foods, wash hands thoroughly.","Oral rehydration salts (ORS), Loperamide (if advised).","Consult if you cannot keep liquids down for 24 hours, or if there is blood in stool."
"feeling cough, mild fever",Common Cold,A common viral infection of the nose and throat.,"Rest, drink plenty of fluids, wash hands often.","Paracetamol, Ibuprofen, Decongestants, Cough syrup.",Consult if symptoms last more than a week or if you develop a high fever.
"experiencing muscle pain, fatigue",Dengue Fever,A mosquito-borne viral disease occurring in tropical and subtropical areas.,"Use mosquito nets, wear long sleeves, use repellents.",Paracetamol for fever. STRICTLY AVOID Aspirin or Ibuprofen.,Hospitalization may be required; consult immediately if experiencing severe abdominal pain or bleeding.
"experiencing rapid breathing, wheezing",Asthma,A condition in which your airways narrow and swell and may produce extra mucus.,"Avoid triggers (smoke, strong odors), carry an inhaler always.","Bronchodilators (Albuterol inhaler), Inhaled corticosteroids.",Immediate emergency care required for severe shortness of breath or if an inhaler doesn't help.
"i have sore throat, congestion, mild fever, runny nose",Common Cold,A common viral infection of the nose and throat.,"Rest, drink plenty of fluids, wash hands often.","Paracetamol, Ibuprofen, Decongestants, Cough syrup.",Consult if symptoms last more than a week or if you develop a high fever.
"suffering from stomach cramps, nausea, muscle aches, diarrhea, low-grade fever",Gastroenteritis (Stomach Flu),"An intestinal infection marked by diarrhea, cramps, nausea, vomiting, and fever.","Stay hydrated, eat bland foods, wash hands thoroughly.","Oral rehydration salts (ORS), Loperamide (if advised).","Consult if you cannot keep liquids down for 24 hours, or if there is blood in stool."
"feeling high fever, pain behind eyes, joint pain, fatigue, rash",Dengue Fever,A mosquito-borne viral disease occurring in tropical and subtropical areas.,"Use mosquito nets, wear long sleeves, use repellents.",Paracetamol for fever. STRICTLY AVOID Aspirin or Ibuprofen.,Hospitalization may be required; consult immediately if experiencing severe abdominal pain or bleeding.
"i have diarrhea, fever, nausea, abdominal cramps, vomiting, weakness",Food Poisoning,Illness caused by eating contaminated food.,"Rest, stay hydrated with sips of water or clear broths.","Oral rehydration salts, Bismuth subsalicylate.","Consult a doctor if symptoms last more than a few days, or if you have a very high fever."
"i have sweats, muscle aches, chills, headache, high fever, fatigue",Influenza (Flu),A viral infection that attacks your respiratory system.,"Strict bed rest, isolate yourself, stay hydrated.","Oseltamivir (if prescribed early), Paracetamol for fever.",Consult a doctor immediately if you experience shortness of breath or persistent chest pain.
"suffering from nausea, vomiting, diarrhea, weakness",Food Poisoning,Illness caused by eating contaminated food.,"Rest, stay hydrated with sips of water or clear broths.","Oral rehydration salts, Bismuth subsalicylate.","Consult a doctor if symptoms last more than a few days, or if you have a very high fever."
"i have shortness of breath, coughing episodes, chest tightness",Asthma,A condition in which your airways narrow and swell and may produce extra mucus.,"Avoid triggers (smoke, strong odors), carry an inhaler always.","Bronchodilators (Albuterol inhaler), Inhaled corticosteroids.",Immediate emergency care required for severe shortness of breath or if an inhaler doesn't help.
"feeling loss of taste, sore throat",COVID-19,A highly contagious respiratory illness caused by the SARS-CoV-2 virus.,"Isolate, wear a mask, monitor oxygen levels.","Paracetamol, Vitamin C, Zinc, prescribed antivirals if severe.",Seek immediate medical attention if oxygen drops below 94% or you have difficulty breathing.
"suffering from weakness, abdominal cramps",Food Poisoning,Illness caused by eating contaminated food.,"Rest, stay hydrated with sips of water or clear broths.","Oral rehydration salts, Bismuth subsalicylate.","Consult a doctor if symptoms last more than a few days, or if you have a very high fever."
"i have low-grade fever, stomach cramps, diarrhea, muscle aches, nausea",Gastroenteritis (Stomach Flu),"An intestinal infection marked by diarrhea, cramps, nausea, vomiting, and fever.","Stay hydrated, eat bland foods, wash hands thoroughly.","Oral rehydration salts (ORS), Loperamide (if advised).","Consult if you cannot keep liquids down for 24 hours, or if there is blood in stool."
"high fever, fatigue, severe headache",Dengue Fever,A mosquito-borne viral disease occurring in tropical and subtropical areas.,"Use mosquito nets, wear long sleeves, use repellents.",Paracetamol for fever. STRICTLY AVOID Aspirin or Ibuprofen.,Hospitalization may be required; consult immediately if experiencing severe abdominal pain or bleeding.
"experiencing runny nose, itchy throat, itchy eyes, nasal congestion, sneezing",Allergic Rhinitis,"An allergic response causing itchy, watery eyes, sneezing, and other similar symptoms.","Avoid allergens (dust, pollen), keep indoors during high pollen seasons.","Antihistamines (Cetirizine, Loratadine), Nasal corticosteroids.",Consult an allergist if symptoms are severe and unresponsive to over-the-counter medicine.
"i have nasal congestion, runny nose",Allergic Rhinitis,"An allergic response causing itchy, watery eyes, sneezing, and other similar symptoms.","Avoid allergens (dust, pollen), keep indoors during high pollen seasons.","Antihistamines (Cetirizine, Loratadine), Nasal corticosteroids.",Consult an allergist if symptoms are severe and unresponsive to over-the-counter medicine.
"abdominal cramps, fever",Food Poisoning,Illness caused by eating contaminated food.,"Rest, stay hydrated with sips of water or clear broths.","Oral rehydration salts, Bismuth subsalicylate.","Consult a doctor if symptoms last more than a few days, or if you have a very high fever."
"experiencing weakness, abdominal cramps, diarrhea, fever, nausea, vomiting",Food Poisoning,Illness caused by eating contaminated food.,"Rest, stay hydrated with sips of water or clear broths.","Oral rehydration salts, Bismuth subsalicylate.","Consult a doctor if symptoms last more than a few days, or if you have a very high fever."
"suffering from shortness of breath, wheezing, coughing episodes, chest tightness",Asthma,A condition in which your airways narrow and swell and may produce extra mucus.,"Avoid triggers (smoke, strong odors), carry an inhaler always.","Bronchodilators (Albuterol inhaler), Inhaled corticosteroids.",Immediate emergency care required for severe shortness of breath or if an inhaler doesn't help.
"suffering from vomiting, stomach cramps, low-grade fever, muscle aches, diarrhea",Gastroenteritis (Stomach Flu),"An intestinal infection marked by diarrhea, cramps, nausea, vomiting, and fever.","Stay hydrated, eat bland foods, wash hands thoroughly.","Oral rehydration salts (ORS), Loperamide (if advised).","Consult if you cannot keep liquids down for 24 hours, or if there is blood in stool."
"muscle aches, headache",Influenza (Flu),A viral infection that attacks your respiratory system.,"Strict bed rest, isolate yourself, stay hydrated.","Oseltamivir (if prescribed early), Paracetamol for fever.",Consult a doctor immediately if you experience shortness of breath or persistent chest pain.
"throbbing pain, sensitivity to light, vomiting",Migraine,"A neurological condition that can cause multiple symptoms, frequently characterized by intense, debilitating headaches.","Rest in a quiet and dark room, avoid known triggers like caffeine or stress.","Ibuprofen, Triptans (prescription), Aspirin.",Consult a neurologist if migraines are frequent and severely disrupt daily life.
"suffering from wheezing, shortness of breath, rapid breathing, chest tightness",Asthma,A condition in which your airways narrow and swell and may produce extra mucus.,"Avoid triggers (smoke, strong odors), carry an inhaler always.","Bronchodilators (Albuterol inhaler), Inhaled corticosteroids.",Immediate emergency care required for severe shortness of breath or if an inhaler doesn't help.
"feeling rapid breathing, coughing episodes, wheezing, chest tightness, shortness of breath",Asthma,A condition in which your airways narrow and swell and may produce extra mucus.,"Avoid triggers (smoke, strong odors), carry an inhaler always.","Bronchodilators (Albuterol inhaler), Inhaled corticosteroids.",Immediate emergency care required for severe shortness of breath or if an inhaler doesn't help.
"experiencing sore throat, shortness of breath, body aches, fatigue, loss of smell, fever",COVID-19,A highly contagious respiratory illness caused by the SARS-CoV-2 virus.,"Isolate, wear a mask, monitor oxygen levels.","Paracetamol, Vitamin C, Zinc, prescribed antivirals if severe.",Seek immediate medical attention if oxygen drops below 94% or you have difficulty breathing.
"feeling shortness of breath, sore throat, body aches, loss of taste, loss of smell, fatigue, dry cough, fever",COVID-19,A highly contagious respiratory illness caused by the SARS-CoV-2 virus.,"Isolate, wear a mask, monitor oxygen levels.","Paracetamol, Vitamin C, Zinc, prescribed antivirals if severe.",Seek immediate medical attention if oxygen drops below 94% or you have difficulty breathing.
"feeling prolonged high fever, weakness, stomach pain, loss of appetite, rash, headache",Typhoid,"A bacterial infection that can lead to a high fever, diarrhea, and vomiting.","Drink boiled or bottled water, avoid raw foods.","Antibiotics (prescription only), Paracetamol for fever.",Requires immediate medical consultation for a proper antibiotic course.
"feeling stomach cramps, diarrhea, vomiting",Gastroenteritis (Stomach Flu),"An intestinal infection marked by diarrhea, cramps, nausea, vomiting, and fever.","Stay hydrated, eat bland foods, wash hands thoroughly.","Oral rehydration salts (ORS), Loperamide (if advised).","Consult if you cannot keep liquids down for 24 hours, or if there is blood in stool."
"joint pain, rash, pain behind eyes, high fever, fatigue, muscle pain",Dengue Fever,A mosquito-borne viral disease occurring in tropical and subtropical areas.,"Use mosquito nets, wear long sleeves, use repellents.",Paracetamol for fever. STRICTLY AVOID Aspirin or Ibuprofen.,Hospitalization may be required; consult immediately if experiencing severe abdominal pain or bleeding.
"itchy throat, runny nose, sneezing",Allergic Rhinitis,"An allergic response causing itchy, watery eyes, sneezing, and other similar symptoms.","Avoid allergens (dust, pollen), keep indoors during high pollen seasons.","Antihistamines (Cetirizine, Loratadine), Nasal corticosteroids.",Consult an allergist if symptoms are severe and unresponsive to over-the-counter medicine.
"experiencing sensitivity to light, vomiting, throbbing pain, nausea, severe headache",Migraine,"A neurological condition that can cause multiple symptoms, frequently characterized by intense, debilitating headaches.","Rest in a quiet and dark room, avoid known triggers like caffeine or stress.","Ibuprofen, Triptans (prescription), Aspirin.",Consult a neurologist if migraines are frequent and severely disrupt daily life.
"runny nose, itchy throat, watery eyes, sneezing, itchy eyes, nasal congestion",Allergic Rhinitis,"An allergic response causing itchy, watery eyes, sneezing, and other similar symptoms.","Avoid allergens (dust, pollen), keep indoors during high pollen seasons.","Antihistamines (Cetirizine, Loratadine), Nasal corticosteroids.",Consult an allergist if symptoms are severe and unresponsive to over-the-counter medicine.
"feeling weakness, diarrhea, fever, abdominal cramps, vomiting, nausea",Food Poisoning,Illness caused by eating contaminated food.,"Rest, stay hydrated with sips of water or clear broths.","Oral rehydration salts, Bismuth subsalicylate.","Consult a doctor if symptoms last more than a few days, or if you have a very high fever."
"suffering from diarrhea, abdominal cramps, nausea, fever",Food Poisoning,Illness caused by eating contaminated food.,"Rest, stay hydrated with sips of water or clear broths.","Oral rehydration salts, Bismuth subsalicylate.","Consult a doctor if symptoms last more than a few days, or if you have a very high fever."
"prolonged high fever, stomach pain, headache, loss of appetite",Typhoid,"A bacterial infection that can lead to a high fever, diarrhea, and vomiting.","Drink boiled or bottled water, avoid raw foods.","Antibiotics (prescription only), Paracetamol for fever.",Requires immediate medical consultation for a proper antibiotic course.
"feeling muscle pain, joint pain, rash, pain behind eyes, high fever, severe headache",Dengue Fever,A mosquito-borne viral disease occurring in tropical and subtropical areas.,"Use mosquito nets, wear long sleeves, use repellents.",Paracetamol for fever. STRICTLY AVOID Aspirin or Ibuprofen.,Hospitalization may be required; consult immediately if experiencing severe abdominal pain or bleeding.
"body aches, sore throat, fatigue, loss of taste, dry cough, shortness of breath, fever",COVID-19,A highly contagious respiratory illness caused by the SARS-CoV-2 virus.,"Isolate, wear a mask, monitor oxygen levels.","Paracetamol, Vitamin C, Zinc, prescribed antivirals if severe.",Seek immediate medical attention if oxygen drops below 94% or you have difficulty breathing.
"experiencing wheezing, rapid breathing, coughing episodes, chest tightness, shortness of breath",Asthma,A condition in which your airways narrow and swell and may produce extra mucus.,"Avoid triggers (smoke, strong odors), carry an inhaler always.","Bronchodilators (Albuterol inhaler), Inhaled corticosteroids.",Immediate emergency care required for severe shortness of breath or if an inhaler doesn't help.
"experiencing dry cough, muscle aches, high fever, chills, headache",Influenza (Flu),A viral infection that attacks your respiratory system.,"Strict bed rest, isolate yourself, stay hydrated.","Oseltamivir (if prescribed early), Paracetamol for fever.",Consult a doctor immediately if you experience shortness of breath or persistent chest pain.
"experiencing sneezing, mild fever, cough, sore throat, congestion",Common Cold,A common viral infection of the nose and throat.,"Rest, drink plenty of fluids, wash hands often.","Paracetamol, Ibuprofen, Decongestants, Cough syrup.",Consult if symptoms last more than a week or if you develop a high fever.
"i have sensitivity to light, severe headache, nausea, sensitivity to sound",Migraine,"A neurological condition that can cause multiple symptoms, frequently characterized by intense, debilitating headaches.","Rest in a quiet and dark room, avoid known triggers like caffeine or stress.","Ibuprofen, Triptans (prescription), Aspirin.",Consult a neurologist if migraines are frequent and severely disrupt daily life.
"suffering from shortness of breath, dry cough, loss of taste, sore throat, fatigue",COVID-19,A highly contagious respiratory illness caused by the SARS-CoV-2 virus.,"Isolate, wear a mask, monitor oxygen levels.","Paracetamol, Vitamin C, Zinc, prescribed antivirals if severe.",Seek immediate medical attention if oxygen drops below 94% or you have difficulty breathing.
"i have rash, joint pain, pain behind eyes, fatigue, muscle pain, high fever, severe headache",Dengue Fever,A mosquito-borne viral disease occurring in tropical and subtropical areas.,"Use mosquito nets, wear long sleeves, use repellents.",Paracetamol for fever. STRICTLY AVOID Aspirin or Ibuprofen.,Hospitalization may be required; consult immediately if experiencing severe abdominal pain or bleeding.
"suffering from fever, shortness of breath, dry cough, sore throat, loss of smell, fatigue",COVID-19,A highly contagious respiratory illness caused by the SARS-CoV-2 virus.,"Isolate, wear a mask, monitor oxygen levels.","Paracetamol, Vitamin C, Zinc, prescribed antivirals if severe.",Seek immediate medical attention if oxygen drops below 94% or you have difficulty breathing.
"sore throat, runny nose, sneezing, mild fever, congestion, cough",Common Cold,A common viral infection of the nose and throat.,"Rest, drink plenty of fluids, wash hands often.","Paracetamol, Ibuprofen, Decongestants, Cough syrup.",Consult if symptoms last more than a week or if you develop a high fever.
"experiencing cough, sore throat, mild fever, sneezing, congestion, runny nose",Common Cold,A common viral infection of the nose and throat.,"Rest, drink plenty of fluids, wash hands often.","Paracetamol, Ibuprofen, Decongestants, Cough syrup.",Consult if symptoms last more than a week or if you develop a high fever.
"diarrhea, nausea",Food Poisoning,Illness caused by eating contaminated food.,"Rest, stay hydrated with sips of water or clear broths.","Oral rehydration salts, Bismuth subsalicylate.","Consult a doctor if symptoms last more than a few days, or if you have a very high fever."
"experiencing vomiting, diarrhea",Food Poisoning,Illness caused by eating contaminated food.,"Rest, stay hydrated with sips of water or clear broths.","Oral rehydration salts, Bismuth subsalicylate.","Consult a doctor if symptoms last more than a few days, or if you have a very high fever."
"suffering from sensitivity to light, throbbing pain, vomiting",Migraine,"A neurological condition that can cause multiple symptoms, frequently characterized by intense, debilitating headaches.","Rest in a quiet and dark room, avoid known triggers like caffeine or stress.","Ibuprofen, Triptans (prescription), Aspirin.",Consult a neurologist if migraines are frequent and severely disrupt daily life.
"nausea, muscle aches, low-grade fever",Gastroenteritis (Stomach Flu),"An intestinal infection marked by diarrhea, cramps, nausea, vomiting, and fever.","Stay hydrated, eat bland foods, wash hands thoroughly.","Oral rehydration salts (ORS), Loperamide (if advised).","Consult if you cannot keep liquids down for 24 hours, or if there is blood in stool."
"suffering from shortness of breath, coughing episodes",Asthma,A condition in which your airways narrow and swell and may produce extra mucus.,"Avoid triggers (smoke, strong odors), carry an inhaler always.","Bronchodilators (Albuterol inhaler), Inhaled corticosteroids.",Immediate emergency care required for severe shortness of breath or if an inhaler doesn't help.
"feeling shortness of breath, coughing episodes, chest tightness, wheezing",Asthma,A condition in which your airways narrow and swell and may produce extra mucus.,"Avoid triggers (smoke, strong odors), carry an inhaler always.","Bronchodilators (Albuterol inhaler), Inhaled corticosteroids.",Immediate emergency care required for severe shortness of breath or if an inhaler doesn't help.
"i have rash, pain behind eyes, fatigue",Dengue Fever,A mosquito-borne viral disease occurring in tropical and subtropical areas.,"Use mosquito nets, wear long sleeves, use repellents.",Paracetamol for fever. STRICTLY AVOID Aspirin or Ibuprofen.,Hospitalization may be required; consult immediately if experiencing severe abdominal pain or bleeding.
"experiencing nausea, sensitivity to sound, vomiting, sensitivity to light, severe headache",Migraine,"A neurological condition that can cause multiple symptoms, frequently characterized by intense, debilitating headaches.","Rest in a quiet and dark room, avoid known triggers like caffeine or stress.","Ibuprofen, Triptans (prescription), Aspirin.",Consult a neurologist if migraines are frequent and severely disrupt daily life.
"severe headache, sensitivity to light, vomiting, nausea, throbbing pain",Migraine,"A neurological condition that can cause multiple symptoms, frequently characterized by intense, debilitating headaches.","Rest in a quiet and dark room, avoid known triggers like caffeine or stress.","Ibuprofen, Triptans (prescription), Aspirin.",Consult a neurologist if migraines are frequent and severely disrupt daily life.
"nausea, diarrhea, vomiting, fever, weakness",Food Poisoning,Illness caused by eating contaminated food.,"Rest, stay hydrated with sips of water or clear broths.","Oral rehydration salts, Bismuth subsalicylate.","Consult a doctor if symptoms last more than a few days, or if you have a very high fever."
"feeling fatigue, pain behind eyes, muscle pain, rash, joint pain, high fever",Dengue Fever,A mosquito-borne viral disease occurring in tropical and subtropical areas.,"Use mosquito nets, wear long sleeves, use repellents.",Paracetamol for fever. STRICTLY AVOID Aspirin or Ibuprofen.,Hospitalization may be required; consult immediately if experiencing severe abdominal pain or bleeding.
"feeling runny nose, mild fever, cough, sore throat, sneezing, congestion",Common Cold,A common viral infection of the nose and throat.,"Rest, drink plenty of fluids, wash hands often.","Paracetamol, Ibuprofen, Decongestants, Cough syrup.",Consult if symptoms last more than a week or if you develop a high fever.
"experiencing loss of appetite, stomach pain, prolonged high fever",Typhoid,"A bacterial infection that can lead to a high fever, diarrhea, and vomiting.","Drink boiled or bottled water, avoid raw foods.","Antibiotics (prescription only), Paracetamol for fever.",Requires immediate medical consultation for a proper antibiotic course.
"suffering from stomach cramps, vomiting, low-grade fever",Gastroenteritis (Stomach Flu),"An intestinal infection marked by diarrhea, cramps, nausea, vomiting, and fever.","Stay hydrated, eat bland foods, wash hands thoroughly.","Oral rehydration salts (ORS), Loperamide (if advised).","Consult if you cannot keep liquids down for 24 hours, or if there is blood in stool."
"experiencing diarrhea, low-grade fever, nausea",Gastroenteritis (Stomach Flu),"An intestinal infection marked by diarrhea, cramps, nausea, vomiting, and fever.","Stay hydrated, eat bland foods, wash hands thoroughly.","Oral rehydration salts (ORS), Loperamide (if advised).","Consult if you cannot keep liquids down for 24 hours, or if there is blood in stool."
"experiencing headache, prolonged high fever, rash",Typhoid,"A bacterial infection that can lead to a high fever, diarrhea, and vomiting.","Drink boiled or bottled water, avoid raw foods.","Antibiotics (prescription only), Paracetamol for fever.",Requires immediate medical consultation for a proper antibiotic course.
"experiencing runny nose, nasal congestion, itchy throat, watery eyes, itchy eyes",Allergic Rhinitis,"An allergic response causing itchy, watery eyes, sneezing, and other similar symptoms.","Avoid allergens (dust, pollen), keep indoors during high pollen seasons.","Antihistamines (Cetirizine, Loratadine), Nasal corticosteroids.",Consult an allergist if symptoms are severe and unresponsive to over-the-counter medicine.
"i have fever, nausea",Food Poisoning,Illness caused by eating contaminated food.,"Rest, stay hydrated with sips of water or clear broths.","Oral rehydration salts, Bismuth subsalicylate.","Consult a doctor if symptoms last more than a few days, or if you have a very high fever."
"dry cough, high fever, chills",Influenza (Flu),A viral infection that attacks your respiratory system.,"Strict bed rest, isolate yourself, stay hydrated.","Oseltamivir (if prescribed early), Paracetamol for fever.",Consult a doctor immediately if you experience shortness of breath or persistent chest pain.
"feeling vomiting, diarrhea, low-grade fever",Gastroenteritis (Stomach Flu),"An intestinal infection marked by diarrhea, cramps, nausea, vomiting, and fever.","Stay hydrated, eat bland foods, wash hands thoroughly.","Oral rehydration salts (ORS), Loperamide (if advised).","Consult if you cannot keep liquids down for 24 hours, or if there is blood in stool."
"suffering from sneezing, itchy throat, nasal congestion",Allergic Rhinitis,"An allergic response causing itchy, watery eyes, sneezing, and other similar symptoms.","Avoid allergens (dust, pollen), keep indoors during high pollen seasons.","Antihistamines (Cetirizine, Loratadine), Nasal corticosteroids.",Consult an allergist if symptoms are severe and unresponsive to over-the-counter medicine.
"rapid breathing, chest tightness, coughing episodes",Asthma,A condition in which your airways narrow and swell and may produce extra mucus.,"Avoid triggers (smoke, strong odors), carry an inhaler always.","Bronchodilators (Albuterol inhaler), Inhaled corticosteroids.",Immediate emergency care required for severe shortness of breath or if an inhaler doesn't help.
"cough, mild fever",Common Cold,A common viral infection of the nose and throat.,"Rest, drink plenty of fluids, wash hands often.","Paracetamol, Ibuprofen, Decongestants, Cough syrup.",Consult if symptoms last more than a week or if you develop a high fever.
"experiencing fatigue, pain behind eyes, muscle pain",Dengue Fever,A mosquito-borne viral disease occurring in tropical and subtropical areas.,"Use mosquito nets, wear long sleeves, use repellents.",Paracetamol for fever. STRICTLY AVOID Aspirin or Ibuprofen.,Hospitalization may be required; consult immediately if experiencing severe abdominal pain or bleeding.
"suffering from weakness, diarrhea, vomiting, abdominal cramps, nausea",Food Poisoning,Illness caused by eating contaminated food.,"Rest, stay hydrated with sips of water or clear broths.","Oral rehydration salts, Bismuth subsalicylate.","Consult a doctor if symptoms last more than a few days, or if you have a very high fever."
"feeling headache, sweats, fatigue, dry cough, high fever",Influenza (Flu),A viral infection that attacks your respiratory system.,"Strict bed rest, isolate yourself, stay hydrated.","Oseltamivir (if prescribed early), Paracetamol for fever.",Consult a doctor immediately if you experience shortness of breath or persistent chest pain.
"i have diarrhea, low-grade fever, nausea",Gastroenteritis (Stomach Flu),"An intestinal infection marked by diarrhea, cramps, nausea, vomiting, and fever.","Stay hydrated, eat bland foods, wash hands thoroughly.","Oral rehydration salts (ORS), Loperamide (if advised).","Consult if you cannot keep liquids down for 24 hours, or if there is blood in stool."
"suffering from muscle aches, chills, dry cough, sweats, headache, fatigue, high fever",Influenza (Flu),A viral infection that attacks your respiratory system.,"Strict bed rest, isolate yourself, stay hydrated.","Oseltamivir (if prescribed early), Paracetamol for fever.",Consult a doctor immediately if you experience shortness of breath or persistent chest pain.
"watery eyes, itchy eyes, runny nose, itchy throat",Allergic Rhinitis,"An allergic response causing itchy, watery eyes, sneezing, and other similar symptoms.","Avoid allergens (dust, pollen), keep indoors during high pollen seasons.","Antihistamines (Cetirizine, Loratadine), Nasal corticosteroids.",Consult an allergist if symptoms are severe and unresponsive to over-the-counter medicine.
"suffering from severe headache, nausea, vomiting, sensitivity to light, sensitivity to sound, throbbing pain",Migraine,"A neurological condition that can cause multiple symptoms, frequently characterized by intense, debilitating headaches.","Rest in a quiet and dark room, avoid known triggers like caffeine or stress.","Ibuprofen, Triptans (prescription), Aspirin.",Consult a neurologist if migraines are frequent and severely disrupt daily life.
"vomiting, nausea, fever, diarrhea, weakness",Food Poisoning,Illness caused by eating contaminated food.,"Rest, stay hydrated with sips of water or clear broths.","Oral rehydration salts, Bismuth subsalicylate.","Consult a doctor if symptoms last more than a few days, or if you have a very high fever."
"experiencing sneezing, mild fever",Common Cold,A common viral infection of the nose and throat.,"Rest, drink plenty of fluids, wash hands often.","Paracetamol, Ibuprofen, Decongestants, Cough syrup.",Consult if symptoms last more than a week or if you develop a high fever.
"suffering from weakness, stomach pain, loss of appetite, prolonged high fever, rash",Typhoid,"A bacterial infection that can lead to a high fever, diarrhea, and vomiting.","Drink boiled or bottled water, avoid raw foods.","Antibiotics (prescription only), Paracetamol for fever.",Requires immediate medical consultation for a proper antibiotic course.
"suffering from watery eyes, runny nose, sneezing",Allergic Rhinitis,"An allergic response causing itchy, watery eyes, sneezing, and other similar symptoms.","Avoid allergens (dust, pollen), keep indoors during high pollen seasons.","Antihistamines (Cetirizine, Loratadine), Nasal corticosteroids.",Consult an allergist if symptoms are severe and unresponsive to over-the-counter medicine.
"i have diarrhea, abdominal cramps, fever, weakness, vomiting, nausea",Food Poisoning,Illness caused by eating contaminated food.,"Rest, stay hydrated with sips of water or clear broths.","Oral rehydration salts, Bismuth subsalicylate.","Consult a doctor if symptoms last more than a few days, or if you have a very high fever."
"suffering from dry cough, loss of smell",COVID-19,A highly contagious respiratory illness caused by the SARS-CoV-2 virus.,"Isolate, wear a mask, monitor oxygen levels.","Paracetamol, Vitamin C, Zinc, prescribed antivirals if severe.",Seek immediate medical attention if oxygen drops below 94% or you have difficulty breathing.
"suffering from severe headache, high fever, fatigue, pain behind eyes, muscle pain",Dengue Fever,A mosquito-borne viral disease occurring in tropical and subtropical areas.,"Use mosquito nets, wear long sleeves, use repellents.",Paracetamol for fever. STRICTLY AVOID Aspirin or Ibuprofen.,Hospitalization may be required; consult immediately if experiencing severe abdominal pain or bleeding.
"experiencing headache, rash, stomach pain, loss of appetite",Typhoid,"A bacterial infection that can lead to a high fever, diarrhea, and vomiting.","Drink boiled or bottled water, avoid raw foods.","Antibiotics (prescription only), Paracetamol for fever.",Requires immediate medical consultation for a proper antibiotic course.
"stomach cramps, muscle aches",Gastroenteritis (Stomach Flu),"An intestinal infection marked by diarrhea, cramps, nausea, vomiting, and fever.","Stay hydrated, eat bland foods, wash hands thoroughly.","Oral rehydration salts (ORS), Loperamide (if advised).","Consult if you cannot keep liquids down for 24 hours, or if there is blood in stool."
"experiencing sensitivity to light, throbbing pain, vomiting, severe headache, nausea",Migraine,"A neurological condition that can cause multiple symptoms, frequently characterized by intense, debilitating headaches.","Rest in a quiet and dark room, avoid known triggers like caffeine or stress.","Ibuprofen, Triptans (prescription), Aspirin.",Consult a neurologist if migraines are frequent and severely disrupt daily life.
"experiencing fatigue, sweats, high fever, muscle aches, chills, dry cough",Influenza (Flu),A viral infection that attacks your respiratory system.,"Strict bed rest, isolate yourself, stay hydrated.","Oseltamivir (if prescribed early), Paracetamol for fever.",Consult a doctor immediately if you experience shortness of breath or persistent chest pain.
"suffering from vomiting, low-grade fever, stomach cramps",Gastroenteritis (Stomach Flu),"An intestinal infection marked by diarrhea, cramps, nausea, vomiting, and fever.","Stay hydrated, eat bland foods, wash hands thoroughly.","Oral rehydration salts (ORS), Loperamide (if advised).","Consult if you cannot keep liquids down for 24 hours, or if there is blood in stool."
"suffering from weakness, stomach pain",Typhoid,"A bacterial infection that can lead to a high fever, diarrhea, and vomiting.","Drink boiled or bottled water, avoid raw foods.","Antibiotics (prescription only), Paracetamol for fever.",Requires immediate medical consultation for a proper antibiotic course.
"runny nose, nasal congestion, itchy eyes, itchy throat",Allergic Rhinitis,"An allergic response causing itchy, watery eyes, sneezing, and other similar symptoms.","Avoid allergens (dust, pollen), keep indoors during high pollen seasons.","Antihistamines (Cetirizine, Loratadine), Nasal corticosteroids.",Consult an allergist if symptoms are severe and unresponsive to over-the-counter medicine.
"dry cough, chills, headache, sweats, fatigue",Influenza (Flu),A viral infection that attacks your respiratory system.,"Strict bed rest, isolate yourself, stay hydrated.","Oseltamivir (if prescribed early), Paracetamol for fever.",Consult a doctor immediately if you experience shortness of breath or persistent chest pain.
"experiencing sore throat, body aches, loss of taste, dry cough, loss of smell, fatigue, shortness of breath",COVID-19,A highly contagious respiratory illness caused by the SARS-CoV-2 virus.,"Isolate, wear a mask, monitor oxygen levels.","Paracetamol, Vitamin C, Zinc, prescribed antivirals if severe.",Seek immediate medical attention if oxygen drops below 94% or you have difficulty breathing.
"headache, muscle aches, chills, sweats, dry cough, fatigue, high fever",Influenza (Flu),A viral infection that attacks your respiratory system.,"Strict bed rest, isolate yourself, stay hydrated.","Oseltamivir (if prescribed early), Paracetamol for fever.",Consult a doctor immediately if you experience shortness of breath or persistent chest pain.
"i have stomach cramps, diarrhea, low-grade fever",Gastroenteritis (Stomach Flu),"An intestinal infection marked by diarrhea, cramps, nausea, vomiting, and fever.","Stay hydrated, eat bland foods, wash hands thoroughly.","Oral rehydration salts (ORS), Loperamide (if advised).","Consult if you cannot keep liquids down for 24 hours, or if there is blood in stool."
"feeling abdominal cramps, nausea, vomiting",Food Poisoning,Illness caused by eating contaminated food.,"Rest, stay hydrated with sips of water or clear broths.","Oral rehydration salts, Bismuth subsalicylate.","Consult a doctor if symptoms last more than a few days, or if you have a very high fever."
"feeling fever, fatigue",COVID-19,A highly contagious respiratory illness caused by the SARS-CoV-2 virus.,"Isolate, wear a mask, monitor oxygen levels.","Paracetamol, Vitamin C, Zinc, prescribed antivirals if severe.",Seek immediate medical attention if oxygen drops below 94% or you have difficulty breathing.
"suffering from sneezing, congestion, runny nose, sore throat, mild fever, cough",Common Cold,A common viral infection of the nose and throat.,"Rest, drink plenty of fluids, wash hands often.","Paracetamol, Ibuprofen, Decongestants, Cough syrup.",Consult if symptoms last more than a week or if you develop a high fever.
"suffering from stomach pain, prolonged high fever, weakness",Typhoid,"A bacterial infection that can lead to a high fever, diarrhea, and vomiting.","Drink boiled or bottled water, avoid raw foods.","Antibiotics (prescription only), Paracetamol for fever.",Requires immediate medical consultation for a proper antibiotic course.
"experiencing nasal congestion, itchy throat, watery eyes, runny nose, sneezing, itchy eyes",Allergic Rhinitis,"An allergic response causing itchy, watery eyes, sneezing, and other similar symptoms.","Avoid allergens (dust, pollen), keep indoors during high pollen seasons.","Antihistamines (Cetirizine, Loratadine), Nasal corticosteroids.",Consult an allergist if symptoms are severe and unresponsive to over-the-counter medicine.
"feeling vomiting, nausea, sensitivity to light, throbbing pain",Migraine,"A neurological condition that can cause multiple symptoms, frequently characterized by intense, debilitating headaches.","Rest in a quiet and dark room, avoid known triggers like caffeine or stress.","Ibuprofen, Triptans (prescription), Aspirin.",Consult a neurologist if migraines are frequent and severely disrupt daily life.
"experiencing dry cough, loss of taste, fever, sore throat",COVID-19,A highly contagious respiratory illness caused by the SARS-CoV-2 virus.,"Isolate, wear a mask, monitor oxygen levels.","Paracetamol, Vitamin C, Zinc, prescribed antivirals if severe.",Seek immediate medical attention if oxygen drops below 94% or you have difficulty breathing.
"feeling joint pain, high fever, severe headache, pain behind eyes, rash, fatigue",Dengue Fever,A mosquito-borne viral disease occurring in tropical and subtropical areas.,"Use mosquito nets, wear long sleeves, use repellents.",Paracetamol for fever. STRICTLY AVOID Aspirin or Ibuprofen.,Hospitalization may be required; consult immediately if experiencing severe abdominal pain or bleeding.
"i have fatigue, joint pain, muscle pain, pain behind eyes, severe headache, rash, high fever",Dengue Fever,A mosquito-borne viral disease occurring in tropical and subtropical areas.,"Use mosquito nets, wear long sleeves, use repellents.",Paracetamol for fever. STRICTLY AVOID Aspirin or Ibuprofen.,Hospitalization may be required; consult immediately if experiencing severe abdominal pain or bleeding.
"suffering from rash, stomach pain, weakness",Typhoid,"A bacterial infection that can lead to a high fever, diarrhea, and vomiting.","Drink boiled or bottled water, avoid raw foods.","Antibiotics (prescription only), Paracetamol for fever.",Requires immediate medical consultation for a proper antibiotic course.
"suffering from coughing episodes, chest tightness, shortness of breath",Asthma,A condition in which your airways narrow and swell and may produce extra mucus.,"Avoid triggers (smoke, strong odors), carry an inhaler always.","Bronchodilators (Albuterol inhaler), Inhaled corticosteroids.",Immediate emergency care required for severe shortness of breath or if an inhaler doesn't help.
"experiencing fatigue, loss of smell, loss of taste, body aches, shortness of breath, fever",COVID-19,A highly contagious respiratory illness caused by the SARS-CoV-2 virus.,"Isolate, wear a mask, monitor oxygen levels.","Paracetamol, Vitamin C, Zinc, prescribed antivirals if severe.",Seek immediate medical attention if oxygen drops below 94% or you have difficulty breathing.
"suffering from chest tightness, coughing episodes, shortness of breath, wheezing",Asthma,A condition in which your airways narrow and swell and may produce extra mucus.,"Avoid triggers (smoke, strong odors), carry an inhaler always.","Bronchodilators (Albuterol inhaler), Inhaled corticosteroids.",Immediate emergency care required for severe shortness of breath or if an inhaler doesn't help.
"i have pain behind eyes, severe headache, rash, muscle pain, fatigue, high fever",Dengue Fever,A mosquito-borne viral disease occurring in tropical and subtropical areas.,"Use mosquito nets, wear long sleeves, use repellents.",Paracetamol for fever. STRICTLY AVOID Aspirin or Ibuprofen.,Hospitalization may be required; consult immediately if experiencing severe abdominal pain or bleeding.
"experiencing stomach pain, prolonged high fever, rash",Typhoid,"A bacterial infection that can lead to a high fever, diarrhea, and vomiting.","Drink boiled or bottled water, avoid raw foods.","Antibiotics (prescription only), Paracetamol for fever.",Requires immediate medical consultation for a proper antibiotic course.
"feeling sore throat, sneezing",Common Cold,A common viral infection of the nose and throat.,"Rest, drink plenty of fluids, wash hands often.","Paracetamol, Ibuprofen, Decongestants, Cough syrup.",Consult if symptoms last more than a week or if you develop a high fever.
"i have sensitivity to light, sensitivity to sound, severe headache, throbbing pain",Migraine,"A neurological condition that can cause multiple symptoms, frequently characterized by intense, debilitating headaches.","Rest in a quiet and dark room, avoid known triggers like caffeine or stress.","Ibuprofen, Triptans (prescription), Aspirin.",Consult a neurologist if migraines are frequent and severely disrupt daily life.
"experiencing chills, dry cough, high fever, sweats, muscle aches",Influenza (Flu),A viral infection that attacks your respiratory system.,"Strict bed rest, isolate yourself, stay hydrated.","Oseltamivir (if prescribed early), Paracetamol for fever.",Consult a doctor immediately if you experience shortness of breath or persistent chest pain.
"experiencing itchy throat, watery eyes, itchy eyes, sneezing, runny nose, nasal congestion",Allergic Rhinitis,"An allergic response causing itchy, watery eyes, sneezing, and other similar symptoms.","Avoid allergens (dust, pollen), keep indoors during high pollen seasons.","Antihistamines (Cetirizine, Loratadine), Nasal corticosteroids.",Consult an allergist if symptoms are severe and unresponsive to over-the-counter medicine.
"nasal congestion, runny nose",Allergic Rhinitis,"An allergic response causing itchy, watery eyes, sneezing, and other similar symptoms.","Avoid allergens (dust, pollen), keep indoors during high pollen seasons.","Antihistamines (Cetirizine, Loratadine), Nasal corticosteroids.",Consult an allergist if symptoms are severe and unresponsive to over-the-counter medicine.
"suffering from loss of smell, body aches, shortness of breath, loss of taste",COVID-19,A highly contagious respiratory illness caused by the SARS-CoV-2 virus.,"Isolate, wear a mask, monitor oxygen levels.","Paracetamol, Vitamin C, Zinc, prescribed antivirals if severe.",Seek immediate medical attention if oxygen drops below 94% or you have difficulty breathing.
"i have cough, sore throat, congestion",Common Cold,A common viral infection of the nose and throat.,"Rest, drink plenty of fluids, wash hands often.","Paracetamol, Ibuprofen, Decongestants, Cough syrup.",Consult if symptoms last more than a week or if you develop a high fever.
"experiencing muscle aches, vomiting, nausea, diarrhea",Gastroenteritis (Stomach Flu),"An intestinal infection marked by diarrhea, cramps, nausea, vomiting, and fever.","Stay hydrated, eat bland foods, wash hands thoroughly.","Oral rehydration salts (ORS), Loperamide (if advised).","Consult if you cannot keep liquids down for 24 hours, or if there is blood in stool."
"experiencing mild fever, sore throat, sneezing, runny nose, congestion",Common Cold,A common viral infection of the nose and throat.,"Rest, drink plenty of fluids, wash hands often.","Paracetamol, Ibuprofen, Decongestants, Cough syrup.",Consult if symptoms last more than a week or if you develop a high fever.
"feeling throbbing pain, nausea, sensitivity to light, vomiting",Migraine,"A neurological condition that can cause multiple symptoms, frequently characterized by intense, debilitating headaches.","Rest in a quiet and dark room, avoid known triggers like caffeine or stress.","Ibuprofen, Triptans (prescription), Aspirin.",Consult a neurologist if migraines are frequent and severely disrupt daily life.
"feeling runny nose, sneezing, itchy throat, watery eyes, itchy eyes",Allergic Rhinitis,"An allergic response causing itchy, watery eyes, sneezing, and other similar symptoms.","Avoid allergens (dust, pollen), keep indoors during high pollen seasons.","Antihistamines (Cetirizine, Loratadine), Nasal corticosteroids.",Consult an allergist if symptoms are severe and unresponsive to over-the-counter medicine.
"experiencing itchy throat, watery eyes, sneezing",Allergic Rhinitis,"An allergic response causing itchy, watery eyes, sneezing, and other similar symptoms.","Avoid allergens (dust, pollen), keep indoors during high pollen seasons.","Antihistamines (Cetirizine, Loratadine), Nasal corticosteroids.",Consult an allergist if symptoms are severe and unresponsive to over-the-counter medicine.
"suffering from fever, diarrhea, nausea, vomiting, abdominal cramps",Food Poisoning,Illness caused by eating contaminated food.,"Rest, stay hydrated with sips of water or clear broths.","Oral rehydration salts, Bismuth subsalicylate.","Consult a doctor if symptoms last more than a few days, or if you have a very high fever."
"suffering from fatigue, fever, sore throat, loss of smell, loss of taste, dry cough",COVID-19,A highly contagious respiratory illness caused by the SARS-CoV-2 virus.,"Isolate, wear a mask, monitor oxygen levels.","Paracetamol, Vitamin C, Zinc, prescribed antivirals if severe.",Seek immediate medical attention if oxygen drops below 94% or you have difficulty breathing.
"i have diarrhea, vomiting, abdominal cramps",Food Poisoning,Illness caused by eating contaminated food.,"Rest, stay hydrated with sips of water or clear broths.","Oral rehydration salts, Bismuth subsalicylate.","Consult a doctor if symptoms last more than a few days, or if you have a very high fever."
"experiencing nausea, stomach cramps, vomiting, low-grade fever",Gastroenteritis (Stomach Flu),"An intestinal infection marked by diarrhea, cramps, nausea, vomiting, and fever.","Stay hydrated, eat bland foods, wash hands thoroughly.","Oral rehydration salts (ORS), Loperamide (if advised).","Consult if you cannot keep liquids down for 24 hours, or if there is blood in stool."
"suffering from stomach pain, headache, prolonged high fever, loss of appetite, rash, weakness",Typhoid,"A bacterial infection that can lead to a high fever, diarrhea, and vomiting.","Drink boiled or bottled water, avoid raw foods.","Antibiotics (prescription only), Paracetamol for fever.",Requires immediate medical consultation for a proper antibiotic course.
"suffering from vomiting, diarrhea, abdominal cramps, fever, weakness, nausea",Food Poisoning,Illness caused by eating contaminated food.,"Rest, stay hydrated with sips of water or clear broths.","Oral rehydration salts, Bismuth subsalicylate.","Consult a doctor if symptoms last more than a few days, or if you have a very high fever."
"i have pain behind eyes, fatigue, joint pain, rash",Dengue Fever,A mosquito-borne viral disease occurring in tropical and subtropical areas.,"Use mosquito nets, wear long sleeves, use repellents.",Paracetamol for fever. STRICTLY AVOID Aspirin or Ibuprofen.,Hospitalization may be required; consult immediately if experiencing severe abdominal pain or bleeding.
"i have fever, fatigue, dry cough, loss of smell",COVID-19,A highly contagious respiratory illness caused by the SARS-CoV-2 virus.,"Isolate, wear a mask, monitor oxygen levels.","Paracetamol, Vitamin C, Zinc, prescribed antivirals if severe.",Seek immediate medical attention if oxygen drops below 94% or you have difficulty breathing.
"i have rapid breathing, coughing episodes",Asthma,A condition in which your airways narrow and swell and may produce extra mucus.,"Avoid triggers (smoke, strong odors), carry an inhaler always.","Bronchodilators (Albuterol inhaler), Inhaled corticosteroids.",Immediate emergency care required for severe shortness of breath or if an inhaler doesn't help.
"i have stomach cramps, low-grade fever, muscle aches, vomiting",Gastroenteritis (Stomach Flu),"An intestinal infection marked by diarrhea, cramps, nausea, vomiting, and fever.","Stay hydrated, eat bland foods, wash hands thoroughly.","Oral rehydration salts (ORS), Loperamide (if advised).","Consult if you cannot keep liquids down for 24 hours, or if there is blood in stool."
"feeling vomiting, nausea, throbbing pain",Migraine,"A neurological condition that can cause multiple symptoms, frequently characterized by intense, debilitating headaches.","Rest in a quiet and dark room, avoid known triggers like caffeine or stress.","Ibuprofen, Triptans (prescription), Aspirin.",Consult a neurologist if migraines are frequent and severely disrupt daily life.
"experiencing diarrhea, nausea, low-grade fever, muscle aches, stomach cramps",Gastroenteritis (Stomach Flu),"An intestinal infection marked by diarrhea, cramps, nausea, vomiting, and fever.","Stay hydrated, eat bland foods, wash hands thoroughly.","Oral rehydration salts (ORS), Loperamide (if advised).","Consult if you cannot keep liquids down for 24 hours, or if there is blood in stool."
"experiencing rapid breathing, chest tightness, shortness of breath, coughing episodes",Asthma,A condition in which your airways narrow and swell and may produce extra mucus.,"Avoid triggers (smoke, strong odors), carry an inhaler always.","Bronchodilators (Albuterol inhaler), Inhaled corticosteroids.",Immediate emergency care required for severe shortness of breath or if an inhaler doesn't help.
"low-grade fever, nausea, muscle aches, diarrhea, vomiting",Gastroenteritis (Stomach Flu),"An intestinal infection marked by diarrhea, cramps, nausea, vomiting, and fever.","Stay hydrated, eat bland foods, wash hands thoroughly.","Oral rehydration salts (ORS), Loperamide (if advised).","Consult if you cannot keep liquids down for 24 hours, or if there is blood in stool."
"suffering from stomach pain, prolonged high fever, loss of appetite, rash, weakness",Typhoid,"A bacterial infection that can lead to a high fever, diarrhea, and vomiting.","Drink boiled or bottled water, avoid raw foods.","Antibiotics (prescription only), Paracetamol for fever.",Requires immediate medical consultation for a proper antibiotic course.
"i have headache, stomach pain",Typhoid,"A bacterial infection that can lead to a high fever, diarrhea, and vomiting.","Drink boiled or bottled water, avoid raw foods.","Antibiotics (prescription only), Paracetamol for fever.",Requires immediate medical consultation for a proper antibiotic course.
"suffering from fever, vomiting, weakness, abdominal cramps, nausea",Food Poisoning,Illness caused by eating contaminated food.,"Rest, stay hydrated with sips of water or clear broths.","Oral rehydration salts, Bismuth subsalicylate.","Consult a doctor if symptoms last more than a few days, or if you have a very high fever."
"i have shortness of breath, loss of taste, dry cough, loss of smell, body aches, fever, fatigue, sore throat",COVID-19,A highly contagious respiratory illness caused by the SARS-CoV-2 virus.,"Isolate, wear a mask, monitor oxygen levels.","Paracetamol, Vitamin C, Zinc, prescribed antivirals if severe.",Seek immediate medical attention if oxygen drops below 94% or you have difficulty breathing.
"suffering from runny nose, cough",Common Cold,A common viral infection of the nose and throat.,"Rest, drink plenty of fluids, wash hands often.","Paracetamol, Ibuprofen, Decongestants, Cough syrup.",Consult if symptoms last more than a week or if you develop a high fever.
"feeling congestion, sneezing, runny nose, sore throat, mild fever, cough",Common Cold,A common viral infection of the nose and throat.,"Rest, drink plenty of fluids, wash hands often.","Paracetamol, Ibuprofen, Decongestants, Cough syrup.",Consult if symptoms last more than a week or if you develop a high fever.
"experiencing chills, sweats, muscle aches, headache, high fever",Influenza (Flu),A viral infection that attacks your respiratory system.,"Strict bed rest, isolate yourself, stay hydrated.","Oseltamivir (if prescribed early), Paracetamol for fever.",Consult a doctor immediately if you experience shortness of breath or persistent chest pain.
"vomiting, diarrhea",Gastroenteritis (Stomach Flu),"An intestinal infection marked by diarrhea, cramps, nausea, vomiting, and fever.","Stay hydrated, eat bland foods, wash hands thoroughly.","Oral rehydration salts (ORS), Loperamide (if advised).","Consult if you cannot keep liquids down for 24 hours, or if there is blood in stool."
"i have diarrhea, vomiting",Food Poisoning,Illness caused by eating contaminated food.,"Rest, stay hydrated with sips of water or clear broths.","Oral rehydration salts, Bismuth subsalicylate.","Consult a doctor if symptoms last more than a few days, or if you have a very high fever."
"experiencing nasal congestion, sneezing, runny nose",Allergic Rhinitis,"An allergic response causing itchy, watery eyes, sneezing, and other similar symptoms.","Avoid allergens (dust, pollen), keep indoors during high pollen seasons.","Antihistamines (Cetirizine, Loratadine), Nasal corticosteroids.",Consult an allergist if symptoms are severe and unresponsive to over-the-counter medicine.
"feeling vomiting, abdominal cramps, weakness, fever",Food Poisoning,Illness caused by eating contaminated food.,"Rest, stay hydrated with sips of water or clear broths.","Oral rehydration salts, Bismuth subsalicylate.","Consult a doctor if symptoms last more than a few days, or if you have a very high fever."
"feeling wheezing, coughing episodes, shortness of breath, chest tightness, rapid breathing",Asthma,A condition in which your airways narrow and swell and may produce extra mucus.,"Avoid triggers (smoke, strong odors), carry an inhaler always.","Bronchodilators (Albuterol inhaler), Inhaled corticosteroids.",Immediate emergency care required for severe shortness of breath or if an inhaler doesn't help.
"experiencing vomiting, nausea, weakness",Food Poisoning,Illness caused by eating contaminated food.,"Rest, stay hydrated with sips of water or clear broths.","Oral rehydration salts, Bismuth subsalicylate.","Consult a doctor if symptoms last more than a few days, or if you have a very high fever."
"experiencing congestion, cough, mild fever, sore throat",Common Cold,A common viral infection of the nose and throat.,"Rest, drink plenty of fluids, wash hands often.","Paracetamol, Ibuprofen, Decongestants, Cough syrup.",Consult if symptoms last more than a week or if you develop a high fever.
"experiencing weakness, headache, prolonged high fever",Typhoid,"A bacterial infection that can lead to a high fever, diarrhea, and vomiting.","Drink boiled or bottled water, avoid raw foods.","Antibiotics (prescription only), Paracetamol for fever.",Requires immediate medical consultation for a proper antibiotic course.
"suffering from wheezing, coughing episodes",Asthma,A condition in which your airways narrow and swell and may produce extra mucus.,"Avoid triggers (smoke, strong odors), carry an inhaler always.","Bronchodilators (Albuterol inhaler), Inhaled corticosteroids.",Immediate emergency care required for severe shortness of breath or if an inhaler doesn't help.
"experiencing pain behind eyes, fatigue, rash, muscle pain",Dengue Fever,A mosquito-borne viral disease occurring in tropical and subtropical areas.,"Use mosquito nets, wear long sleeves, use repellents.",Paracetamol for fever. STRICTLY AVOID Aspirin or Ibuprofen.,Hospitalization may be required; consult immediately if experiencing severe abdominal pain or bleeding.
"weakness, nausea, fever, vomiting, diarrhea, abdominal cramps",Food Poisoning,Illness caused by eating contaminated food.,"Rest, stay hydrated with sips of water or clear broths.","Oral rehydration salts, Bismuth subsalicylate.","Consult a doctor if symptoms last more than a few days, or if you have a very high fever."
"suffering from abdominal cramps, diarrhea, vomiting, nausea, weakness, fever",Food Poisoning,Illness caused by eating contaminated food.,"Rest, stay hydrated with sips of water or clear broths.","Oral rehydration salts, Bismuth subsalicylate.","Consult a doctor if symptoms last more than a few days, or if you have a very high fever."
"feeling muscle aches, high fever, headache",Influenza (Flu),A viral infection that attacks your respiratory system.,"Strict bed rest, isolate yourself, stay hydrated.","Oseltamivir (if prescribed early), Paracetamol for fever.",Consult a doctor immediately if you experience shortness of breath or persistent chest pain.
"feeling nausea, vomiting, low-grade fever",Gastroenteritis (Stomach Flu),"An intestinal infection marked by diarrhea, cramps, nausea, vomiting, and fever.","Stay hydrated, eat bland foods, wash hands thoroughly.","Oral rehydration salts (ORS), Loperamide (if advised).","Consult if you cannot keep liquids down for 24 hours, or if there is blood in stool."
"suffering from watery eyes, itchy eyes, sneezing",Allergic Rhinitis,"An allergic response causing itchy, watery eyes, sneezing, and other similar symptoms.","Avoid allergens (dust, pollen), keep indoors during high pollen seasons.","Antihistamines (Cetirizine, Loratadine), Nasal corticosteroids.",Consult an allergist if symptoms are severe and unresponsive to over-the-counter medicine.
"experiencing rash, high fever",Dengue Fever,A mosquito-borne viral disease occurring in tropical and subtropical areas.,"Use mosquito nets, wear long sleeves, use repellents.",Paracetamol for fever. STRICTLY AVOID Aspirin or Ibuprofen.,Hospitalization may be required; consult immediately if experiencing severe abdominal pain or bleeding.
"suffering from loss of appetite, stomach pain, prolonged high fever",Typhoid,"A bacterial infection that can lead to a high fever, diarrhea, and vomiting.","Drink boiled or bottled water, avoid raw foods.","Antibiotics (prescription only), Paracetamol for fever.",Requires immediate medical consultation for a proper antibiotic course.
"loss of appetite, headache, stomach pain, rash, weakness",Typhoid,"A bacterial infection that can lead to a high fever, diarrhea, and vomiting.","Drink boiled or bottled water, avoid raw foods.","Antibiotics (prescription only), Paracetamol for fever.",Requires immediate medical consultation for a proper antibiotic course.
"rash, fatigue, joint pain, severe headache, muscle pain, pain behind eyes",Dengue Fever,A mosquito-borne viral disease occurring in tropical and subtropical areas.,"Use mosquito nets, wear long sleeves, use repellents.",Paracetamol for fever. STRICTLY AVOID Aspirin or Ibuprofen.,Hospitalization may be required; consult immediately if experiencing severe abdominal pain or bleeding.
"feeling weakness, headache",Typhoid,"A bacterial infection that can lead to a high fever, diarrhea, and vomiting.","Drink boiled or bottled water, avoid raw foods.","Antibiotics (prescription only), Paracetamol for fever.",Requires immediate medical consultation for a proper antibiotic course.
"throbbing pain, sensitivity to sound, sensitivity to light",Migraine,"A neurological condition that can cause multiple symptoms, frequently characterized by intense, debilitating headaches.","Rest in a quiet and dark room, avoid known triggers like caffeine or stress.","Ibuprofen, Triptans (prescription), Aspirin.",Consult a neurologist if migraines are frequent and severely disrupt daily life.
"vomiting, diarrhea, muscle aches",Gastroenteritis (Stomach Flu),"An intestinal infection marked by diarrhea, cramps, nausea, vomiting, and fever.","Stay hydrated, eat bland foods, wash hands thoroughly.","Oral rehydration salts (ORS), Loperamide (if advised).","Consult if you cannot keep liquids down for 24 hours, or if there is blood in stool."
"experiencing nausea, diarrhea, vomiting, low-grade fever, muscle aches, stomach cramps",Gastroenteritis (Stomach Flu),"An intestinal infection marked by diarrhea, cramps, nausea, vomiting, and fever.","Stay hydrated, eat bland foods, wash hands thoroughly.","Oral rehydration salts (ORS), Loperamide (if advised).","Consult if you cannot keep liquids down for 24 hours, or if there is blood in stool."
"suffering from severe headache, sensitivity to light, nausea, vomiting",Migraine,"A neurological condition that can cause multiple symptoms, frequently characterized by intense, debilitating headaches.","Rest in a quiet and dark room, avoid known triggers like caffeine or stress.","Ibuprofen, Triptans (prescription), Aspirin.",Consult a neurologist if migraines are frequent and severely disrupt daily life.
"i have joint pain, pain behind eyes, high fever, rash",Dengue Fever,A mosquito-borne viral disease occurring in tropical and subtropical areas.,"Use mosquito nets, wear long sleeves, use repellents.",Paracetamol for fever. STRICTLY AVOID Aspirin or Ibuprofen.,Hospitalization may be required; consult immediately if experiencing severe abdominal pain or bleeding.
"experiencing dry cough, high fever, chills, muscle aches, fatigue",Influenza (Flu),A viral infection that attacks your respiratory system.,"Strict bed rest, isolate yourself, stay hydrated.","Oseltamivir (if prescribed early), Paracetamol for fever.",Consult a doctor immediately if you experience shortness of breath or persistent chest pain.
"experiencing dry cough, sore throat, fatigue, shortness of breath, loss of taste, fever, loss of smell, body aches",COVID-19,A highly contagious respiratory illness caused by the SARS-CoV-2 virus.,"Isolate, wear a mask, monitor oxygen levels.","Paracetamol, Vitamin C, Zinc, prescribed antivirals if severe.",Seek immediate medical attention if oxygen drops below 94% or you have difficulty breathing.
"feeling muscle aches, nausea",Gastroenteritis (Stomach Flu),"An intestinal infection marked by diarrhea, cramps, nausea, vomiting, and fever.","Stay hydrated, eat bland foods, wash hands thoroughly.","Oral rehydration salts (ORS), Loperamide (if advised).","Consult if you cannot keep liquids down for 24 hours, or if there is blood in stool."
"feeling shortness of breath, loss of taste, body aches, loss of smell, fever, sore throat, dry cough",COVID-19,A highly contagious respiratory illness caused by the SARS-CoV-2 virus.,"Isolate, wear a mask, monitor oxygen levels.","Paracetamol, Vitamin C, Zinc, prescribed antivirals if severe.",Seek immediate medical attention if oxygen drops below 94% or you have difficulty breathing.
"feeling loss of appetite, weakness, headache, stomach pain, rash, prolonged high fever",Typhoid,"A bacterial infection that can lead to a high fever, diarrhea, and vomiting.","Drink boiled or bottled water, avoid raw foods.","Antibiotics (prescription only), Paracetamol for fever.",Requires immediate medical consultation for a proper antibiotic course.
"i have sneezing, cough, mild fever, congestion, sore throat",Common Cold,A common viral infection of the nose and throat.,"Rest, drink plenty of fluids, wash hands often.","Paracetamol, Ibuprofen, Decongestants, Cough syrup.",Consult if symptoms last more than a week or if you develop a high fever.
"experiencing mild fever, sneezing, congestion, cough, sore throat, runny nose",Common Cold,A common viral infection of the nose and throat.,"Rest, drink plenty of fluids, wash hands often.","Paracetamol, Ibuprofen, Decongestants, Cough syrup.",Consult if symptoms last more than a week or if you develop a high fever.
"experiencing dry cough, headache, high fever",Influenza (Flu),A viral infection that attacks your respiratory system.,"Strict bed rest, isolate yourself, stay hydrated.","Oseltamivir (if prescribed early), Paracetamol for fever.",Consult a doctor immediately if you experience shortness of breath or persistent chest pain.
"feeling muscle aches, stomach cramps, diarrhea, vomiting, nausea",Gastroenteritis (Stomach Flu),"An intestinal infection marked by diarrhea, cramps, nausea, vomiting, and fever.","Stay hydrated, eat bland foods, wash hands thoroughly.","Oral rehydration salts (ORS), Loperamide (if advised).","Consult if you cannot keep liquids down for 24 hours, or if there is blood in stool."
"loss of taste, sore throat, dry cough, shortness of breath, fever, loss of smell, body aches",COVID-19,A highly contagious respiratory illness caused by the SARS-CoV-2 virus.,"Isolate, wear a mask, monitor oxygen levels.","Paracetamol, Vitamin C, Zinc, prescribed antivirals if severe.",Seek immediate medical attention if oxygen drops below 94% or you have difficulty breathing.
"suffering from sore throat, congestion, sneezing, mild fever",Common Cold,A common viral infection of the nose and throat.,"Rest, drink plenty of fluids, wash hands often.","Paracetamol, Ibuprofen, Decongestants, Cough syrup.",Consult if symptoms last more than a week or if you develop a high fever.
"weakness, loss of appetite, headache, rash",Typhoid,"A bacterial infection that can lead to a high fever, diarrhea, and vomiting.","Drink boiled or bottled water, avoid raw foods.","Antibiotics (prescription only), Paracetamol for fever.",Requires immediate medical consultation for a proper antibiotic course.
"mild fever, sneezing, sore throat, runny nose, congestion, cough",Common Cold,A common viral infection of the nose and throat.,"Rest, drink plenty of fluids, wash hands often.","Paracetamol, Ibuprofen, Decongestants, Cough syrup.",Consult if symptoms last more than a week or if you develop a high fever.
"suffering from muscle pain, severe headache, rash",Dengue Fever,A mosquito-borne viral disease occurring in tropical and subtropical areas.,"Use mosquito nets, wear long sleeves, use repellents.",Paracetamol for fever. STRICTLY AVOID Aspirin or Ibuprofen.,Hospitalization may be required; consult immediately if experiencing severe abdominal pain or bleeding.
"wheezing, chest tightness, coughing episodes",Asthma,A condition in which your airways narrow and swell and may produce extra mucus.,"Avoid triggers (smoke, strong odors), carry an inhaler always.","Bronchodilators (Albuterol inhaler), Inhaled corticosteroids.",Immediate emergency care required for severe shortness of breath or if an inhaler doesn't help.
"feeling fever, vomiting, abdominal cramps, nausea, diarrhea, weakness",Food Poisoning,Illness caused by eating contaminated food.,"Rest, stay hydrated with sips of water or clear broths.","Oral rehydration salts, Bismuth subsalicylate.","Consult a doctor if symptoms last more than a few days, or if you have a very high fever."
"experiencing fatigue, rash, high fever, joint pain",Dengue Fever,A mosquito-borne viral disease occurring in tropical and subtropical areas.,"Use mosquito nets, wear long sleeves, use repellents.",Paracetamol for fever. STRICTLY AVOID Aspirin or Ibuprofen.,Hospitalization may be required; consult immediately if experiencing severe abdominal pain or bleeding.
"suffering from nasal congestion, itchy eyes, itchy throat",Allergic Rhinitis,"An allergic response causing itchy, watery eyes, sneezing, and other similar symptoms.","Avoid allergens (dust, pollen), keep indoors during high pollen seasons.","Antihistamines (Cetirizine, Loratadine), Nasal corticosteroids.",Consult an allergist if symptoms are severe and unresponsive to over-the-counter medicine.
"weakness, prolonged high fever, stomach pain, rash, loss of appetite, headache",Typhoid,"A bacterial infection that can lead to a high fever, diarrhea, and vomiting.","Drink boiled or bottled water, avoid raw foods.","Antibiotics (prescription only), Paracetamol for fever.",Requires immediate medical consultation for a proper antibiotic course.
"vomiting, stomach cramps, diarrhea, nausea, low-grade fever, muscle aches",Gastroenteritis (Stomach Flu),"An intestinal infection marked by diarrhea, cramps, nausea, vomiting, and fever.","Stay hydrated, eat bland foods, wash hands thoroughly.","Oral rehydration salts (ORS), Loperamide (if advised).","Consult if you cannot keep liquids down for 24 hours, or if there is blood in stool."
"i have cough, congestion, mild fever, runny nose, sneezing",Common Cold,A common viral infection of the nose and throat.,"Rest, drink plenty of fluids, wash hands often.","Paracetamol, Ibuprofen, Decongestants, Cough syrup.",Consult if symptoms last more than a week or if you develop a high fever.
"feeling fatigue, fever, loss of taste, loss of smell, body aches",COVID-19,A highly contagious respiratory illness caused by the SARS-CoV-2 virus.,"Isolate, wear a mask, monitor oxygen levels.","Paracetamol, Vitamin C, Zinc, prescribed antivirals if severe.",Seek immediate medical attention if oxygen drops below 94% or you have difficulty breathing.
"i have fever, weakness, nausea, diarrhea",Food Poisoning,Illness caused by eating contaminated food.,"Rest, stay hydrated with sips of water or clear broths.","Oral rehydration salts, Bismuth subsalicylate.","Consult a doctor if symptoms last more than a few days, or if you have a very high fever."
"diarrhea, nausea, muscle aches, low-grade fever, vomiting",Gastroenteritis (Stomach Flu),"An intestinal infection marked by diarrhea, cramps, nausea, vomiting, and fever.","Stay hydrated, eat bland foods, wash hands thoroughly.","Oral rehydration salts (ORS), Loperamide (if advised).","Consult if you cannot keep liquids down for 24 hours, or if there is blood in stool."
"runny nose, nasal congestion, sneezing, itchy throat, watery eyes",Allergic Rhinitis,"An allergic response causing itchy, watery eyes, sneezing, and other similar symptoms.","Avoid allergens (dust, pollen), keep indoors during high pollen seasons.","Antihistamines (Cetirizine, Loratadine), Nasal corticosteroids.",Consult an allergist if symptoms are severe and unresponsive to over-the-counter medicine.
"experiencing nausea, sensitivity to light, sensitivity to sound, severe headache, vomiting, throbbing pain",Migraine,"A neurological condition that can cause multiple symptoms, frequently characterized by intense, debilitating headaches.","Rest in a quiet and dark room, avoid known triggers like caffeine or stress.","Ibuprofen, Triptans (prescription), Aspirin.",Consult a neurologist if migraines are frequent and severely disrupt daily life.
"feeling abdominal cramps, weakness",Food Poisoning,Illness caused by eating contaminated food.,"Rest, stay hydrated with sips of water or clear broths.","Oral rehydration salts, Bismuth subsalicylate.","Consult a doctor if symptoms last more than a few days, or if you have a very high fever."
"suffering from pain behind eyes, muscle pain",Dengue Fever,A mosquito-borne viral disease occurring in tropical and subtropical areas.,"Use mosquito nets, wear long sleeves, use repellents.",Paracetamol for fever. STRICTLY AVOID Aspirin or Ibuprofen.,Hospitalization may be required; consult immediately if experiencing severe abdominal pain or bleeding.
"suffering from shortness of breath, sore throat, loss of smell, loss of taste, body aches, dry cough",COVID-19,A highly contagious respiratory illness caused by the SARS-CoV-2 virus.,"Isolate, wear a mask, monitor oxygen levels.","Paracetamol, Vitamin C, Zinc, prescribed antivirals if severe.",Seek immediate medical attention if oxygen drops below 94% or you have difficulty breathing.
"i have stomach cramps, nausea",Gastroenteritis (Stomach Flu),"An intestinal infection marked by diarrhea, cramps, nausea, vomiting, and fever.","Stay hydrated, eat bland foods, wash hands thoroughly.","Oral rehydration salts (ORS), Loperamide (if advised).","Consult if you cannot keep liquids down for 24 hours, or if there is blood in stool."
"stomach pain, rash, prolonged high fever, loss of appetite, weakness",Typhoid,"A bacterial infection that can lead to a high fever, diarrhea, and vomiting.","Drink boiled or bottled water, avoid raw foods.","Antibiotics (prescription only), Paracetamol for fever.",Requires immediate medical consultation for a proper antibiotic course.
"stomach pain, headache, rash, loss of appetite, prolonged high fever, weakness",Typhoid,"A bacterial infection that can lead to a high fever, diarrhea, and vomiting.","Drink boiled or bottled water, avoid raw foods.","Antibiotics (prescription only), Paracetamol for fever.",Requires immediate medical consultation for a proper antibiotic course.
"nausea, fever, vomiting, abdominal cramps, weakness",Food Poisoning,Illness caused by eating contaminated food.,"Rest, stay hydrated with sips of water or clear broths.","Oral rehydration salts, Bismuth subsalicylate.","Consult a doctor if symptoms last more than a few days, or if you have a very high fever."
"rash, loss of appetite, stomach pain",Typhoid,"A bacterial infection that can lead to a high fever, diarrhea, and vomiting.","Drink boiled or bottled water, avoid raw foods.","Antibiotics (prescription only), Paracetamol for fever.",Requires immediate medical consultation for a proper antibiotic course.
"feeling mild fever, sneezing, congestion, runny nose, cough",Common Cold,A common viral infection of the nose and throat.,"Rest, drink plenty of fluids, wash hands often.","Paracetamol, Ibuprofen, Decongestants, Cough syrup.",Consult if symptoms last more than a week or if you develop a high fever.
"congestion, mild fever",Common Cold,A common viral infection of the nose and throat.,"Rest, drink plenty of fluids, wash hands often.","Paracetamol, Ibuprofen, Decongestants, Cough syrup.",Consult if symptoms last more than a week or if you develop a high fever.
"i have nausea, fever, vomiting, diarrhea, abdominal cramps, weakness",Food Poisoning,Illness caused by eating contaminated food.,"Rest, stay hydrated with sips of water or clear broths.","Oral rehydration salts, Bismuth subsalicylate.","Consult a doctor if symptoms last more than a few days, or if you have a very high fever."
"suffering from sore throat, congestion, sneezing, cough, runny nose, mild fever",Common Cold,A common viral infection of the nose and throat.,"Rest, drink plenty of fluids, wash hands often.","Paracetamol, Ibuprofen, Decongestants, Cough syrup.",Consult if symptoms last more than a week or if you develop a high fever.
"i have stomach cramps, vomiting",Gastroenteritis (Stomach Flu),"An intestinal infection marked by diarrhea, cramps, nausea, vomiting, and fever.","Stay hydrated, eat bland foods, wash hands thoroughly.","Oral rehydration salts (ORS), Loperamide (if advised).","Consult if you cannot keep liquids down for 24 hours, or if there is blood in stool."
"nausea, stomach cramps",Gastroenteritis (Stomach Flu),"An intestinal infection marked by diarrhea, cramps, nausea, vomiting, and fever.","Stay hydrated, eat bland foods, wash hands thoroughly.","Oral rehydration salts (ORS), Loperamide (if advised).","Consult if you cannot keep liquids down for 24 hours, or if there is blood in stool."
"headache, rash, weakness, loss of appetite, prolonged high fever, stomach pain",Typhoid,"A bacterial infection that can lead to a high fever, diarrhea, and vomiting.","Drink boiled or bottled water, avoid raw foods.","Antibiotics (prescription only), Paracetamol for fever.",Requires immediate medical consultation for a proper antibiotic course.
"i have nausea, severe headache, sensitivity to sound, sensitivity to light",Migraine,"A neurological condition that can cause multiple symptoms, frequently characterized by intense, debilitating headaches.","Rest in a quiet and dark room, avoid known triggers like caffeine or stress.","Ibuprofen, Triptans (prescription), Aspirin.",Consult a neurologist if migraines are frequent and severely disrupt daily life.
"i have rash, muscle pain, fatigue, joint pain",Dengue Fever,A mosquito-borne viral disease occurring in tropical and subtropical areas.,"Use mosquito nets, wear long sleeves, use repellents.",Paracetamol for fever. STRICTLY AVOID Aspirin or Ibuprofen.,Hospitalization may be required; consult immediately if experiencing severe abdominal pain or bleeding.
"experiencing nausea, sensitivity to light, sensitivity to sound, vomiting, severe headache, throbbing pain",Migraine,"A neurological condition that can cause multiple symptoms, frequently characterized by intense, debilitating headaches.","Rest in a quiet and dark room, avoid known triggers like caffeine or stress.","Ibuprofen, Triptans (prescription), Aspirin.",Consult a neurologist if migraines are frequent and severely disrupt daily life.
"suffering from stomach cramps, vomiting, low-grade fever, diarrhea, nausea",Gastroenteritis (Stomach Flu),"An intestinal infection marked by diarrhea, cramps, nausea, vomiting, and fever.","Stay hydrated, eat bland foods, wash hands thoroughly.","Oral rehydration salts (ORS), Loperamide (if advised).","Consult if you cannot keep liquids down for 24 hours, or if there is blood in stool."
"experiencing cough, congestion",Common Cold,A common viral infection of the nose and throat.,"Rest, drink plenty of fluids, wash hands often.","Paracetamol, Ibuprofen, Decongestants, Cough syrup.",Consult if symptoms last more than a week or if you develop a high fever.
"experiencing joint pain, muscle pain, severe headache, fatigue, rash",Dengue Fever,A mosquito-borne viral disease occurring in tropical and subtropical areas.,"Use mosquito nets, wear long sleeves, use repellents.",Paracetamol for fever. STRICTLY AVOID Aspirin or Ibuprofen.,Hospitalization may be required; consult immediately if experiencing severe abdominal pain or bleeding.
"diarrhea, nausea",Gastroenteritis (Stomach Flu),"An intestinal infection marked by diarrhea, cramps, nausea, vomiting, and fever.","Stay hydrated, eat bland foods, wash hands thoroughly.","Oral rehydration salts (ORS), Loperamide (if advised).","Consult if you cannot keep liquids down for 24 hours, or if there is blood in stool."
"suffering from muscle pain, joint pain, severe headache, high fever, pain behind eyes, rash",Dengue Fever,A mosquito-borne viral disease occurring in tropical and subtropical areas.,"Use mosquito nets, wear long sleeves, use repellents.",Paracetamol for fever. STRICTLY AVOID Aspirin or Ibuprofen.,Hospitalization may be required; consult immediately if experiencing severe abdominal pain or bleeding.
"suffering from muscle aches, dry cough, sweats",Influenza (Flu),A viral infection that attacks your respiratory system.,"Strict bed rest, isolate yourself, stay hydrated.","Oseltamivir (if prescribed early), Paracetamol for fever.",Consult a doctor immediately if you experience shortness of breath or persistent chest pain.
"experiencing itchy eyes, nasal congestion, watery eyes, sneezing, itchy throat",Allergic Rhinitis,"An allergic response causing itchy, watery eyes, sneezing, and other similar symptoms.","Avoid allergens (dust, pollen), keep indoors during high pollen seasons.","Antihistamines (Cetirizine, Loratadine), Nasal corticosteroids.",Consult an allergist if symptoms are severe and unresponsive to over-the-counter medicine.
"suffering from loss of smell, body aches, loss of taste, dry cough",COVID-19,A highly contagious respiratory illness caused by the SARS-CoV-2 virus.,"Isolate, wear a mask, monitor oxygen levels.","Paracetamol, Vitamin C, Zinc, prescribed antivirals if severe.",Seek immediate medical attention if oxygen drops below 94% or you have difficulty breathing.
"experiencing joint pain, severe headache, fatigue, pain behind eyes, high fever, muscle pain, rash",Dengue Fever,A mosquito-borne viral disease occurring in tropical and subtropical areas.,"Use mosquito nets, wear long sleeves, use repellents.",Paracetamol for fever. STRICTLY AVOID Aspirin or Ibuprofen.,Hospitalization may be required; consult immediately if experiencing severe abdominal pain or bleeding.
"shortness of breath, fatigue, fever, loss of taste, sore throat",COVID-19,A highly contagious respiratory illness caused by the SARS-CoV-2 virus.,"Isolate, wear a mask, monitor oxygen levels.","Paracetamol, Vitamin C, Zinc, prescribed antivirals if severe.",Seek immediate medical attention if oxygen drops below 94% or you have difficulty breathing.
"i have itchy eyes, nasal congestion, watery eyes, runny nose, itchy throat",Allergic Rhinitis,"An allergic response causing itchy, watery eyes, sneezing, and other similar symptoms.","Avoid allergens (dust, pollen), keep indoors during high pollen seasons.","Antihistamines (Cetirizine, Loratadine), Nasal corticosteroids.",Consult an allergist if symptoms are severe and unresponsive to over-the-counter medicine.
"feeling rapid breathing, chest tightness",Asthma,A condition in which your airways narrow and swell and may produce extra mucus.,"Avoid triggers (smoke, strong odors), carry an inhaler always.","Bronchodilators (Albuterol inhaler), Inhaled corticosteroids.",Immediate emergency care required for severe shortness of breath or if an inhaler doesn't help.
"feeling runny nose, congestion, sore throat, mild fever",Common Cold,A common viral infection of the nose and throat.,"Rest, drink plenty of fluids, wash hands often.","Paracetamol, Ibuprofen, Decongestants, Cough syrup.",Consult if symptoms last more than a week or if you develop a high fever.
"suffering from watery eyes, sneezing, nasal congestion, runny nose, itchy eyes",Allergic Rhinitis,"An allergic response causing itchy, watery eyes, sneezing, and other similar symptoms.","Avoid allergens (dust, pollen), keep indoors during high pollen seasons.","Antihistamines (Cetirizine, Loratadine), Nasal corticosteroids.",Consult an allergist if symptoms are severe and unresponsive to over-the-counter medicine.
"experiencing headache, dry cough, fatigue, high fever, chills",Influenza (Flu),A viral infection that attacks your respiratory system.,"Strict bed rest, isolate yourself, stay hydrated.","Oseltamivir (if prescribed early), Paracetamol for fever.",Consult a doctor immediately if you experience shortness of breath or persistent chest pain.
"experiencing sensitivity to light, vomiting, severe headache, throbbing pain, nausea",Migraine,"A neurological condition that can cause multiple symptoms, frequently characterized by intense, debilitating headaches.","Rest in a quiet and dark room, avoid known triggers like caffeine or stress.","Ibuprofen, Triptans (prescription), Aspirin.",Consult a neurologist if migraines are frequent and severely disrupt daily life.
"rash, high fever, severe headache, pain behind eyes, fatigue, muscle pain",Dengue Fever,A mosquito-borne viral disease occurring in tropical and subtropical areas.,"Use mosquito nets, wear long sleeves, use repellents.",Paracetamol for fever. STRICTLY AVOID Aspirin or Ibuprofen.,Hospitalization may be required; consult immediately if experiencing severe abdominal pain or bleeding.
"feeling diarrhea, stomach cramps, low-grade fever, muscle aches, vomiting",Gastroenteritis (Stomach Flu),"An intestinal infection marked by diarrhea, cramps, nausea, vomiting, and fever.","Stay hydrated, eat bland foods, wash hands thoroughly.","Oral rehydration salts (ORS), Loperamide (if advised).","Consult if you cannot keep liquids down for 24 hours, or if there is blood in stool."
"experiencing diarrhea, muscle aches, nausea, stomach cramps",Gastroenteritis (Stomach Flu),"An intestinal infection marked by diarrhea, cramps, nausea, vomiting, and fever.","Stay hydrated, eat bland foods, wash hands thoroughly.","Oral rehydration salts (ORS), Loperamide (if advised).","Consult if you cannot keep liquids down for 24 hours, or if there is blood in stool."
"shortness of breath, fatigue, loss of taste, body aches, loss of smell, sore throat",COVID-19,A highly contagious respiratory illness caused by the SARS-CoV-2 virus.,"Isolate, wear a mask, monitor oxygen levels.","Paracetamol, Vitamin C, Zinc, prescribed antivirals if severe.",Seek immediate medical attention if oxygen drops below 94% or you have difficulty breathing.
"nasal congestion, itchy eyes, watery eyes",Allergic Rhinitis,"An allergic response causing itchy, watery eyes, sneezing, and other similar symptoms.","Avoid allergens (dust, pollen), keep indoors during high pollen seasons.","Antihistamines (Cetirizine, Loratadine), Nasal corticosteroids.",Consult an allergist if symptoms are severe and unresponsive to over-the-counter medicine.
"suffering from sneezing, watery eyes, runny nose, itchy eyes, itchy throat",Allergic Rhinitis,"An allergic response causing itchy, watery eyes, sneezing, and other similar symptoms.","Avoid allergens (dust, pollen), keep indoors during high pollen seasons.","Antihistamines (Cetirizine, Loratadine), Nasal corticosteroids.",Consult an allergist if symptoms are severe and unresponsive to over-the-counter medicine.
"suffering from muscle aches, nausea, diarrhea, vomiting",Gastroenteritis (Stomach Flu),"An intestinal infection marked by diarrhea, cramps, nausea, vomiting, and fever.","Stay hydrated, eat bland foods, wash hands thoroughly.","Oral rehydration salts (ORS), Loperamide (if advised).","Consult if you cannot keep liquids down for 24 hours, or if there is blood in stool."
"suffering from watery eyes, nasal congestion, itchy eyes",Allergic Rhinitis,"An allergic response causing itchy, watery eyes, sneezing, and other similar symptoms.","Avoid allergens (dust, pollen), keep indoors during high pollen seasons.","Antihistamines (Cetirizine, Loratadine), Nasal corticosteroids.",Consult an allergist if symptoms are severe and unresponsive to over-the-counter medicine.
"suffering from rash, stomach pain, prolonged high fever, loss of appetite",Typhoid,"A bacterial infection that can lead to a high fever, diarrhea, and vomiting.","Drink boiled or bottled water, avoid raw foods.","Antibiotics (prescription only), Paracetamol for fever.",Requires immediate medical consultation for a proper antibiotic course.
"experiencing shortness of breath, body aches, fever, dry cough, loss of smell, fatigue",COVID-19,A highly contagious respiratory illness caused by the SARS-CoV-2 virus.,"Isolate, wear a mask, monitor oxygen levels.","Paracetamol, Vitamin C, Zinc, prescribed antivirals if severe.",Seek immediate medical attention if oxygen drops below 94% or you have difficulty breathing.
"suffering from sore throat, sneezing, congestion, runny nose",Common Cold,A common viral infection of the nose and throat.,"Rest, drink plenty of fluids, wash hands often.","Paracetamol, Ibuprofen, Decongestants, Cough syrup.",Consult if symptoms last more than a week or if you develop a high fever.
"experiencing nausea, vomiting",Food Poisoning,Illness caused by eating contaminated food.,"Rest, stay hydrated with sips of water or clear broths.","Oral rehydration salts, Bismuth subsalicylate.","Consult a doctor if symptoms last more than a few days, or if you have a very high fever."
"chills, high fever, muscle aches, dry cough",Influenza (Flu),A viral infection that attacks your respiratory system.,"Strict bed rest, isolate yourself, stay hydrated.","Oseltamivir (if prescribed early), Paracetamol for fever.",Consult a doctor immediately if you experience shortness of breath or persistent chest pain.
"i have congestion, runny nose",Common Cold,A common viral infection of the nose and throat.,"Rest, drink plenty of fluids, wash hands often.","Paracetamol, Ibuprofen, Decongestants, Cough syrup.",Consult if symptoms last more than a week or if you develop a high fever.
"suffering from coughing episodes, wheezing",Asthma,A condition in which your airways narrow and swell and may produce extra mucus.,"Avoid triggers (smoke, strong odors), carry an inhaler always.","Bronchodilators (Albuterol inhaler), Inhaled corticosteroids.",Immediate emergency care required for severe shortness of breath or if an inhaler doesn't help.
"i have loss of appetite, weakness, stomach pain, rash",Typhoid,"A bacterial infection that can lead to a high fever, diarrhea, and vomiting.","Drink boiled or bottled water, avoid raw foods.","Antibiotics (prescription only), Paracetamol for fever.",Requires immediate medical consultation for a proper antibiotic course.
"chills, muscle aches, headache, sweats, high fever, fatigue",Influenza (Flu),A viral infection that attacks your respiratory system.,"Strict bed rest, isolate yourself, stay hydrated.","Oseltamivir (if prescribed early), Paracetamol for fever.",Consult a doctor immediately if you experience shortness of breath or persistent chest pain.
"suffering from shortness of breath, fatigue, loss of taste, dry cough",COVID-19,A highly contagious respiratory illness caused by the SARS-CoV-2 virus.,"Isolate, wear a mask, monitor oxygen levels.","Paracetamol, Vitamin C, Zinc, prescribed antivirals if severe.",Seek immediate medical attention if oxygen drops below 94% or you have difficulty breathing.
"experiencing runny nose, congestion, sore throat, mild fever",Common Cold,A common viral infection of the nose and throat.,"Rest, drink plenty of fluids, wash hands often.","Paracetamol, Ibuprofen, Decongestants, Cough syrup.",Consult if symptoms last more than a week or if you develop a high fever.
"feeling weakness, prolonged high fever",Typhoid,"A bacterial infection that can lead to a high fever, diarrhea, and vomiting.","Drink boiled or bottled water, avoid raw foods.","Antibiotics (prescription only), Paracetamol for fever.",Requires immediate medical consultation for a proper antibiotic course.
"feeling pain behind eyes, severe headache, muscle pain, rash, fatigue",Dengue Fever,A mosquito-borne viral disease occurring in tropical and subtropical areas.,"Use mosquito nets, wear long sleeves, use repellents.",Paracetamol for fever. STRICTLY AVOID Aspirin or Ibuprofen.,Hospitalization may be required; consult immediately if experiencing severe abdominal pain or bleeding.
"feeling muscle pain, pain behind eyes, fatigue, joint pain, high fever, rash",Dengue Fever,A mosquito-borne viral disease occurring in tropical and subtropical areas.,"Use mosquito nets, wear long sleeves, use repellents.",Paracetamol for fever. STRICTLY AVOID Aspirin or Ibuprofen.,Hospitalization may be required; consult immediately if experiencing severe abdominal pain or bleeding.
"suffering from coughing episodes, wheezing, chest tightness, shortness of breath, rapid breathing",Asthma,A condition in which your airways narrow and swell and may produce extra mucus.,"Avoid triggers (smoke, strong odors), carry an inhaler always.","Bronchodilators (Albuterol inhaler), Inhaled corticosteroids.",Immediate emergency care required for severe shortness of breath or if an inhaler doesn't help.
"suffering from coughing episodes, wheezing, rapid breathing, shortness of breath",Asthma,A condition in which your airways narrow and swell and may produce extra mucus.,"Avoid triggers (smoke, strong odors), carry an inhaler always.","Bronchodilators (Albuterol inhaler), Inhaled corticosteroids.",Immediate emergency care required for severe shortness of breath or if an inhaler doesn't help.
"i have mild fever, runny nose, cough",Common Cold,A common viral infection of the nose and throat.,"Rest, drink plenty of fluids, wash hands often.","Paracetamol, Ibuprofen, Decongestants, Cough syrup.",Consult if symptoms last more than a week or if you develop a high fever.
"suffering from shortness of breath, coughing episodes, chest tightness, wheezing, rapid breathing",Asthma,A condition in which your airways narrow and swell and may produce extra mucus.,"Avoid triggers (smoke, strong odors), carry an inhaler always.","Bronchodilators (Albuterol inhaler), Inhaled corticosteroids.",Immediate emergency care required for severe shortness of breath or if an inhaler doesn't help.
"experiencing sensitivity to light, throbbing pain, nausea, sensitivity to sound",Migraine,"A neurological condition that can cause multiple symptoms, frequently characterized by intense, debilitating headaches.","Rest in a quiet and dark room, avoid known triggers like caffeine or stress.","Ibuprofen, Triptans (prescription), Aspirin.",Consult a neurologist if migraines are frequent and severely disrupt daily life.
"experiencing sore throat, congestion",Common Cold,A common viral infection of the nose and throat.,"Rest, drink plenty of fluids, wash hands often.","Paracetamol, Ibuprofen, Decongestants, Cough syrup.",Consult if symptoms last more than a week or if you develop a high fever.
"rapid breathing, shortness of breath, coughing episodes, chest tightness, wheezing",Asthma,A condition in which your airways narrow and swell and may produce extra mucus.,"Avoid triggers (smoke, strong odors), carry an inhaler always.","Bronchodilators (Albuterol inhaler), Inhaled corticosteroids.",Immediate emergency care required for severe shortness of breath or if an inhaler doesn't help.
"experiencing fatigue, headache, high fever, muscle aches",Influenza (Flu),A viral infection that attacks your respiratory system.,"Strict bed rest, isolate yourself, stay hydrated.","Oseltamivir (if prescribed early), Paracetamol for fever.",Consult a doctor immediately if you experience shortness of breath or persistent chest pain.
"sweats, headache",Influenza (Flu),A viral infection that attacks your respiratory system.,"Strict bed rest, isolate yourself, stay hydrated.","Oseltamivir (if prescribed early), Paracetamol for fever.",Consult a doctor immediately if you experience shortness of breath or persistent chest pain.
"watery eyes, nasal congestion, sneezing, itchy eyes, itchy throat, runny nose",Allergic Rhinitis,"An allergic response causing itchy, watery eyes, sneezing, and other similar symptoms.","Avoid allergens (dust, pollen), keep indoors during high pollen seasons.","Antihistamines (Cetirizine, Loratadine), Nasal corticosteroids.",Consult an allergist if symptoms are severe and unresponsive to over-the-counter medicine.
"feeling rapid breathing, coughing episodes, chest tightness, shortness of breath",Asthma,A condition in which your airways narrow and swell and may produce extra mucus.,"Avoid triggers (smoke, strong odors), carry an inhaler always.","Bronchodilators (Albuterol inhaler), Inhaled corticosteroids.",Immediate emergency care required for severe shortness of breath or if an inhaler doesn't help.
"suffering from fatigue, body aches, fever, shortness of breath",COVID-19,A highly contagious respiratory illness caused by the SARS-CoV-2 virus.,"Isolate, wear a mask, monitor oxygen levels.","Paracetamol, Vitamin C, Zinc, prescribed antivirals if severe.",Seek immediate medical attention if oxygen drops below 94% or you have difficulty breathing.
"feeling stomach pain, prolonged high fever, headache, loss of appetite, weakness, rash",Typhoid,"A bacterial infection that can lead to a high fever, diarrhea, and vomiting.","Drink boiled or bottled water, avoid raw foods.","Antibiotics (prescription only), Paracetamol for fever.",Requires immediate medical consultation for a proper antibiotic course.
"i have mild fever, congestion, cough, runny nose, sneezing",Common Cold,A common viral infection of the nose and throat.,"Rest, drink plenty of fluids, wash hands often.","Paracetamol, Ibuprofen, Decongestants, Cough syrup.",Consult if symptoms last more than a week or if you develop a high fever.
"suffering from weakness, vomiting, diarrhea, fever, nausea, abdominal cramps",Food Poisoning,Illness caused by eating contaminated food.,"Rest, stay hydrated with sips of water or clear broths.","Oral rehydration salts, Bismuth subsalicylate.","Consult a doctor if symptoms last more than a few days, or if you have a very high fever."
"experiencing rash, high fever, joint pain, severe headache, fatigue, pain behind eyes, muscle pain",Dengue Fever,A mosquito-borne viral disease occurring in tropical and subtropical areas.,"Use mosquito nets, wear long sleeves, use repellents.",Paracetamol for fever. STRICTLY AVOID Aspirin or Ibuprofen.,Hospitalization may be required; consult immediately if experiencing severe abdominal pain or bleeding.
"i have vomiting, fever",Food Poisoning,Illness caused by eating contaminated food.,"Rest, stay hydrated with sips of water or clear broths.","Oral rehydration salts, Bismuth subsalicylate.","Consult a doctor if symptoms last more than a few days, or if you have a very high fever."
"i have muscle aches, chills, high fever, fatigue, dry cough",Influenza (Flu),A viral infection that attacks your respiratory system.,"Strict bed rest, isolate yourself, stay hydrated.","Oseltamivir (if prescribed early), Paracetamol for fever.",Consult a doctor immediately if you experience shortness of breath or persistent chest pain.
"weakness, fever, vomiting, abdominal cramps",Food Poisoning,Illness caused by eating contaminated food.,"Rest, stay hydrated with sips of water or clear broths.","Oral rehydration salts, Bismuth subsalicylate.","Consult a doctor if symptoms last more than a few days, or if you have a very high fever."
"feeling muscle aches, stomach cramps, diarrhea",Gastroenteritis (Stomach Flu),"An intestinal infection marked by diarrhea, cramps, nausea, vomiting, and fever.","Stay hydrated, eat bland foods, wash hands thoroughly.","Oral rehydration salts (ORS), Loperamide (if advised).","Consult if you cannot keep liquids down for 24 hours, or if there is blood in stool."
"feeling loss of appetite, rash, headache, stomach pain, prolonged high fever",Typhoid,"A bacterial infection that can lead to a high fever, diarrhea, and vomiting.","Drink boiled or bottled water, avoid raw foods.","Antibiotics (prescription only), Paracetamol for fever.",Requires immediate medical consultation for a proper antibiotic course.
"feeling fatigue, muscle aches, dry cough",Influenza (Flu),A viral infection that attacks your respiratory system.,"Strict bed rest, isolate yourself, stay hydrated.","Oseltamivir (if prescribed early), Paracetamol for fever.",Consult a doctor immediately if you experience shortness of breath or persistent chest pain.
"feeling rapid breathing, wheezing, shortness of breath, coughing episodes, chest tightness",Asthma,A condition in which your airways narrow and swell and may produce extra mucus.,"Avoid triggers (smoke, strong odors), carry an inhaler always.","Bronchodilators (Albuterol inhaler), Inhaled corticosteroids.",Immediate emergency care required for severe shortness of breath or if an inhaler doesn't help.
"experiencing pain behind eyes, muscle pain, rash, fatigue, severe headache, high fever, joint pain",Dengue Fever,A mosquito-borne viral disease occurring in tropical and subtropical areas.,"Use mosquito nets, wear long sleeves, use repellents.",Paracetamol for fever. STRICTLY AVOID Aspirin or Ibuprofen.,Hospitalization may be required; consult immediately if experiencing severe abdominal pain or bleeding.
"feeling sweats, chills, headache, dry cough, fatigue",Influenza (Flu),A viral infection that attacks your respiratory system.,"Strict bed rest, isolate yourself, stay hydrated.","Oseltamivir (if prescribed early), Paracetamol for fever.",Consult a doctor immediately if you experience shortness of breath or persistent chest pain.
"dry cough, chills, fatigue, muscle aches, headache",Influenza (Flu),A viral infection that attacks your respiratory system.,"Strict bed rest, isolate yourself, stay hydrated.","Oseltamivir (if prescribed early), Paracetamol for fever.",Consult a doctor immediately if you experience shortness of breath or persistent chest pain.
"feeling vomiting, nausea",Migraine,"A neurological condition that can cause multiple symptoms, frequently characterized by intense, debilitating headaches.","Rest in a quiet and dark room, avoid known triggers like caffeine or stress.","Ibuprofen, Triptans (prescription), Aspirin.",Consult a neurologist if migraines are frequent and severely disrupt daily life.
"i have stomach pain, rash, loss of appetite, weakness, prolonged high fever, headache",Typhoid,"A bacterial infection that can lead to a high fever, diarrhea, and vomiting.","Drink boiled or bottled water, avoid raw foods.","Antibiotics (prescription only), Paracetamol for fever.",Requires immediate medical consultation for a proper antibiotic course.
"suffering from chills, sweats, dry cough, high fever, fatigue, headache, muscle aches",Influenza (Flu),A viral infection that attacks your respiratory system.,"Strict bed rest, isolate yourself, stay hydrated.","Oseltamivir (if prescribed early), Paracetamol for fever.",Consult a doctor immediately if you experience shortness of breath or persistent chest pain.
"feeling weakness, loss of appetite, stomach pain, rash, headache",Typhoid,"A bacterial infection that can lead to a high fever, diarrhea, and vomiting.","Drink boiled or bottled water, avoid raw foods.","Antibiotics (prescription only), Paracetamol for fever.",Requires immediate medical consultation for a proper antibiotic course.
"suffering from dry cough, headache, sweats, muscle aches, chills, fatigue",Influenza (Flu),A viral infection that attacks your respiratory system.,"Strict bed rest, isolate yourself, stay hydrated.","Oseltamivir (if prescribed early), Paracetamol for fever.",Consult a doctor immediately if you experience shortness of breath or persistent chest pain.
"i have shortness of breath, wheezing, rapid breathing, coughing episodes",Asthma,A condition in which your airways narrow and swell and may produce extra mucus.,"Avoid triggers (smoke, strong odors), carry an inhaler always.","Bronchodilators (Albuterol inhaler), Inhaled corticosteroids.",Immediate emergency care required for severe shortness of breath or if an inhaler doesn't help.
"i have low-grade fever, diarrhea",Gastroenteritis (Stomach Flu),"An intestinal infection marked by diarrhea, cramps, nausea, vomiting, and fever.","Stay hydrated, eat bland foods, wash hands thoroughly.","Oral rehydration salts (ORS), Loperamide (if advised).","Consult if you cannot keep liquids down for 24 hours, or if there is blood in stool."
"suffering from shortness of breath, sore throat, loss of taste",COVID-19,A highly contagious respiratory illness caused by the SARS-CoV-2 virus.,"Isolate, wear a mask, monitor oxygen levels.","Paracetamol, Vitamin C, Zinc, prescribed antivirals if severe.",Seek immediate medical attention if oxygen drops below 94% or you have difficulty breathing.
"suffering from nausea, diarrhea, low-grade fever",Gastroenteritis (Stomach Flu),"An intestinal infection marked by diarrhea, cramps, nausea, vomiting, and fever.","Stay hydrated, eat bland foods, wash hands thoroughly.","Oral rehydration salts (ORS), Loperamide (if advised).","Consult if you cannot keep liquids down for 24 hours, or if there is blood in stool."
"feeling prolonged high fever, weakness",Typhoid,"A bacterial infection that can lead to a high fever, diarrhea, and vomiting.","Drink boiled or bottled water, avoid raw foods.","Antibiotics (prescription only), Paracetamol for fever.",Requires immediate medical consultation for a proper antibiotic course.
"feeling stomach pain, prolonged high fever, headache, weakness, rash, loss of appetite",Typhoid,"A bacterial infection that can lead to a high fever, diarrhea, and vomiting.","Drink boiled or bottled water, avoid raw foods.","Antibiotics (prescription only), Paracetamol for fever.",Requires immediate medical consultation for a proper antibiotic course.
"experiencing rapid breathing, wheezing, shortness of breath",Asthma,A condition in which your airways narrow and swell and may produce extra mucus.,"Avoid triggers (smoke, strong odors), carry an inhaler always.","Bronchodilators (Albuterol inhaler), Inhaled corticosteroids.",Immediate emergency care required for severe shortness of breath or if an inhaler doesn't help.
"watery eyes, runny nose, nasal congestion, itchy throat, itchy eyes, sneezing",Allergic Rhinitis,"An allergic response causing itchy, watery eyes, sneezing, and other similar symptoms.","Avoid allergens (dust, pollen), keep indoors during high pollen seasons.","Antihistamines (Cetirizine, Loratadine), Nasal corticosteroids.",Consult an allergist if symptoms are severe and unresponsive to over-the-counter medicine.
"experiencing congestion, runny nose, cough",Common Cold,A common viral infection of the nose and throat.,"Rest, drink plenty of fluids, wash hands often.","Paracetamol, Ibuprofen, Decongestants, Cough syrup.",Consult if symptoms last more than a week or if you develop a high fever.
"feeling congestion, sneezing, cough, runny nose, mild fever, sore throat",Common Cold,A common viral infection of the nose and throat.,"Rest, drink plenty of fluids, wash hands often.","Paracetamol, Ibuprofen, Decongestants, Cough syrup.",Consult if symptoms last more than a week or if you develop a high fever.
"nausea, severe headache",Migraine,"A neurological condition that can cause multiple symptoms, frequently characterized by intense, debilitating headaches.","Rest in a quiet and dark room, avoid known triggers like caffeine or stress.","Ibuprofen, Triptans (prescription), Aspirin.",Consult a neurologist if migraines are frequent and severely disrupt daily life.
"dry cough, loss of smell, sore throat, fatigue",COVID-19,A highly contagious respiratory illness caused by the SARS-CoV-2 virus.,"Isolate, wear a mask, monitor oxygen levels.","Paracetamol, Vitamin C, Zinc, prescribed antivirals if severe.",Seek immediate medical attention if oxygen drops below 94% or you have difficulty breathing.
"suffering from shortness of breath, rapid breathing",Asthma,A condition in which your airways narrow and swell and may produce extra mucus.,"Avoid triggers (smoke, strong odors), carry an inhaler always.","Bronchodilators (Albuterol inhaler), Inhaled corticosteroids.",Immediate emergency care required for severe shortness of breath or if an inhaler doesn't help.
"feeling wheezing, shortness of breath",Asthma,A condition in which your airways narrow and swell and may produce extra mucus.,"Avoid triggers (smoke, strong odors), carry an inhaler always.","Bronchodilators (Albuterol inhaler), Inhaled corticosteroids.",Immediate emergency care required for severe shortness of breath or if an inhaler doesn't help.
"suffering from stomach pain, weakness, rash, prolonged high fever, headache",Typhoid,"A bacterial infection that can lead to a high fever, diarrhea, and vomiting.","Drink boiled or bottled water, avoid raw foods.","Antibiotics (prescription only), Paracetamol for fever.",Requires immediate medical consultation for a proper antibiotic course.
"feeling throbbing pain, sensitivity to sound, severe headache, sensitivity to light, vomiting",Migraine,"A neurological condition that can cause multiple symptoms, frequently characterized by intense, debilitating headaches.","Rest in a quiet and dark room, avoid known triggers like caffeine or stress.","Ibuprofen, Triptans (prescription), Aspirin.",Consult a neurologist if migraines are frequent and severely disrupt daily life.
"experiencing headache, chills, muscle aches, fatigue",Influenza (Flu),A viral infection that attacks your respiratory system.,"Strict bed rest, isolate yourself, stay hydrated.","Oseltamivir (if prescribed early), Paracetamol for fever.",Consult a doctor immediately if you experience shortness of breath or persistent chest pain.
"suffering from dry cough, shortness of breath, fever",COVID-19,A highly contagious respiratory illness caused by the SARS-CoV-2 virus.,"Isolate, wear a mask, monitor oxygen levels.","Paracetamol, Vitamin C, Zinc, prescribed antivirals if severe.",Seek immediate medical attention if oxygen drops below 94% or you have difficulty breathing.
"i have throbbing pain, sensitivity to sound, severe headache, nausea, vomiting, sensitivity to light",Migraine,"A neurological condition that can cause multiple symptoms, frequently characterized by intense, debilitating headaches.","Rest in a quiet and dark room, avoid known triggers like caffeine or stress.","Ibuprofen, Triptans (prescription), Aspirin.",Consult a neurologist if migraines are frequent and severely disrupt daily life.
"feeling rash, stomach pain, headache, prolonged high fever",Typhoid,"A bacterial infection that can lead to a high fever, diarrhea, and vomiting.","Drink boiled or bottled water, avoid raw foods.","Antibiotics (prescription only), Paracetamol for fever.",Requires immediate medical consultation for a proper antibiotic course.
"suffering from stomach pain, loss of appetite, headache, prolonged high fever",Typhoid,"A bacterial infection that can lead to a high fever, diarrhea, and vomiting.","Drink boiled or bottled water, avoid raw foods.","Antibiotics (prescription only), Paracetamol for fever.",Requires immediate medical consultation for a proper antibiotic course.
"experiencing fever, shortness of breath, sore throat, dry cough, body aches, loss of taste, loss of smell",COVID-19,A highly contagious respiratory illness caused by the SARS-CoV-2 virus.,"Isolate, wear a mask, monitor oxygen levels.","Paracetamol, Vitamin C, Zinc, prescribed antivirals if severe.",Seek immediate medical attention if oxygen drops below 94% or you have difficulty breathing.
"suffering from diarrhea, nausea, weakness",Food Poisoning,Illness caused by eating contaminated food.,"Rest, stay hydrated with sips of water or clear broths.","Oral rehydration salts, Bismuth subsalicylate.","Consult a doctor if symptoms last more than a few days, or if you have a very high fever."
"feeling abdominal cramps, nausea",Food Poisoning,Illness caused by eating contaminated food.,"Rest, stay hydrated with sips of water or clear broths.","Oral rehydration salts, Bismuth subsalicylate.","Consult a doctor if symptoms last more than a few days, or if you have a very high fever."
"i have vomiting, abdominal cramps, nausea, weakness, diarrhea",Food Poisoning,Illness caused by eating contaminated food.,"Rest, stay hydrated with sips of water or clear broths.","Oral rehydration salts, Bismuth subsalicylate.","Consult a doctor if symptoms last more than a few days, or if you have a very high fever."
"wheezing, chest tightness, rapid breathing",Asthma,A condition in which your airways narrow and swell and may produce extra mucus.,"Avoid triggers (smoke, strong odors), carry an inhaler always.","Bronchodilators (Albuterol inhaler), Inhaled corticosteroids.",Immediate emergency care required for severe shortness of breath or if an inhaler doesn't help.
"experiencing loss of appetite, weakness, rash",Typhoid,"A bacterial infection that can lead to a high fever, diarrhea, and vomiting.","Drink boiled or bottled water, avoid raw foods.","Antibiotics (prescription only), Paracetamol for fever.",Requires immediate medical consultation for a proper antibiotic course.
"high fever, fatigue, chills, headache, muscle aches",Influenza (Flu),A viral infection that attacks your respiratory system.,"Strict bed rest, isolate yourself, stay hydrated.","Oseltamivir (if prescribed early), Paracetamol for fever.",Consult a doctor immediately if you experience shortness of breath or persistent chest pain.
"i have dry cough, fatigue, high fever, headache, sweats",Influenza (Flu),A viral infection that attacks your respiratory system.,"Strict bed rest, isolate yourself, stay hydrated.","Oseltamivir (if prescribed early), Paracetamol for fever.",Consult a doctor immediately if you experience shortness of breath or persistent chest pain.
"experiencing severe headache, vomiting, sensitivity to sound, sensitivity to light",Migraine,"A neurological condition that can cause multiple symptoms, frequently characterized by intense, debilitating headaches.","Rest in a quiet and dark room, avoid known triggers like caffeine or stress.","Ibuprofen, Triptans (prescription), Aspirin.",Consult a neurologist if migraines are frequent and severely disrupt daily life.
"experiencing coughing episodes, chest tightness, rapid breathing, shortness of breath, wheezing",Asthma,A condition in which your airways narrow and swell and may produce extra mucus.,"Avoid triggers (smoke, strong odors), carry an inhaler always.","Bronchodilators (Albuterol inhaler), Inhaled corticosteroids.",Immediate emergency care required for severe shortness of breath or if an inhaler doesn't help.
"experiencing muscle aches, chills, high fever, fatigue, sweats, dry cough",Influenza (Flu),A viral infection that attacks your respiratory system.,"Strict bed rest, isolate yourself, stay hydrated.","Oseltamivir (if prescribed early), Paracetamol for fever.",Consult a doctor immediately if you experience shortness of breath or persistent chest pain.
"body aches, dry cough, fatigue, loss of smell, loss of taste, fever, shortness of breath, sore throat",COVID-19,A highly contagious respiratory illness caused by the SARS-CoV-2 virus.,"Isolate, wear a mask, monitor oxygen levels.","Paracetamol, Vitamin C, Zinc, prescribed antivirals if severe.",Seek immediate medical attention if oxygen drops below 94% or you have difficulty breathing.
"experiencing cough, sneezing, congestion, runny nose, sore throat, mild fever",Common Cold,A common viral infection of the nose and throat.,"Rest, drink plenty of fluids, wash hands often.","Paracetamol, Ibuprofen, Decongestants, Cough syrup.",Consult if symptoms last more than a week or if you develop a high fever.
"suffering from itchy eyes, watery eyes, itchy throat",Allergic Rhinitis,"An allergic response causing itchy, watery eyes, sneezing, and other similar symptoms.","Avoid allergens (dust, pollen), keep indoors during high pollen seasons.","Antihistamines (Cetirizine, Loratadine), Nasal corticosteroids.",Consult an allergist if symptoms are severe and unresponsive to over-the-counter medicine.
"suffering from severe headache, throbbing pain, nausea, vomiting, sensitivity to sound",Migraine,"A neurological condition that can cause multiple symptoms, frequently characterized by intense, debilitating headaches.","Rest in a quiet and dark room, avoid known triggers like caffeine or stress.","Ibuprofen, Triptans (prescription), Aspirin.",Consult a neurologist if migraines are frequent and severely disrupt daily life.
"suffering from fever, shortness of breath, fatigue, loss of smell, dry cough, body aches, loss of taste",COVID-19,A highly contagious respiratory illness caused by the SARS-CoV-2 virus.,"Isolate, wear a mask, monitor oxygen levels.","Paracetamol, Vitamin C, Zinc, prescribed antivirals if severe.",Seek immediate medical attention if oxygen drops below 94% or you have difficulty breathing.
"abdominal cramps, nausea, vomiting, fever",Food Poisoning,Illness caused by eating contaminated food.,"Rest, stay hydrated with sips of water or clear broths.","Oral rehydration salts, Bismuth subsalicylate.","Consult a doctor if symptoms last more than a few days, or if you have a very high fever."
"experiencing fatigue, severe headache, rash, high fever, joint pain, muscle pain, pain behind eyes",Dengue Fever,A mosquito-borne viral disease occurring in tropical and subtropical areas.,"Use mosquito nets, wear long sleeves, use repellents.",Paracetamol for fever. STRICTLY AVOID Aspirin or Ibuprofen.,Hospitalization may be required; consult immediately if experiencing severe abdominal pain or bleeding.
"i have body aches, fever, sore throat",COVID-19,A highly contagious respiratory illness caused by the SARS-CoV-2 virus.,"Isolate, wear a mask, monitor oxygen levels.","Paracetamol, Vitamin C, Zinc, prescribed antivirals if severe.",Seek immediate medical attention if oxygen drops below 94% or you have difficulty breathing.
"suffering from loss of taste, loss of smell, body aches, sore throat, dry cough, fatigue, fever, shortness of breath",COVID-19,A highly contagious respiratory illness caused by the SARS-CoV-2 virus.,"Isolate, wear a mask, monitor oxygen levels.","Paracetamol, Vitamin C, Zinc, prescribed antivirals if severe.",Seek immediate medical attention if oxygen drops below 94% or you have difficulty breathing.
"suffering from weakness, stomach pain, prolonged high fever, rash, loss of appetite",Typhoid,"A bacterial infection that can lead to a high fever, diarrhea, and vomiting.","Drink boiled or bottled water, avoid raw foods.","Antibiotics (prescription only), Paracetamol for fever.",Requires immediate medical consultation for a proper antibiotic course.
"suffering from severe headache, sensitivity to sound, vomiting",Migraine,"A neurological condition that can cause multiple symptoms, frequently characterized by intense, debilitating headaches.","Rest in a quiet and dark room, avoid known triggers like caffeine or stress.","Ibuprofen, Triptans (prescription), Aspirin.",Consult a neurologist if migraines are frequent and severely disrupt daily life.
"abdominal cramps, fever, vomiting",Food Poisoning,Illness caused by eating contaminated food.,"Rest, stay hydrated with sips of water or clear broths.","Oral rehydration salts, Bismuth subsalicylate.","Consult a doctor if symptoms last more than a few days, or if you have a very high fever."
"feeling throbbing pain, vomiting, sensitivity to light, nausea, severe headache",Migraine,"A neurological condition that can cause multiple symptoms, frequently characterized by intense, debilitating headaches.","Rest in a quiet and dark room, avoid known triggers like caffeine or stress.","Ibuprofen, Triptans (prescription), Aspirin.",Consult a neurologist if migraines are frequent and severely disrupt daily life.
"feeling joint pain, high fever, rash",Dengue Fever,A mosquito-borne viral disease occurring in tropical and subtropical areas.,"Use mosquito nets, wear long sleeves, use repellents.",Paracetamol for fever. STRICTLY AVOID Aspirin or Ibuprofen.,Hospitalization may be required; consult immediately if experiencing severe abdominal pain or bleeding.
"experiencing weakness, vomiting, diarrhea, abdominal cramps, fever, nausea",Food Poisoning,Illness caused by eating contaminated food.,"Rest, stay hydrated with sips of water or clear broths.","Oral rehydration salts, Bismuth subsalicylate.","Consult a doctor if symptoms last more than a few days, or if you have a very high fever."
"feeling sensitivity to sound, nausea, throbbing pain, severe headache",Migraine,"A neurological condition that can cause multiple symptoms, frequently characterized by intense, debilitating headaches.","Rest in a quiet and dark room, avoid known triggers like caffeine or stress.","Ibuprofen, Triptans (prescription), Aspirin.",Consult a neurologist if migraines are frequent and severely disrupt daily life.
"feeling shortness of breath, rapid breathing, chest tightness",Asthma,A condition in which your airways narrow and swell and may produce extra mucus.,"Avoid triggers (smoke, strong odors), carry an inhaler always.","Bronchodilators (Albuterol inhaler), Inhaled corticosteroids.",Immediate emergency care required for severe shortness of breath or if an inhaler doesn't help.
"chest tightness, coughing episodes, shortness of breath, rapid breathing, wheezing",Asthma,A condition in which your airways narrow and swell and may produce extra mucus.,"Avoid triggers (smoke, strong odors), carry an inhaler always.","Bronchodilators (Albuterol inhaler), Inhaled corticosteroids.",Immediate emergency care required for severe shortness of breath or if an inhaler doesn't help.
"feeling sensitivity to sound, throbbing pain, severe headache",Migraine,"A neurological condition that can cause multiple symptoms, frequently characterized by intense, debilitating headaches.","Rest in a quiet and dark room, avoid known triggers like caffeine or stress.","Ibuprofen, Triptans (prescription), Aspirin.",Consult a neurologist if migraines are frequent and severely disrupt daily life.
"suffering from rash, joint pain, severe headache, high fever, pain behind eyes, muscle pain",Dengue Fever,A mosquito-borne viral disease occurring in tropical and subtropical areas.,"Use mosquito nets, wear long sleeves, use repellents.",Paracetamol for fever. STRICTLY AVOID Aspirin or Ibuprofen.,Hospitalization may be required; consult immediately if experiencing severe abdominal pain or bleeding.
"rash, loss of appetite, weakness, prolonged high fever, stomach pain, headache",Typhoid,"A bacterial infection that can lead to a high fever, diarrhea, and vomiting.","Drink boiled or bottled water, avoid raw foods.","Antibiotics (prescription only), Paracetamol for fever.",Requires immediate medical consultation for a proper antibiotic course.
"experiencing sensitivity to light, sensitivity to sound",Migraine,"A neurological condition that can cause multiple symptoms, frequently characterized by intense, debilitating headaches.","Rest in a quiet and dark room, avoid known triggers like caffeine or stress.","Ibuprofen, Triptans (prescription), Aspirin.",Consult a neurologist if migraines are frequent and severely disrupt daily life.
"i have nasal congestion, itchy eyes, itchy throat, runny nose, sneezing",Allergic Rhinitis,"An allergic response causing itchy, watery eyes, sneezing, and other similar symptoms.","Avoid allergens (dust, pollen), keep indoors during high pollen seasons.","Antihistamines (Cetirizine, Loratadine), Nasal corticosteroids.",Consult an allergist if symptoms are severe and unresponsive to over-the-counter medicine.
"feeling mild fever, cough, sore throat, congestion, sneezing",Common Cold,A common viral infection of the nose and throat.,"Rest, drink plenty of fluids, wash hands often.","Paracetamol, Ibuprofen, Decongestants, Cough syrup.",Consult if symptoms last more than a week or if you develop a high fever.
"feeling runny nose, congestion, mild fever, sneezing",Common Cold,A common viral infection of the nose and throat.,"Rest, drink plenty of fluids, wash hands often.","Paracetamol, Ibuprofen, Decongestants, Cough syrup.",Consult if symptoms last more than a week or if you develop a high fever.
"suffering from chest tightness, shortness of breath, coughing episodes, rapid breathing",Asthma,A condition in which your airways narrow and swell and may produce extra mucus.,"Avoid triggers (smoke, strong odors), carry an inhaler always.","Bronchodilators (Albuterol inhaler), Inhaled corticosteroids.",Immediate emergency care required for severe shortness of breath or if an inhaler doesn't help.
"body aches, loss of smell, dry cough, shortness of breath, sore throat, loss of taste",COVID-19,A highly contagious respiratory illness caused by the SARS-CoV-2 virus.,"Isolate, wear a mask, monitor oxygen levels.","Paracetamol, Vitamin C, Zinc, prescribed antivirals if severe.",Seek immediate medical attention if oxygen drops below 94% or you have difficulty breathing.
"feeling throbbing pain, vomiting, nausea",Migraine,"A neurological condition that can cause multiple symptoms, frequently characterized by intense, debilitating headaches.","Rest in a quiet and dark room, avoid known triggers like caffeine or stress.","Ibuprofen, Triptans (prescription), Aspirin.",Consult a neurologist if migraines are frequent and severely disrupt daily life.
"suffering from stomach pain, headache, prolonged high fever, rash",Typhoid,"A bacterial infection that can lead to a high fever, diarrhea, and vomiting.","Drink boiled or bottled water, avoid raw foods.","Antibiotics (prescription only), Paracetamol for fever.",Requires immediate medical consultation for a proper antibiotic course.
"suffering from muscle aches, sweats, high fever, dry cough, headache, fatigue, chills",Influenza (Flu),A viral infection that attacks your respiratory system.,"Strict bed rest, isolate yourself, stay hydrated.","Oseltamivir (if prescribed early), Paracetamol for fever.",Consult a doctor immediately if you experience shortness of breath or persistent chest pain.
"i have fatigue, high fever, rash",Dengue Fever,A mosquito-borne viral disease occurring in tropical and subtropical areas.,"Use mosquito nets, wear long sleeves, use repellents.",Paracetamol for fever. STRICTLY AVOID Aspirin or Ibuprofen.,Hospitalization may be required; consult immediately if experiencing severe abdominal pain or bleeding.
"fever, shortness of breath, loss of smell",COVID-19,A highly contagious respiratory illness caused by the SARS-CoV-2 virus.,"Isolate, wear a mask, monitor oxygen levels.","Paracetamol, Vitamin C, Zinc, prescribed antivirals if severe.",Seek immediate medical attention if oxygen drops below 94% or you have difficulty breathing.
"suffering from fatigue, rash, high fever, pain behind eyes",Dengue Fever,A mosquito-borne viral disease occurring in tropical and subtropical areas.,"Use mosquito nets, wear long sleeves, use repellents.",Paracetamol for fever. STRICTLY AVOID Aspirin or Ibuprofen.,Hospitalization may be required; consult immediately if experiencing severe abdominal pain or bleeding.
"feeling sneezing, runny nose, congestion, mild fever, sore throat, cough",Common Cold,A common viral infection of the nose and throat.,"Rest, drink plenty of fluids, wash hands often.","Paracetamol, Ibuprofen, Decongestants, Cough syrup.",Consult if symptoms last more than a week or if you develop a high fever.
"low-grade fever, muscle aches, nausea",Gastroenteritis (Stomach Flu),"An intestinal infection marked by diarrhea, cramps, nausea, vomiting, and fever.","Stay hydrated, eat bland foods, wash hands thoroughly.","Oral rehydration salts (ORS), Loperamide (if advised).","Consult if you cannot keep liquids down for 24 hours, or if there is blood in stool."
"suffering from shortness of breath, wheezing, rapid breathing, coughing episodes, chest tightness",Asthma,A condition in which your airways narrow and swell and may produce extra mucus.,"Avoid triggers (smoke, strong odors), carry an inhaler always.","Bronchodilators (Albuterol inhaler), Inhaled corticosteroids.",Immediate emergency care required for severe shortness of breath or if an inhaler doesn't help.
"suffering from sensitivity to light, vomiting, severe headache, sensitivity to sound",Migraine,"A neurological condition that can cause multiple symptoms, frequently characterized by intense, debilitating headaches.","Rest in a quiet and dark room, avoid known triggers like caffeine or stress.","Ibuprofen, Triptans (prescription), Aspirin.",Consult a neurologist if migraines are frequent and severely disrupt daily life.
"itchy throat, nasal congestion, runny nose, sneezing, itchy eyes",Allergic Rhinitis,"An allergic response causing itchy, watery eyes, sneezing, and other similar symptoms.","Avoid allergens (dust, pollen), keep indoors during high pollen seasons.","Antihistamines (Cetirizine, Loratadine), Nasal corticosteroids.",Consult an allergist if symptoms are severe and unresponsive to over-the-counter medicine.
"suffering from weakness, loss of appetite, stomach pain, rash, headache, prolonged high fever",Typhoid,"A bacterial infection that can lead to a high fever, diarrhea, and vomiting.","Drink boiled or bottled water, avoid raw foods.","Antibiotics (prescription only), Paracetamol for fever.",Requires immediate medical consultation for a proper antibiotic course.
"suffering from stomach cramps, low-grade fever, muscle aches, vomiting, diarrhea",Gastroenteritis (Stomach Flu),"An intestinal infection marked by diarrhea, cramps, nausea, vomiting, and fever.","Stay hydrated, eat bland foods, wash hands thoroughly.","Oral rehydration salts (ORS), Loperamide (if advised).","Consult if you cannot keep liquids down for 24 hours, or if there is blood in stool."
"experiencing diarrhea, nausea, muscle aches, stomach cramps, vomiting",Gastroenteritis (Stomach Flu),"An intestinal infection marked by diarrhea, cramps, nausea, vomiting, and fever.","Stay hydrated, eat bland foods, wash hands thoroughly.","Oral rehydration salts (ORS), Loperamide (if advised).","Consult if you cannot keep liquids down for 24 hours, or if there is blood in stool."
"experiencing sore throat, mild fever, cough, congestion, runny nose",Common Cold,A common viral infection of the nose and throat.,"Rest, drink plenty of fluids, wash hands often.","Paracetamol, Ibuprofen, Decongestants, Cough syrup.",Consult if symptoms last more than a week or if you develop a high fever.
"i have loss of smell, body aches",COVID-19,A highly contagious respiratory illness caused by the SARS-CoV-2 virus.,"Isolate, wear a mask, monitor oxygen levels.","Paracetamol, Vitamin C, Zinc, prescribed antivirals if severe.",Seek immediate medical attention if oxygen drops below 94% or you have difficulty breathing.
"nausea, severe headache, sensitivity to sound, sensitivity to light, vomiting, throbbing pain",Migraine,"A neurological condition that can cause multiple symptoms, frequently characterized by intense, debilitating headaches.","Rest in a quiet and dark room, avoid known triggers like caffeine or stress.","Ibuprofen, Triptans (prescription), Aspirin.",Consult a neurologist if migraines are frequent and severely disrupt daily life.
"feeling shortness of breath, rapid breathing, chest tightness, coughing episodes",Asthma,A condition in which your airways narrow and swell and may produce extra mucus.,"Avoid triggers (smoke, strong odors), carry an inhaler always.","Bronchodilators (Albuterol inhaler), Inhaled corticosteroids.",Immediate emergency care required for severe shortness of breath or if an inhaler doesn't help.
"suffering from nausea, throbbing pain, sensitivity to sound, vomiting, severe headache",Migraine,"A neurological condition that can cause multiple symptoms, frequently characterized by intense, debilitating headaches.","Rest in a quiet and dark room, avoid known triggers like caffeine or stress.","Ibuprofen, Triptans (prescription), Aspirin.",Consult a neurologist if migraines are frequent and severely disrupt daily life.
"fatigue, shortness of breath",COVID-19,A highly contagious respiratory illness caused by the SARS-CoV-2 virus.,"Isolate, wear a mask, monitor oxygen levels.","Paracetamol, Vitamin C, Zinc, prescribed antivirals if severe.",Seek immediate medical attention if oxygen drops below 94% or you have difficulty breathing.
"experiencing fever, vomiting, abdominal cramps, nausea",Food Poisoning,Illness caused by eating contaminated food.,"Rest, stay hydrated with sips of water or clear broths.","Oral rehydration salts, Bismuth subsalicylate.","Consult a doctor if symptoms last more than a few days, or if you have a very high fever."
"experiencing sore throat, sneezing",Common Cold,A common viral infection of the nose and throat.,"Rest, drink plenty of fluids, wash hands often.","Paracetamol, Ibuprofen, Decongestants, Cough syrup.",Consult if symptoms last more than a week or if you develop a high fever.
"i have nasal congestion, itchy throat, sneezing, watery eyes",Allergic Rhinitis,"An allergic response causing itchy, watery eyes, sneezing, and other similar symptoms.","Avoid allergens (dust, pollen), keep indoors during high pollen seasons.","Antihistamines (Cetirizine, Loratadine), Nasal corticosteroids.",Consult an allergist if symptoms are severe and unresponsive to over-the-counter medicine.
"experiencing dry cough, loss of smell, shortness of breath, fatigue, sore throat, body aches, loss of taste, fever",COVID-19,A highly contagious respiratory illness caused by the SARS-CoV-2 virus.,"Isolate, wear a mask, monitor oxygen levels.","Paracetamol, Vitamin C, Zinc, prescribed antivirals if severe.",Seek immediate medical attention if oxygen drops below 94% or you have difficulty breathing.
"severe headache, throbbing pain, vomiting, nausea, sensitivity to light, sensitivity to sound",Migraine,"A neurological condition that can cause multiple symptoms, frequently characterized by intense, debilitating headaches.","Rest in a quiet and dark room, avoid known triggers like caffeine or stress.","Ibuprofen, Triptans (prescription), Aspirin.",Consult a neurologist if migraines are frequent and severely disrupt daily life.
"feeling sneezing, runny nose, congestion, cough, mild fever, sore throat",Common Cold,A common viral infection of the nose and throat.,"Rest, drink plenty of fluids, wash hands often.","Paracetamol, Ibuprofen, Decongestants, Cough syrup.",Consult if symptoms last more than a week or if you develop a high fever.
"feeling nausea, severe headache, sensitivity to sound",Migraine,"A neurological condition that can cause multiple symptoms, frequently characterized by intense, debilitating headaches.","Rest in a quiet and dark room, avoid known triggers like caffeine or stress.","Ibuprofen, Triptans (prescription), Aspirin.",Consult a neurologist if migraines are frequent and severely disrupt daily life.
"i have nausea, sensitivity to sound, severe headache",Migraine,"A neurological condition that can cause multiple symptoms, frequently characterized by intense, debilitating headaches.","Rest in a quiet and dark room, avoid known triggers like caffeine or stress.","Ibuprofen, Triptans (prescription), Aspirin.",Consult a neurologist if migraines are frequent and severely disrupt daily life.
"i have shortness of breath, wheezing, rapid breathing, chest tightness, coughing episodes",Asthma,A condition in which your airways narrow and swell and may produce extra mucus.,"Avoid triggers (smoke, strong odors), carry an inhaler always.","Bronchodilators (Albuterol inhaler), Inhaled corticosteroids.",Immediate emergency care required for severe shortness of breath or if an inhaler doesn't help.
"experiencing watery eyes, sneezing, itchy throat",Allergic Rhinitis,"An allergic response causing itchy, watery eyes, sneezing, and other similar symptoms.","Avoid allergens (dust, pollen), keep indoors during high pollen seasons.","Antihistamines (Cetirizine, Loratadine), Nasal corticosteroids.",Consult an allergist if symptoms are severe and unresponsive to over-the-counter medicine.
"feeling diarrhea, low-grade fever, vomiting, stomach cramps, muscle aches, nausea",Gastroenteritis (Stomach Flu),"An intestinal infection marked by diarrhea, cramps, nausea, vomiting, and fever.","Stay hydrated, eat bland foods, wash hands thoroughly.","Oral rehydration salts (ORS), Loperamide (if advised).","Consult if you cannot keep liquids down for 24 hours, or if there is blood in stool."
"i have diarrhea, vomiting, stomach cramps",Gastroenteritis (Stomach Flu),"An intestinal infection marked by diarrhea, cramps, nausea, vomiting, and fever.","Stay hydrated, eat bland foods, wash hands thoroughly.","Oral rehydration salts (ORS), Loperamide (if advised).","Consult if you cannot keep liquids down for 24 hours, or if there is blood in stool."
"i have rapid breathing, coughing episodes, shortness of breath, chest tightness, wheezing",Asthma,A condition in which your airways narrow and swell and may produce extra mucus.,"Avoid triggers (smoke, strong odors), carry an inhaler always.","Bronchodilators (Albuterol inhaler), Inhaled corticosteroids.",Immediate emergency care required for severe shortness of breath or if an inhaler doesn't help.
"feeling itchy eyes, runny nose, sneezing",Allergic Rhinitis,"An allergic response causing itchy, watery eyes, sneezing, and other similar symptoms.","Avoid allergens (dust, pollen), keep indoors during high pollen seasons.","Antihistamines (Cetirizine, Loratadine), Nasal corticosteroids.",Consult an allergist if symptoms are severe and unresponsive to over-the-counter medicine.
"muscle aches, chills, dry cough, sweats, headache, fatigue, high fever",Influenza (Flu),A viral infection that attacks your respiratory system.,"Strict bed rest, isolate yourself, stay hydrated.","Oseltamivir (if prescribed early), Paracetamol for fever.",Consult a doctor immediately if you experience shortness of breath or persistent chest pain.
"suffering from wheezing, coughing episodes, shortness of breath, rapid breathing, chest tightness",Asthma,A condition in which your airways narrow and swell and may produce extra mucus.,"Avoid triggers (smoke, strong odors), carry an inhaler always.","Bronchodilators (Albuterol inhaler), Inhaled corticosteroids.",Immediate emergency care required for severe shortness of breath or if an inhaler doesn't help.
"experiencing severe headache, joint pain, fatigue, muscle pain",Dengue Fever,A mosquito-borne viral disease occurring in tropical and subtropical areas.,"Use mosquito nets, wear long sleeves, use repellents.",Paracetamol for fever. STRICTLY AVOID Aspirin or Ibuprofen.,Hospitalization may be required; consult immediately if experiencing severe abdominal pain or bleeding.
"experiencing cough, mild fever, congestion, runny nose",Common Cold,A common viral infection of the nose and throat.,"Rest, drink plenty of fluids, wash hands often.","Paracetamol, Ibuprofen, Decongestants, Cough syrup.",Consult if symptoms last more than a week or if you develop a high fever.
"feeling chills, dry cough",Influenza (Flu),A viral infection that attacks your respiratory system.,"Strict bed rest, isolate yourself, stay hydrated.","Oseltamivir (if prescribed early), Paracetamol for fever.",Consult a doctor immediately if you experience shortness of breath or persistent chest pain.
"suffering from sore throat, sneezing, runny nose, congestion, cough, mild fever",Common Cold,A common viral infection of the nose and throat.,"Rest, drink plenty of fluids, wash hands often.","Paracetamol, Ibuprofen, Decongestants, Cough syrup.",Consult if symptoms last more than a week or if you develop a high fever.
"itchy throat, nasal congestion, itchy eyes",Allergic Rhinitis,"An allergic response causing itchy, watery eyes, sneezing, and other similar symptoms.","Avoid allergens (dust, pollen), keep indoors during high pollen seasons.","Antihistamines (Cetirizine, Loratadine), Nasal corticosteroids.",Consult an allergist if symptoms are severe and unresponsive to over-the-counter medicine.
"shortness of breath, dry cough, loss of smell, body aches",COVID-19,A highly contagious respiratory illness caused by the SARS-CoV-2 virus.,"Isolate, wear a mask, monitor oxygen levels.","Paracetamol, Vitamin C, Zinc, prescribed antivirals if severe.",Seek immediate medical attention if oxygen drops below 94% or you have difficulty breathing.
"i have diarrhea, muscle aches, vomiting, nausea",Gastroenteritis (Stomach Flu),"An intestinal infection marked by diarrhea, cramps, nausea, vomiting, and fever.","Stay hydrated, eat bland foods, wash hands thoroughly.","Oral rehydration salts (ORS), Loperamide (if advised).","Consult if you cannot keep liquids down for 24 hours, or if there is blood in stool."
"suffering from rash, headache, weakness, loss of appetite, stomach pain",Typhoid,"A bacterial infection that can lead to a high fever, diarrhea, and vomiting.","Drink boiled or bottled water, avoid raw foods.","Antibiotics (prescription only), Paracetamol for fever.",Requires immediate medical consultation for a proper antibiotic course.
"feeling loss of taste, dry cough, body aches, shortness of breath, loss of smell, fatigue, fever",COVID-19,A highly contagious respiratory illness caused by the SARS-CoV-2 virus.,"Isolate, wear a mask, monitor oxygen levels.","Paracetamol, Vitamin C, Zinc, prescribed antivirals if severe.",Seek immediate medical attention if oxygen drops below 94% or you have difficulty breathing.
"feeling fever, fatigue",COVID-19,A highly contagious respiratory illness caused by the SARS-CoV-2 virus.,"Isolate, wear a mask, monitor oxygen levels.","Paracetamol, Vitamin C, Zinc, prescribed antivirals if severe.",Seek immediate medical attention if oxygen drops below 94% or you have difficulty breathing.
"suffering from headache, rash, loss of appetite, weakness, stomach pain",Typhoid,"A bacterial infection that can lead to a high fever, diarrhea, and vomiting.","Drink boiled or bottled water, avoid raw foods.","Antibiotics (prescription only), Paracetamol for fever.",Requires immediate medical consultation for a proper antibiotic course.
"experiencing weakness, prolonged high fever, stomach pain, rash",Typhoid,"A bacterial infection that can lead to a high fever, diarrhea, and vomiting.","Drink boiled or bottled water, avoid raw foods.","Antibiotics (prescription only), Paracetamol for fever.",Requires immediate medical consultation for a proper antibiotic course.
"experiencing wheezing, coughing episodes, rapid breathing",Asthma,A condition in which your airways narrow and swell and may produce extra mucus.,"Avoid triggers (smoke, strong odors), carry an inhaler always.","Bronchodilators (Albuterol inhaler), Inhaled corticosteroids.",Immediate emergency care required for severe shortness of breath or if an inhaler doesn't help.
"i have muscle pain, fatigue, rash, joint pain, severe headache",Dengue Fever,A mosquito-borne viral disease occurring in tropical and subtropical areas.,"Use mosquito nets, wear long sleeves, use repellents.",Paracetamol for fever. STRICTLY AVOID Aspirin or Ibuprofen.,Hospitalization may be required; consult immediately if experiencing severe abdominal pain or bleeding.
"experiencing muscle pain, pain behind eyes, fatigue, rash, high fever, joint pain",Dengue Fever,A mosquito-borne viral disease occurring in tropical and subtropical areas.,"Use mosquito nets, wear long sleeves, use repellents.",Paracetamol for fever. STRICTLY AVOID Aspirin or Ibuprofen.,Hospitalization may be required; consult immediately if experiencing severe abdominal pain or bleeding.
"experiencing pain behind eyes, rash, muscle pain",Dengue Fever,A mosquito-borne viral disease occurring in tropical and subtropical areas.,"Use mosquito nets, wear long sleeves, use repellents.",Paracetamol for fever. STRICTLY AVOID Aspirin or Ibuprofen.,Hospitalization may be required; consult immediately if experiencing severe abdominal pain or bleeding.
"experiencing sneezing, itchy eyes, nasal congestion, watery eyes, runny nose",Allergic Rhinitis,"An allergic response causing itchy, watery eyes, sneezing, and other similar symptoms.","Avoid allergens (dust, pollen), keep indoors during high pollen seasons.","Antihistamines (Cetirizine, Loratadine), Nasal corticosteroids.",Consult an allergist if symptoms are severe and unresponsive to over-the-counter medicine.
"experiencing rash, joint pain, high fever, severe headache, muscle pain",Dengue Fever,A mosquito-borne viral disease occurring in tropical and subtropical areas.,"Use mosquito nets, wear long sleeves, use repellents.",Paracetamol for fever. STRICTLY AVOID Aspirin or Ibuprofen.,Hospitalization may be required; consult immediately if experiencing severe abdominal pain or bleeding.
"experiencing fatigue, headache, dry cough, muscle aches",Influenza (Flu),A viral infection that attacks your respiratory system.,"Strict bed rest, isolate yourself, stay hydrated.","Oseltamivir (if prescribed early), Paracetamol for fever.",Consult a doctor immediately if you experience shortness of breath or persistent chest pain.
"muscle aches, stomach cramps",Gastroenteritis (Stomach Flu),"An intestinal infection marked by diarrhea, cramps, nausea, vomiting, and fever.","Stay hydrated, eat bland foods, wash hands thoroughly.","Oral rehydration salts (ORS), Loperamide (if advised).","Consult if you cannot keep liquids down for 24 hours, or if there is blood in stool."
"suffering from high fever, fatigue, rash, severe headache",Dengue Fever,A mosquito-borne viral disease occurring in tropical and subtropical areas.,"Use mosquito nets, wear long sleeves, use repellents.",Paracetamol for fever. STRICTLY AVOID Aspirin or Ibuprofen.,Hospitalization may be required; consult immediately if experiencing severe abdominal pain or bleeding.
"feeling sore throat, shortness of breath, loss of taste, fatigue, loss of smell, fever, dry cough, body aches",COVID-19,A highly contagious respiratory illness caused by the SARS-CoV-2 virus.,"Isolate, wear a mask, monitor oxygen levels.","Paracetamol, Vitamin C, Zinc, prescribed antivirals if severe.",Seek immediate medical attention if oxygen drops below 94% or you have difficulty breathing.
"experiencing joint pain, fatigue, pain behind eyes, severe headache, muscle pain",Dengue Fever,A mosquito-borne viral disease occurring in tropical and subtropical areas.,"Use mosquito nets, wear long sleeves, use repellents.",Paracetamol for fever. STRICTLY AVOID Aspirin or Ibuprofen.,Hospitalization may be required; consult immediately if experiencing severe abdominal pain or bleeding.
"feeling itchy throat, itchy eyes, nasal congestion",Allergic Rhinitis,"An allergic response causing itchy, watery eyes, sneezing, and other similar symptoms.","Avoid allergens (dust, pollen), keep indoors during high pollen seasons.","Antihistamines (Cetirizine, Loratadine), Nasal corticosteroids.",Consult an allergist if symptoms are severe and unresponsive to over-the-counter medicine.
"itchy eyes, sneezing, watery eyes, runny nose, nasal congestion, itchy throat",Allergic Rhinitis,"An allergic response causing itchy, watery eyes, sneezing, and other similar symptoms.","Avoid allergens (dust, pollen), keep indoors during high pollen seasons.","Antihistamines (Cetirizine, Loratadine), Nasal corticosteroids.",Consult an allergist if symptoms are severe and unresponsive to over-the-counter medicine.
"i have shortness of breath, rapid breathing, wheezing, chest tightness, coughing episodes",Asthma,A condition in which your airways narrow and swell and may produce extra mucus.,"Avoid triggers (smoke, strong odors), carry an inhaler always.","Bronchodilators (Albuterol inhaler), Inhaled corticosteroids.",Immediate emergency care required for severe shortness of breath or if an inhaler doesn't help.
"experiencing severe headache, high fever, fatigue, pain behind eyes, joint pain, rash",Dengue Fever,A mosquito-borne viral disease occurring in tropical and subtropical areas.,"Use mosquito nets, wear long sleeves, use repellents.",Paracetamol for fever. STRICTLY AVOID Aspirin or Ibuprofen.,Hospitalization may be required; consult immediately if experiencing severe abdominal pain or bleeding.
"suffering from low-grade fever, vomiting",Gastroenteritis (Stomach Flu),"An intestinal infection marked by diarrhea, cramps, nausea, vomiting, and fever.","Stay hydrated, eat bland foods, wash hands thoroughly.","Oral rehydration salts (ORS), Loperamide (if advised).","Consult if you cannot keep liquids down for 24 hours, or if there is blood in stool."
"i have diarrhea, stomach cramps, vomiting, low-grade fever",Gastroenteritis (Stomach Flu),"An intestinal infection marked by diarrhea, cramps, nausea, vomiting, and fever.","Stay hydrated, eat bland foods, wash hands thoroughly.","Oral rehydration salts (ORS), Loperamide (if advised).","Consult if you cannot keep liquids down for 24 hours, or if there is blood in stool."
"experiencing sweats, fatigue, dry cough, headache",Influenza (Flu),A viral infection that attacks your respiratory system.,"Strict bed rest, isolate yourself, stay hydrated.","Oseltamivir (if prescribed early), Paracetamol for fever.",Consult a doctor immediately if you experience shortness of breath or persistent chest pain.
"i have dry cough, sweats, high fever, headache, chills",Influenza (Flu),A viral infection that attacks your respiratory system.,"Strict bed rest, isolate yourself, stay hydrated.","Oseltamivir (if prescribed early), Paracetamol for fever.",Consult a doctor immediately if you experience shortness of breath or persistent chest pain.
"feeling muscle aches, headache, fatigue, chills, high fever",Influenza (Flu),A viral infection that attacks your respiratory system.,"Strict bed rest, isolate yourself, stay hydrated.","Oseltamivir (if prescribed early), Paracetamol for fever.",Consult a doctor immediately if you experience shortness of breath or persistent chest pain.
"suffering from rapid breathing, chest tightness, wheezing, shortness of breath",Asthma,A condition in which your airways narrow and swell and may produce extra mucus.,"Avoid triggers (smoke, strong odors), carry an inhaler always.","Bronchodilators (Albuterol inhaler), Inhaled corticosteroids.",Immediate emergency care required for severe shortness of breath or if an inhaler doesn't help.
"experiencing vomiting, muscle aches, nausea, diarrhea, low-grade fever",Gastroenteritis (Stomach Flu),"An intestinal infection marked by diarrhea, cramps, nausea, vomiting, and fever.","Stay hydrated, eat bland foods, wash hands thoroughly.","Oral rehydration salts (ORS), Loperamide (if advised).","Consult if you cannot keep liquids down for 24 hours, or if there is blood in stool."
"experiencing severe headache, nausea, throbbing pain",Migraine,"A neurological condition that can cause multiple symptoms, frequently characterized by intense, debilitating headaches.","Rest in a quiet and dark room, avoid known triggers like caffeine or stress.","Ibuprofen, Triptans (prescription), Aspirin.",Consult a neurologist if migraines are frequent and severely disrupt daily life.
"cough, sore throat, sneezing, mild fever, runny nose",Common Cold,A common viral infection of the nose and throat.,"Rest, drink plenty of fluids, wash hands often.","Paracetamol, Ibuprofen, Decongestants, Cough syrup.",Consult if symptoms last more than a week or if you develop a high fever.
"suffering from loss of appetite, prolonged high fever, weakness, rash",Typhoid,"A bacterial infection that can lead to a high fever, diarrhea, and vomiting.","Drink boiled or bottled water, avoid raw foods.","Antibiotics (prescription only), Paracetamol for fever.",Requires immediate medical consultation for a proper antibiotic course.
"suffering from muscle pain, joint pain, rash",Dengue Fever,A mosquito-borne viral disease occurring in tropical and subtropical areas.,"Use mosquito nets, wear long sleeves, use repellents.",Paracetamol for fever. STRICTLY AVOID Aspirin or Ibuprofen.,Hospitalization may be required; consult immediately if experiencing severe abdominal pain or bleeding.
"feeling chills, headache, sweats",Influenza (Flu),A viral infection that attacks your respiratory system.,"Strict bed rest, isolate yourself, stay hydrated.","Oseltamivir (if prescribed early), Paracetamol for fever.",Consult a doctor immediately if you experience shortness of breath or persistent chest pain.
"nausea, throbbing pain, sensitivity to sound",Migraine,"A neurological condition that can cause multiple symptoms, frequently characterized by intense, debilitating headaches.","Rest in a quiet and dark room, avoid known triggers like caffeine or stress.","Ibuprofen, Triptans (prescription), Aspirin.",Consult a neurologist if migraines are frequent and severely disrupt daily life.
"i have chills, high fever, muscle aches, sweats, fatigue, dry cough, headache",Influenza (Flu),A viral infection that attacks your respiratory system.,"Strict bed rest, isolate yourself, stay hydrated.","Oseltamivir (if prescribed early), Paracetamol for fever.",Consult a doctor immediately if you experience shortness of breath or persistent chest pain.
"joint pain, rash, severe headache, high fever, pain behind eyes",Dengue Fever,A mosquito-borne viral disease occurring in tropical and subtropical areas.,"Use mosquito nets, wear long sleeves, use repellents.",Paracetamol for fever. STRICTLY AVOID Aspirin or Ibuprofen.,Hospitalization may be required; consult immediately if experiencing severe abdominal pain or bleeding.
"experiencing sensitivity to sound, severe headache, vomiting, sensitivity to light",Migraine,"A neurological condition that can cause multiple symptoms, frequently characterized by intense, debilitating headaches.","Rest in a quiet and dark room, avoid known triggers like caffeine or stress.","Ibuprofen, Triptans (prescription), Aspirin.",Consult a neurologist if migraines are frequent and severely disrupt daily life.
"experiencing watery eyes, nasal congestion, itchy eyes, itchy throat",Allergic Rhinitis,"An allergic response causing itchy, watery eyes, sneezing, and other similar symptoms.","Avoid allergens (dust, pollen), keep indoors during high pollen seasons.","Antihistamines (Cetirizine, Loratadine), Nasal corticosteroids.",Consult an allergist if symptoms are severe and unresponsive to over-the-counter medicine.
"muscle aches, low-grade fever, stomach cramps, diarrhea, vomiting, nausea",Gastroenteritis (Stomach Flu),"An intestinal infection marked by diarrhea, cramps, nausea, vomiting, and fever.","Stay hydrated, eat bland foods, wash hands thoroughly.","Oral rehydration salts (ORS), Loperamide (if advised).","Consult if you cannot keep liquids down for 24 hours, or if there is blood in stool."
"experiencing nausea, sensitivity to sound, vomiting, sensitivity to light, severe headache",Migraine,"A neurological condition that can cause multiple symptoms, frequently characterized by intense, debilitating headaches.","Rest in a quiet and dark room, avoid known triggers like caffeine or stress.","Ibuprofen, Triptans (prescription), Aspirin.",Consult a neurologist if migraines are frequent and severely disrupt daily life.
"feeling muscle aches, diarrhea, nausea, stomach cramps, vomiting, low-grade fever",Gastroenteritis (Stomach Flu),"An intestinal infection marked by diarrhea, cramps, nausea, vomiting, and fever.","Stay hydrated, eat bland foods, wash hands thoroughly.","Oral rehydration salts (ORS), Loperamide (if advised).","Consult if you cannot keep liquids down for 24 hours, or if there is blood in stool."
"i have fever, loss of smell, loss of taste, shortness of breath, dry cough, body aches, sore throat",COVID-19,A highly contagious respiratory illness caused by the SARS-CoV-2 virus.,"Isolate, wear a mask, monitor oxygen levels.","Paracetamol, Vitamin C, Zinc, prescribed antivirals if severe.",Seek immediate medical attention if oxygen drops below 94% or you have difficulty breathing.
"experiencing runny nose, nasal congestion, sneezing, itchy throat, itchy eyes, watery eyes",Allergic Rhinitis,"An allergic response causing itchy, watery eyes, sneezing, and other similar symptoms.","Avoid allergens (dust, pollen), keep indoors during high pollen seasons.","Antihistamines (Cetirizine, Loratadine), Nasal corticosteroids.",Consult an allergist if symptoms are severe and unresponsive to over-the-counter medicine.
"feeling runny nose, sneezing, congestion, sore throat",Common Cold,A common viral infection of the nose and throat.,"Rest, drink plenty of fluids, wash hands often.","Paracetamol, Ibuprofen, Decongestants, Cough syrup.",Consult if symptoms last more than a week or if you develop a high fever.
"experiencing muscle aches, low-grade fever, nausea, vomiting, diarrhea",Gastroenteritis (Stomach Flu),"An intestinal infection marked by diarrhea, cramps, nausea, vomiting, and fever.","Stay hydrated, eat bland foods, wash hands thoroughly.","Oral rehydration salts (ORS), Loperamide (if advised).","Consult if you cannot keep liquids down for 24 hours, or if there is blood in stool."
"diarrhea, nausea, abdominal cramps, vomiting, weakness, fever",Food Poisoning,Illness caused by eating contaminated food.,"Rest, stay hydrated with sips of water or clear broths.","Oral rehydration salts, Bismuth subsalicylate.","Consult a doctor if symptoms last more than a few days, or if you have a very high fever."
"feeling nausea, abdominal cramps, weakness, fever, vomiting, diarrhea",Food Poisoning,Illness caused by eating contaminated food.,"Rest, stay hydrated with sips of water or clear broths.","Oral rehydration salts, Bismuth subsalicylate.","Consult a doctor if symptoms last more than a few days, or if you have a very high fever."
"suffering from sensitivity to light, severe headache, nausea",Migraine,"A neurological condition that can cause multiple symptoms, frequently characterized by intense, debilitating headaches.","Rest in a quiet and dark room, avoid known triggers like caffeine or stress.","Ibuprofen, Triptans (prescription), Aspirin.",Consult a neurologist if migraines are frequent and severely disrupt daily life.
"feeling low-grade fever, diarrhea, vomiting, muscle aches, stomach cramps, nausea",Gastroenteritis (Stomach Flu),"An intestinal infection marked by diarrhea, cramps, nausea, vomiting, and fever.","Stay hydrated, eat bland foods, wash hands thoroughly.","Oral rehydration salts (ORS), Loperamide (if advised).","Consult if you cannot keep liquids down for 24 hours, or if there is blood in stool."
"suffering from chest tightness, coughing episodes",Asthma,A condition in which your airways narrow and swell and may produce extra mucus.,"Avoid triggers (smoke, strong odors), carry an inhaler always.","Bronchodilators (Albuterol inhaler), Inhaled corticosteroids.",Immediate emergency care required for severe shortness of breath or if an inhaler doesn't help.
"muscle aches, diarrhea, nausea, vomiting, low-grade fever, stomach cramps",Gastroenteritis (Stomach Flu),"An intestinal infection marked by diarrhea, cramps, nausea, vomiting, and fever.","Stay hydrated, eat bland foods, wash hands thoroughly.","Oral rehydration salts (ORS), Loperamide (if advised).","Consult if you cannot keep liquids down for 24 hours, or if there is blood in stool."
"experiencing rapid breathing, coughing episodes, chest tightness, wheezing, shortness of breath",Asthma,A condition in which your airways narrow and swell and may produce extra mucus.,"Avoid triggers (smoke, strong odors), carry an inhaler always.","Bronchodilators (Albuterol inhaler), Inhaled corticosteroids.",Immediate emergency care required for severe shortness of breath or if an inhaler doesn't help.
"diarrhea, vomiting, nausea",Gastroenteritis (Stomach Flu),"An intestinal infection marked by diarrhea, cramps, nausea, vomiting, and fever.","Stay hydrated, eat bland foods, wash hands thoroughly.","Oral rehydration salts (ORS), Loperamide (if advised).","Consult if you cannot keep liquids down for 24 hours, or if there is blood in stool."
"suffering from prolonged high fever, rash, weakness, loss of appetite, headache",Typhoid,"A bacterial infection that can lead to a high fever, diarrhea, and vomiting.","Drink boiled or bottled water, avoid raw foods.","Antibiotics (prescription only), Paracetamol for fever.",Requires immediate medical consultation for a proper antibiotic course.
"suffering from sensitivity to light, severe headache",Migraine,"A neurological condition that can cause multiple symptoms, frequently characterized by intense, debilitating headaches.","Rest in a quiet and dark room, avoid known triggers like caffeine or stress.","Ibuprofen, Triptans (prescription), Aspirin.",Consult a neurologist if migraines are frequent and severely disrupt daily life.
"cough, runny nose, sneezing, mild fever",Common Cold,A common viral infection of the nose and throat.,"Rest, drink plenty of fluids, wash hands often.","Paracetamol, Ibuprofen, Decongestants, Cough syrup.",Consult if symptoms last more than a week or if you develop a high fever.
"i have nausea, abdominal cramps, weakness, diarrhea, fever, vomiting",Food Poisoning,Illness caused by eating contaminated food.,"Rest, stay hydrated with sips of water or clear broths.","Oral rehydration salts, Bismuth subsalicylate.","Consult a doctor if symptoms last more than a few days, or if you have a very high fever."
"suffering from sweats, fatigue",Influenza (Flu),A viral infection that attacks your respiratory system.,"Strict bed rest, isolate yourself, stay hydrated.","Oseltamivir (if prescribed early), Paracetamol for fever.",Consult a doctor immediately if you experience shortness of breath or persistent chest pain.
"suffering from sensitivity to light, vomiting, sensitivity to sound, severe headache, nausea, throbbing pain",Migraine,"A neurological condition that can cause multiple symptoms, frequently characterized by intense, debilitating headaches.","Rest in a quiet and dark room, avoid known triggers like caffeine or stress.","Ibuprofen, Triptans (prescription), Aspirin.",Consult a neurologist if migraines are frequent and severely disrupt daily life.
"i have sensitivity to light, nausea, sensitivity to sound, vomiting",Migraine,"A neurological condition that can cause multiple symptoms, frequently characterized by intense, debilitating headaches.","Rest in a quiet and dark room, avoid known triggers like caffeine or stress.","Ibuprofen, Triptans (prescription), Aspirin.",Consult a neurologist if migraines are frequent and severely disrupt daily life.
"feeling nasal congestion, watery eyes, itchy throat, sneezing",Allergic Rhinitis,"An allergic response causing itchy, watery eyes, sneezing, and other similar symptoms.","Avoid allergens (dust, pollen), keep indoors during high pollen seasons.","Antihistamines (Cetirizine, Loratadine), Nasal corticosteroids.",Consult an allergist if symptoms are severe and unresponsive to over-the-counter medicine.
"experiencing sensitivity to light, vomiting",Migraine,"A neurological condition that can cause multiple symptoms, frequently characterized by intense, debilitating headaches.","Rest in a quiet and dark room, avoid known triggers like caffeine or stress.","Ibuprofen, Triptans (prescription), Aspirin.",Consult a neurologist if migraines are frequent and severely disrupt daily life.
"loss of taste, shortness of breath, body aches, loss of smell",COVID-19,A highly contagious respiratory illness caused by the SARS-CoV-2 virus.,"Isolate, wear a mask, monitor oxygen levels.","Paracetamol, Vitamin C, Zinc, prescribed antivirals if severe.",Seek immediate medical attention if oxygen drops below 94% or you have difficulty breathing.
"shortness of breath, fatigue",COVID-19,A highly contagious respiratory illness caused by the SARS-CoV-2 virus.,"Isolate, wear a mask, monitor oxygen levels.","Paracetamol, Vitamin C, Zinc, prescribed antivirals if severe.",Seek immediate medical attention if oxygen drops below 94% or you have difficulty breathing.
"watery eyes, itchy throat",Allergic Rhinitis,"An allergic response causing itchy, watery eyes, sneezing, and other similar symptoms.","Avoid allergens (dust, pollen), keep indoors during high pollen seasons.","Antihistamines (Cetirizine, Loratadine), Nasal corticosteroids.",Consult an allergist if symptoms are severe and unresponsive to over-the-counter medicine.
"suffering from fatigue, shortness of breath, dry cough, body aches, loss of smell, fever, loss of taste, sore throat",COVID-19,A highly contagious respiratory illness caused by the SARS-CoV-2 virus.,"Isolate, wear a mask, monitor oxygen levels.","Paracetamol, Vitamin C, Zinc, prescribed antivirals if severe.",Seek immediate medical attention if oxygen drops below 94% or you have difficulty breathing.
"experiencing throbbing pain, vomiting, sensitivity to light, severe headache, nausea",Migraine,"A neurological condition that can cause multiple symptoms, frequently characterized by intense, debilitating headaches.","Rest in a quiet and dark room, avoid known triggers like caffeine or stress.","Ibuprofen, Triptans (prescription), Aspirin.",Consult a neurologist if migraines are frequent and severely disrupt daily life.
"vomiting, nausea, stomach cramps",Gastroenteritis (Stomach Flu),"An intestinal infection marked by diarrhea, cramps, nausea, vomiting, and fever.","Stay hydrated, eat bland foods, wash hands thoroughly.","Oral rehydration salts (ORS), Loperamide (if advised).","Consult if you cannot keep liquids down for 24 hours, or if there is blood in stool."
"suffering from nasal congestion, itchy throat, watery eyes",Allergic Rhinitis,"An allergic response causing itchy, watery eyes, sneezing, and other similar symptoms.","Avoid allergens (dust, pollen), keep indoors during high pollen seasons.","Antihistamines (Cetirizine, Loratadine), Nasal corticosteroids.",Consult an allergist if symptoms are severe and unresponsive to over-the-counter medicine.
"i have loss of taste, body aches, dry cough",COVID-19,A highly contagious respiratory illness caused by the SARS-CoV-2 virus.,"Isolate, wear a mask, monitor oxygen levels.","Paracetamol, Vitamin C, Zinc, prescribed antivirals if severe.",Seek immediate medical attention if oxygen drops below 94% or you have difficulty breathing.
"feeling cough, runny nose, sore throat, sneezing",Common Cold,A common viral infection of the nose and throat.,"Rest, drink plenty of fluids, wash hands often.","Paracetamol, Ibuprofen, Decongestants, Cough syrup.",Consult if symptoms last more than a week or if you develop a high fever.
"runny nose, mild fever, cough, sore throat",Common Cold,A common viral infection of the nose and throat.,"Rest, drink plenty of fluids, wash hands often.","Paracetamol, Ibuprofen, Decongestants, Cough syrup.",Consult if symptoms last more than a week or if you develop a high fever.
"suffering from severe headache, fatigue",Dengue Fever,A mosquito-borne viral disease occurring in tropical and subtropical areas.,"Use mosquito nets, wear long sleeves, use repellents.",Paracetamol for fever. STRICTLY AVOID Aspirin or Ibuprofen.,Hospitalization may be required; consult immediately if experiencing severe abdominal pain or bleeding.
"feeling rash, headache",Typhoid,"A bacterial infection that can lead to a high fever, diarrhea, and vomiting.","Drink boiled or bottled water, avoid raw foods.","Antibiotics (prescription only), Paracetamol for fever.",Requires immediate medical consultation for a proper antibiotic course.
"suffering from chills, high fever, headache, muscle aches, dry cough",Influenza (Flu),A viral infection that attacks your respiratory system.,"Strict bed rest, isolate yourself, stay hydrated.","Oseltamivir (if prescribed early), Paracetamol for fever.",Consult a doctor immediately if you experience shortness of breath or persistent chest pain.
"high fever, chills, dry cough, fatigue, headache, muscle aches",Influenza (Flu),A viral infection that attacks your respiratory system.,"Strict bed rest, isolate yourself, stay hydrated.","Oseltamivir (if prescribed early), Paracetamol for fever.",Consult a doctor immediately if you experience shortness of breath or persistent chest pain.
"loss of appetite, prolonged high fever, headache, stomach pain, weakness, rash",Typhoid,"A bacterial infection that can lead to a high fever, diarrhea, and vomiting.","Drink boiled or bottled water, avoid raw foods.","Antibiotics (prescription only), Paracetamol for fever.",Requires immediate medical consultation for a proper antibiotic course.
"experiencing body aches, shortness of breath, loss of smell, loss of taste, fatigue",COVID-19,A highly contagious respiratory illness caused by the SARS-CoV-2 virus.,"Isolate, wear a mask, monitor oxygen levels.","Paracetamol, Vitamin C, Zinc, prescribed antivirals if severe.",Seek immediate medical attention if oxygen drops below 94% or you have difficulty breathing.
"feeling severe headache, sensitivity to sound, nausea",Migraine,"A neurological condition that can cause multiple symptoms, frequently characterized by intense, debilitating headaches.","Rest in a quiet and dark room, avoid known triggers like caffeine or stress.","Ibuprofen, Triptans (prescription), Aspirin.",Consult a neurologist if migraines are frequent and severely disrupt daily life.
"feeling itchy throat, sneezing, nasal congestion, itchy eyes",Allergic Rhinitis,"An allergic response causing itchy, watery eyes, sneezing, and other similar symptoms.","Avoid allergens (dust, pollen), keep indoors during high pollen seasons.","Antihistamines (Cetirizine, Loratadine), Nasal corticosteroids.",Consult an allergist if symptoms are severe and unresponsive to over-the-counter medicine.
"experiencing abdominal cramps, weakness, fever, diarrhea, nausea",Food Poisoning,Illness caused by eating contaminated food.,"Rest, stay hydrated with sips of water or clear broths.","Oral rehydration salts, Bismuth subsalicylate.","Consult a doctor if symptoms last more than a few days, or if you have a very high fever."
"i have fatigue, pain behind eyes",Dengue Fever,A mosquito-borne viral disease occurring in tropical and subtropical areas.,"Use mosquito nets, wear long sleeves, use repellents.",Paracetamol for fever. STRICTLY AVOID Aspirin or Ibuprofen.,Hospitalization may be required; consult immediately if experiencing severe abdominal pain or bleeding.
"suffering from vomiting, diarrhea, stomach cramps",Gastroenteritis (Stomach Flu),"An intestinal infection marked by diarrhea, cramps, nausea, vomiting, and fever.","Stay hydrated, eat bland foods, wash hands thoroughly.","Oral rehydration salts (ORS), Loperamide (if advised).","Consult if you cannot keep liquids down for 24 hours, or if there is blood in stool."
"congestion, runny nose, sneezing, cough, mild fever",Common Cold,A common viral infection of the nose and throat.,"Rest, drink plenty of fluids, wash hands often.","Paracetamol, Ibuprofen, Decongestants, Cough syrup.",Consult if symptoms last more than a week or if you develop a high fever.
"experiencing high fever, muscle aches, chills, dry cough, fatigue, sweats",Influenza (Flu),A viral infection that attacks your respiratory system.,"Strict bed rest, isolate yourself, stay hydrated.","Oseltamivir (if prescribed early), Paracetamol for fever.",Consult a doctor immediately if you experience shortness of breath or persistent chest pain.
"feeling low-grade fever, nausea",Gastroenteritis (Stomach Flu),"An intestinal infection marked by diarrhea, cramps, nausea, vomiting, and fever.","Stay hydrated, eat bland foods, wash hands thoroughly.","Oral rehydration salts (ORS), Loperamide (if advised).","Consult if you cannot keep liquids down for 24 hours, or if there is blood in stool."
"diarrhea, muscle aches, stomach cramps, low-grade fever, vomiting, nausea",Gastroenteritis (Stomach Flu),"An intestinal infection marked by diarrhea, cramps, nausea, vomiting, and fever.","Stay hydrated, eat bland foods, wash hands thoroughly.","Oral rehydration salts (ORS), Loperamide (if advised).","Consult if you cannot keep liquids down for 24 hours, or if there is blood in stool."
"i have loss of appetite, weakness, rash, headache",Typhoid,"A bacterial infection that can lead to a high fever, diarrhea, and vomiting.","Drink boiled or bottled water, avoid raw foods.","Antibiotics (prescription only), Paracetamol for fever.",Requires immediate medical consultation for a proper antibiotic course.
"feeling coughing episodes, rapid breathing",Asthma,A condition in which your airways narrow and swell and may produce extra mucus.,"Avoid triggers (smoke, strong odors), carry an inhaler always.","Bronchodilators (Albuterol inhaler), Inhaled corticosteroids.",Immediate emergency care required for severe shortness of breath or if an inhaler doesn't help.
"i have severe headache, rash, joint pain, muscle pain, pain behind eyes, fatigue",Dengue Fever,A mosquito-borne viral disease occurring in tropical and subtropical areas.,"Use mosquito nets, wear long sleeves, use repellents.",Paracetamol for fever. STRICTLY AVOID Aspirin or Ibuprofen.,Hospitalization may be required; consult immediately if experiencing severe abdominal pain or bleeding.
"suffering from pain behind eyes, muscle pain, fatigue, rash",Dengue Fever,A mosquito-borne viral disease occurring in tropical and subtropical areas.,"Use mosquito nets, wear long sleeves, use repellents.",Paracetamol for fever. STRICTLY AVOID Aspirin or Ibuprofen.,Hospitalization may be required; consult immediately if experiencing severe abdominal pain or bleeding.
"feeling rash, weakness",Typhoid,"A bacterial infection that can lead to a high fever, diarrhea, and vomiting.","Drink boiled or bottled water, avoid raw foods.","Antibiotics (prescription only), Paracetamol for fever.",Requires immediate medical consultation for a proper antibiotic course.
"feeling stomach cramps, vomiting",Gastroenteritis (Stomach Flu),"An intestinal infection marked by diarrhea, cramps, nausea, vomiting, and fever.","Stay hydrated, eat bland foods, wash hands thoroughly.","Oral rehydration salts (ORS), Loperamide (if advised).","Consult if you cannot keep liquids down for 24 hours, or if there is blood in stool."
"suffering from congestion, runny nose, sore throat, cough",Common Cold,A common viral infection of the nose and throat.,"Rest, drink plenty of fluids, wash hands often.","Paracetamol, Ibuprofen, Decongestants, Cough syrup.",Consult if symptoms last more than a week or if you develop a high fever.
"suffering from fever, fatigue, loss of smell, loss of taste, sore throat, shortness of breath, dry cough, body aches",COVID-19,A highly contagious respiratory illness caused by the SARS-CoV-2 virus.,"Isolate, wear a mask, monitor oxygen levels.","Paracetamol, Vitamin C, Zinc, prescribed antivirals if severe.",Seek immediate medical attention if oxygen drops below 94% or you have difficulty breathing.
"experiencing fatigue, muscle aches",Influenza (Flu),A viral infection that attacks your respiratory system.,"Strict bed rest, isolate yourself, stay hydrated.","Oseltamivir (if prescribed early), Paracetamol for fever.",Consult a doctor immediately if you experience shortness of breath or persistent chest pain.
"i have stomach cramps, vomiting, muscle aches, low-grade fever",Gastroenteritis (Stomach Flu),"An intestinal infection marked by diarrhea, cramps, nausea, vomiting, and fever.","Stay hydrated, eat bland foods, wash hands thoroughly.","Oral rehydration salts (ORS), Loperamide (if advised).","Consult if you cannot keep liquids down for 24 hours, or if there is blood in stool."
"experiencing sneezing, cough, mild fever, runny nose, congestion, sore throat",Common Cold,A common viral infection of the nose and throat.,"Rest, drink plenty of fluids, wash hands often.","Paracetamol, Ibuprofen, Decongestants, Cough syrup.",Consult if symptoms last more than a week or if you develop a high fever.
"stomach cramps, vomiting, nausea, muscle aches, diarrhea, low-grade fever",Gastroenteritis (Stomach Flu),"An intestinal infection marked by diarrhea, cramps, nausea, vomiting, and fever.","Stay hydrated, eat bland foods, wash hands thoroughly.","Oral rehydration salts (ORS), Loperamide (if advised).","Consult if you cannot keep liquids down for 24 hours, or if there is blood in stool."
"experiencing high fever, severe headache, joint pain, pain behind eyes, muscle pain, fatigue",Dengue Fever,A mosquito-borne viral disease occurring in tropical and subtropical areas.,"Use mosquito nets, wear long sleeves, use repellents.",Paracetamol for fever. STRICTLY AVOID Aspirin or Ibuprofen.,Hospitalization may be required; consult immediately if experiencing severe abdominal pain or bleeding.
"experiencing itchy throat, itchy eyes",Allergic Rhinitis,"An allergic response causing itchy, watery eyes, sneezing, and other similar symptoms.","Avoid allergens (dust, pollen), keep indoors during high pollen seasons.","Antihistamines (Cetirizine, Loratadine), Nasal corticosteroids.",Consult an allergist if symptoms are severe and unresponsive to over-the-counter medicine.
"suffering from weakness, headache, loss of appetite",Typhoid,"A bacterial infection that can lead to a high fever, diarrhea, and vomiting.","Drink boiled or bottled water, avoid raw foods.","Antibiotics (prescription only), Paracetamol for fever.",Requires immediate medical consultation for a proper antibiotic course.
"diarrhea, stomach cramps, vomiting, nausea, muscle aches",Gastroenteritis (Stomach Flu),"An intestinal infection marked by diarrhea, cramps, nausea, vomiting, and fever.","Stay hydrated, eat bland foods, wash hands thoroughly.","Oral rehydration salts (ORS), Loperamide (if advised).","Consult if you cannot keep liquids down for 24 hours, or if there is blood in stool."
"dry cough, loss of taste, body aches, fever, sore throat, shortness of breath, fatigue, loss of smell",COVID-19,A highly contagious respiratory illness caused by the SARS-CoV-2 virus.,"Isolate, wear a mask, monitor oxygen levels.","Paracetamol, Vitamin C, Zinc, prescribed antivirals if severe.",Seek immediate medical attention if oxygen drops below 94% or you have difficulty breathing.
"feeling loss of appetite, weakness, stomach pain, rash",Typhoid,"A bacterial infection that can lead to a high fever, diarrhea, and vomiting.","Drink boiled or bottled water, avoid raw foods.","Antibiotics (prescription only), Paracetamol for fever.",Requires immediate medical consultation for a proper antibiotic course.
"feeling runny nose, itchy eyes, sneezing, nasal congestion",Allergic Rhinitis,"An allergic response causing itchy, watery eyes, sneezing, and other similar symptoms.","Avoid allergens (dust, pollen), keep indoors during high pollen seasons.","Antihistamines (Cetirizine, Loratadine), Nasal corticosteroids.",Consult an allergist if symptoms are severe and unresponsive to over-the-counter medicine.
"rash, headache, loss of appetite, stomach pain",Typhoid,"A bacterial infection that can lead to a high fever, diarrhea, and vomiting.","Drink boiled or bottled water, avoid raw foods.","Antibiotics (prescription only), Paracetamol for fever.",Requires immediate medical consultation for a proper antibiotic course.
"experiencing sweats, dry cough, muscle aches, chills",Influenza (Flu),A viral infection that attacks your respiratory system.,"Strict bed rest, isolate yourself, stay hydrated.","Oseltamivir (if prescribed early), Paracetamol for fever.",Consult a doctor immediately if you experience shortness of breath or persistent chest pain.
"sneezing, itchy eyes, watery eyes, runny nose, itchy throat",Allergic Rhinitis,"An allergic response causing itchy, watery eyes, sneezing, and other similar symptoms.","Avoid allergens (dust, pollen), keep indoors during high pollen seasons.","Antihistamines (Cetirizine, Loratadine), Nasal corticosteroids.",Consult an allergist if symptoms are severe and unresponsive to over-the-counter medicine.
"suffering from sensitivity to light, throbbing pain, severe headache, vomiting, nausea",Migraine,"A neurological condition that can cause multiple symptoms, frequently characterized by intense, debilitating headaches.","Rest in a quiet and dark room, avoid known triggers like caffeine or stress.","Ibuprofen, Triptans (prescription), Aspirin.",Consult a neurologist if migraines are frequent and severely disrupt daily life.
"experiencing fatigue, pain behind eyes, rash",Dengue Fever,A mosquito-borne viral disease occurring in tropical and subtropical areas.,"Use mosquito nets, wear long sleeves, use repellents.",Paracetamol for fever. STRICTLY AVOID Aspirin or Ibuprofen.,Hospitalization may be required; consult immediately if experiencing severe abdominal pain or bleeding.
"feeling loss of appetite, prolonged high fever, headache, weakness, rash",Typhoid,"A bacterial infection that can lead to a high fever, diarrhea, and vomiting.","Drink boiled or bottled water, avoid raw foods.","Antibiotics (prescription only), Paracetamol for fever.",Requires immediate medical consultation for a proper antibiotic course.
"suffering from dry cough, fever, sore throat, loss of smell",COVID-19,A highly contagious respiratory illness caused by the SARS-CoV-2 virus.,"Isolate, wear a mask, monitor oxygen levels.","Paracetamol, Vitamin C, Zinc, prescribed antivirals if severe.",Seek immediate medical attention if oxygen drops below 94% or you have difficulty breathing.
"feeling vomiting, severe headache, nausea",Migraine,"A neurological condition that can cause multiple symptoms, frequently characterized by intense, debilitating headaches.","Rest in a quiet and dark room, avoid known triggers like caffeine or stress.","Ibuprofen, Triptans (prescription), Aspirin.",Consult a neurologist if migraines are frequent and severely disrupt daily life.
"i have headache, weakness",Typhoid,"A bacterial infection that can lead to a high fever, diarrhea, and vomiting.","Drink boiled or bottled water, avoid raw foods.","Antibiotics (prescription only), Paracetamol for fever.",Requires immediate medical consultation for a proper antibiotic course.
"suffering from fatigue, joint pain, high fever",Dengue Fever,A mosquito-borne viral disease occurring in tropical and subtropical areas.,"Use mosquito nets, wear long sleeves, use repellents.",Paracetamol for fever. STRICTLY AVOID Aspirin or Ibuprofen.,Hospitalization may be required; consult immediately if experiencing severe abdominal pain or bleeding.
"feeling loss of appetite, headache",Typhoid,"A bacterial infection that can lead to a high fever, diarrhea, and vomiting.","Drink boiled or bottled water, avoid raw foods.","Antibiotics (prescription only), Paracetamol for fever.",Requires immediate medical consultation for a proper antibiotic course.
"i have stomach pain, weakness, rash, prolonged high fever, headache",Typhoid,"A bacterial infection that can lead to a high fever, diarrhea, and vomiting.","Drink boiled or bottled water, avoid raw foods.","Antibiotics (prescription only), Paracetamol for fever.",Requires immediate medical consultation for a proper antibiotic course.
"experiencing prolonged high fever, stomach pain, weakness",Typhoid,"A bacterial infection that can lead to a high fever, diarrhea, and vomiting.","Drink boiled or bottled water, avoid raw foods.","Antibiotics (prescription only), Paracetamol for fever.",Requires immediate medical consultation for a proper antibiotic course.
"feeling prolonged high fever, stomach pain, loss of appetite",Typhoid,"A bacterial infection that can lead to a high fever, diarrhea, and vomiting.","Drink boiled or bottled water, avoid raw foods.","Antibiotics (prescription only), Paracetamol for fever.",Requires immediate medical consultation for a proper antibiotic course.
"experiencing wheezing, rapid breathing, shortness of breath",Asthma,A condition in which your airways narrow and swell and may produce extra mucus.,"Avoid triggers (smoke, strong odors), carry an inhaler always.","Bronchodilators (Albuterol inhaler), Inhaled corticosteroids.",Immediate emergency care required for severe shortness of breath or if an inhaler doesn't help.
"i have dry cough, muscle aches",Influenza (Flu),A viral infection that attacks your respiratory system.,"Strict bed rest, isolate yourself, stay hydrated.","Oseltamivir (if prescribed early), Paracetamol for fever.",Consult a doctor immediately if you experience shortness of breath or persistent chest pain.
"i have cough, sore throat, sneezing, mild fever, congestion, runny nose",Common Cold,A common viral infection of the nose and throat.,"Rest, drink plenty of fluids, wash hands often.","Paracetamol, Ibuprofen, Decongestants, Cough syrup.",Consult if symptoms last more than a week or if you develop a high fever.
"high fever, muscle aches",Influenza (Flu),A viral infection that attacks your respiratory system.,"Strict bed rest, isolate yourself, stay hydrated.","Oseltamivir (if prescribed early), Paracetamol for fever.",Consult a doctor immediately if you experience shortness of breath or persistent chest pain.
"feeling weakness, abdominal cramps, diarrhea, fever, nausea",Food Poisoning,Illness caused by eating contaminated food.,"Rest, stay hydrated with sips of water or clear broths.","Oral rehydration salts, Bismuth subsalicylate.","Consult a doctor if symptoms last more than a few days, or if you have a very high fever."
"i have loss of taste, shortness of breath, fatigue, loss of smell",COVID-19,A highly contagious respiratory illness caused by the SARS-CoV-2 virus.,"Isolate, wear a mask, monitor oxygen levels.","Paracetamol, Vitamin C, Zinc, prescribed antivirals if severe.",Seek immediate medical attention if oxygen drops below 94% or you have difficulty breathing.
"suffering from headache, prolonged high fever, loss of appetite, weakness",Typhoid,"A bacterial infection that can lead to a high fever, diarrhea, and vomiting.","Drink boiled or bottled water, avoid raw foods.","Antibiotics (prescription only), Paracetamol for fever.",Requires immediate medical consultation for a proper antibiotic course.
"experiencing low-grade fever, vomiting, diarrhea, stomach cramps, muscle aches",Gastroenteritis (Stomach Flu),"An intestinal infection marked by diarrhea, cramps, nausea, vomiting, and fever.","Stay hydrated, eat bland foods, wash hands thoroughly.","Oral rehydration salts (ORS), Loperamide (if advised).","Consult if you cannot keep liquids down for 24 hours, or if there is blood in stool."
"feeling fatigue, headache, chills, dry cough, high fever",Influenza (Flu),A viral infection that attacks your respiratory system.,"Strict bed rest, isolate yourself, stay hydrated.","Oseltamivir (if prescribed early), Paracetamol for fever.",Consult a doctor immediately if you experience shortness of breath or persistent chest pain.
"suffering from watery eyes, sneezing",Allergic Rhinitis,"An allergic response causing itchy, watery eyes, sneezing, and other similar symptoms.","Avoid allergens (dust, pollen), keep indoors during high pollen seasons.","Antihistamines (Cetirizine, Loratadine), Nasal corticosteroids.",Consult an allergist if symptoms are severe and unresponsive to over-the-counter medicine.
"diarrhea, abdominal cramps, vomiting, nausea",Food Poisoning,Illness caused by eating contaminated food.,"Rest, stay hydrated with sips of water or clear broths.","Oral rehydration salts, Bismuth subsalicylate.","Consult a doctor if symptoms last more than a few days, or if you have a very high fever."
"feeling rash, fatigue, severe headache, pain behind eyes",Dengue Fever,A mosquito-borne viral disease occurring in tropical and subtropical areas.,"Use mosquito nets, wear long sleeves, use repellents.",Paracetamol for fever. STRICTLY AVOID Aspirin or Ibuprofen.,Hospitalization may be required; consult immediately if experiencing severe abdominal pain or bleeding.
"feeling mild fever, congestion, runny nose, cough, sore throat, sneezing",Common Cold,A common viral infection of the nose and throat.,"Rest, drink plenty of fluids, wash hands often.","Paracetamol, Ibuprofen, Decongestants, Cough syrup.",Consult if symptoms last more than a week or if you develop a high fever.
"stomach cramps, muscle aches",Gastroenteritis (Stomach Flu),"An intestinal infection marked by diarrhea, cramps, nausea, vomiting, and fever.","Stay hydrated, eat bland foods, wash hands thoroughly.","Oral rehydration salts (ORS), Loperamide (if advised).","Consult if you cannot keep liquids down for 24 hours, or if there is blood in stool."
"feeling severe headache, joint pain, pain behind eyes, muscle pain, high fever, rash",Dengue Fever,A mosquito-borne viral disease occurring in tropical and subtropical areas.,"Use mosquito nets, wear long sleeves, use repellents.",Paracetamol for fever. STRICTLY AVOID Aspirin or Ibuprofen.,Hospitalization may be required; consult immediately if experiencing severe abdominal pain or bleeding.
"feeling muscle aches, diarrhea, stomach cramps, nausea, vomiting, low-grade fever",Gastroenteritis (Stomach Flu),"An intestinal infection marked by diarrhea, cramps, nausea, vomiting, and fever.","Stay hydrated, eat bland foods, wash hands thoroughly.","Oral rehydration salts (ORS), Loperamide (if advised).","Consult if you cannot keep liquids down for 24 hours, or if there is blood in stool."
"stomach pain, prolonged high fever, loss of appetite, rash, weakness, headache",Typhoid,"A bacterial infection that can lead to a high fever, diarrhea, and vomiting.","Drink boiled or bottled water, avoid raw foods.","Antibiotics (prescription only), Paracetamol for fever.",Requires immediate medical consultation for a proper antibiotic course.
"feeling shortness of breath, coughing episodes, wheezing, chest tightness",Asthma,A condition in which your airways narrow and swell and may produce extra mucus.,"Avoid triggers (smoke, strong odors), carry an inhaler always.","Bronchodilators (Albuterol inhaler), Inhaled corticosteroids.",Immediate emergency care required for severe shortness of breath or if an inhaler doesn't help.
"i have muscle pain, fatigue, high fever, rash, pain behind eyes, severe headache, joint pain",Dengue Fever,A mosquito-borne viral disease occurring in tropical and subtropical areas.,"Use mosquito nets, wear long sleeves, use repellents.",Paracetamol for fever. STRICTLY AVOID Aspirin or Ibuprofen.,Hospitalization may be required; consult immediately if experiencing severe abdominal pain or bleeding.
"feeling watery eyes, itchy throat, nasal congestion",Allergic Rhinitis,"An allergic response causing itchy, watery eyes, sneezing, and other similar symptoms.","Avoid allergens (dust, pollen), keep indoors during high pollen seasons.","Antihistamines (Cetirizine, Loratadine), Nasal corticosteroids.",Consult an allergist if symptoms are severe and unresponsive to over-the-counter medicine.
"suffering from headache, stomach pain, prolonged high fever, rash, loss of appetite",Typhoid,"A bacterial infection that can lead to a high fever, diarrhea, and vomiting.","Drink boiled or bottled water, avoid raw foods.","Antibiotics (prescription only), Paracetamol for fever.",Requires immediate medical consultation for a proper antibiotic course.
"suffering from headache, fatigue, chills, high fever, muscle aches, dry cough, sweats",Influenza (Flu),A viral infection that attacks your respiratory system.,"Strict bed rest, isolate yourself, stay hydrated.","Oseltamivir (if prescribed early), Paracetamol for fever.",Consult a doctor immediately if you experience shortness of breath or persistent chest pain.
"i have high fever, dry cough, fatigue, chills, headache, muscle aches, sweats",Influenza (Flu),A viral infection that attacks your respiratory system.,"Strict bed rest, isolate yourself, stay hydrated.","Oseltamivir (if prescribed early), Paracetamol for fever.",Consult a doctor immediately if you experience shortness of breath or persistent chest pain.
"feeling sensitivity to sound, sensitivity to light, vomiting",Migraine,"A neurological condition that can cause multiple symptoms, frequently characterized by intense, debilitating headaches.","Rest in a quiet and dark room, avoid known triggers like caffeine or stress.","Ibuprofen, Triptans (prescription), Aspirin.",Consult a neurologist if migraines are frequent and severely disrupt daily life.
"feeling rapid breathing, shortness of breath, wheezing, chest tightness",Asthma,A condition in which your airways narrow and swell and may produce extra mucus.,"Avoid triggers (smoke, strong odors), carry an inhaler always.","Bronchodilators (Albuterol inhaler), Inhaled corticosteroids.",Immediate emergency care required for severe shortness of breath or if an inhaler doesn't help.
"i have nausea, severe headache, sensitivity to light, vomiting, sensitivity to sound, throbbing pain",Migraine,"A neurological condition that can cause multiple symptoms, frequently characterized by intense, debilitating headaches.","Rest in a quiet and dark room, avoid known triggers like caffeine or stress.","Ibuprofen, Triptans (prescription), Aspirin.",Consult a neurologist if migraines are frequent and severely disrupt daily life.
"sore throat, shortness of breath, loss of smell, dry cough",COVID-19,A highly contagious respiratory illness caused by the SARS-CoV-2 virus.,"Isolate, wear a mask, monitor oxygen levels.","Paracetamol, Vitamin C, Zinc, prescribed antivirals if severe.",Seek immediate medical attention if oxygen drops below 94% or you have difficulty breathing.
"high fever, pain behind eyes, fatigue, joint pain, muscle pain",Dengue Fever,A mosquito-borne viral disease occurring in tropical and subtropical areas.,"Use mosquito nets, wear long sleeves, use repellents.",Paracetamol for fever. STRICTLY AVOID Aspirin or Ibuprofen.,Hospitalization may be required; consult immediately if experiencing severe abdominal pain or bleeding.
"i have watery eyes, nasal congestion",Allergic Rhinitis,"An allergic response causing itchy, watery eyes, sneezing, and other similar symptoms.","Avoid allergens (dust, pollen), keep indoors during high pollen seasons.","Antihistamines (Cetirizine, Loratadine), Nasal corticosteroids.",Consult an allergist if symptoms are severe and unresponsive to over-the-counter medicine.
"experiencing muscle aches, dry cough, high fever, headache",Influenza (Flu),A viral infection that attacks your respiratory system.,"Strict bed rest, isolate yourself, stay hydrated.","Oseltamivir (if prescribed early), Paracetamol for fever.",Consult a doctor immediately if you experience shortness of breath or persistent chest pain.
"experiencing rapid breathing, shortness of breath, wheezing, coughing episodes",Asthma,A condition in which your airways narrow and swell and may produce extra mucus.,"Avoid triggers (smoke, strong odors), carry an inhaler always.","Bronchodilators (Albuterol inhaler), Inhaled corticosteroids.",Immediate emergency care required for severe shortness of breath or if an inhaler doesn't help.
"experiencing cough, congestion, runny nose",Common Cold,A common viral infection of the nose and throat.,"Rest, drink plenty of fluids, wash hands often.","Paracetamol, Ibuprofen, Decongestants, Cough syrup.",Consult if symptoms last more than a week or if you develop a high fever.
"i have runny nose, mild fever, congestion, sore throat",Common Cold,A common viral infection of the nose and throat.,"Rest, drink plenty of fluids, wash hands often.","Paracetamol, Ibuprofen, Decongestants, Cough syrup.",Consult if symptoms last more than a week or if you develop a high fever.
"weakness, stomach pain",Typhoid,"A bacterial infection that can lead to a high fever, diarrhea, and vomiting.","Drink boiled or bottled water, avoid raw foods.","Antibiotics (prescription only), Paracetamol for fever.",Requires immediate medical consultation for a proper antibiotic course.
"suffering from fever, weakness",Food Poisoning,Illness caused by eating contaminated food.,"Rest, stay hydrated with sips of water or clear broths.","Oral rehydration salts, Bismuth subsalicylate.","Consult a doctor if symptoms last more than a few days, or if you have a very high fever."
"nausea, vomiting, severe headache, throbbing pain",Migraine,"A neurological condition that can cause multiple symptoms, frequently characterized by intense, debilitating headaches.","Rest in a quiet and dark room, avoid known triggers like caffeine or stress.","Ibuprofen, Triptans (prescription), Aspirin.",Consult a neurologist if migraines are frequent and severely disrupt daily life.
"suffering from high fever, joint pain, severe headache, pain behind eyes, muscle pain, fatigue",Dengue Fever,A mosquito-borne viral disease occurring in tropical and subtropical areas.,"Use mosquito nets, wear long sleeves, use repellents.",Paracetamol for fever. STRICTLY AVOID Aspirin or Ibuprofen.,Hospitalization may be required; consult immediately if experiencing severe abdominal pain or bleeding.
"shortness of breath, chest tightness",Asthma,A condition in which your airways narrow and swell and may produce extra mucus.,"Avoid triggers (smoke, strong odors), carry an inhaler always.","Bronchodilators (Albuterol inhaler), Inhaled corticosteroids.",Immediate emergency care required for severe shortness of breath or if an inhaler doesn't help.
"wheezing, coughing episodes, chest tightness",Asthma,A condition in which your airways narrow and swell and may produce extra mucus.,"Avoid triggers (smoke, strong odors), carry an inhaler always.","Bronchodilators (Albuterol inhaler), Inhaled corticosteroids.",Immediate emergency care required for severe shortness of breath or if an inhaler doesn't help.
"cough, sore throat",Common Cold,A common viral infection of the nose and throat.,"Rest, drink plenty of fluids, wash hands often.","Paracetamol, Ibuprofen, Decongestants, Cough syrup.",Consult if symptoms last more than a week or if you develop a high fever.
"i have fatigue, dry cough, loss of taste, body aches, loss of smell, shortness of breath",COVID-19,A highly contagious respiratory illness caused by the SARS-CoV-2 virus.,"Isolate, wear a mask, monitor oxygen levels.","Paracetamol, Vitamin C, Zinc, prescribed antivirals if severe.",Seek immediate medical attention if oxygen drops below 94% or you have difficulty breathing.
"feeling chest tightness, shortness of breath, rapid breathing",Asthma,A condition in which your airways narrow and swell and may produce extra mucus.,"Avoid triggers (smoke, strong odors), carry an inhaler always.","Bronchodilators (Albuterol inhaler), Inhaled corticosteroids.",Immediate emergency care required for severe shortness of breath or if an inhaler doesn't help.
"experiencing muscle aches, low-grade fever, vomiting, stomach cramps",Gastroenteritis (Stomach Flu),"An intestinal infection marked by diarrhea, cramps, nausea, vomiting, and fever.","Stay hydrated, eat bland foods, wash hands thoroughly.","Oral rehydration salts (ORS), Loperamide (if advised).","Consult if you cannot keep liquids down for 24 hours, or if there is blood in stool."
"suffering from coughing episodes, shortness of breath",Asthma,A condition in which your airways narrow and swell and may produce extra mucus.,"Avoid triggers (smoke, strong odors), carry an inhaler always.","Bronchodilators (Albuterol inhaler), Inhaled corticosteroids.",Immediate emergency care required for severe shortness of breath or if an inhaler doesn't help.
"feeling itchy eyes, watery eyes",Allergic Rhinitis,"An allergic response causing itchy, watery eyes, sneezing, and other similar symptoms.","Avoid allergens (dust, pollen), keep indoors during high pollen seasons.","Antihistamines (Cetirizine, Loratadine), Nasal corticosteroids.",Consult an allergist if symptoms are severe and unresponsive to over-the-counter medicine.
"muscle aches, nausea, vomiting",Gastroenteritis (Stomach Flu),"An intestinal infection marked by diarrhea, cramps, nausea, vomiting, and fever.","Stay hydrated, eat bland foods, wash hands thoroughly.","Oral rehydration salts (ORS), Loperamide (if advised).","Consult if you cannot keep liquids down for 24 hours, or if there is blood in stool."
"i have stomach cramps, muscle aches, low-grade fever, nausea",Gastroenteritis (Stomach Flu),"An intestinal infection marked by diarrhea, cramps, nausea, vomiting, and fever.","Stay hydrated, eat bland foods, wash hands thoroughly.","Oral rehydration salts (ORS), Loperamide (if advised).","Consult if you cannot keep liquids down for 24 hours, or if there is blood in stool."
"i have itchy throat, watery eyes, sneezing, itchy eyes",Allergic Rhinitis,"An allergic response causing itchy, watery eyes, sneezing, and other similar symptoms.","Avoid allergens (dust, pollen), keep indoors during high pollen seasons.","Antihistamines (Cetirizine, Loratadine), Nasal corticosteroids.",Consult an allergist if symptoms are severe and unresponsive to over-the-counter medicine.
"suffering from cough, sneezing, congestion, runny nose, sore throat",Common Cold,A common viral infection of the nose and throat.,"Rest, drink plenty of fluids, wash hands often.","Paracetamol, Ibuprofen, Decongestants, Cough syrup.",Consult if symptoms last more than a week or if you develop a high fever.
"sneezing, cough, mild fever, runny nose, sore throat",Common Cold,A common viral infection of the nose and throat.,"Rest, drink plenty of fluids, wash hands often.","Paracetamol, Ibuprofen, Decongestants, Cough syrup.",Consult if symptoms last more than a week or if you develop a high fever.
"vomiting, sensitivity to light, severe headache",Migraine,"A neurological condition that can cause multiple symptoms, frequently characterized by intense, debilitating headaches.","Rest in a quiet and dark room, avoid known triggers like caffeine or stress.","Ibuprofen, Triptans (prescription), Aspirin.",Consult a neurologist if migraines are frequent and severely disrupt daily life.
"experiencing dry cough, high fever, sweats, muscle aches, chills, fatigue",Influenza (Flu),A viral infection that attacks your respiratory system.,"Strict bed rest, isolate yourself, stay hydrated.","Oseltamivir (if prescribed early), Paracetamol for fever.",Consult a doctor immediately if you experience shortness of breath or persistent chest pain.
"feeling fatigue, rash",Dengue Fever,A mosquito-borne viral disease occurring in tropical and subtropical areas.,"Use mosquito nets, wear long sleeves, use repellents.",Paracetamol for fever. STRICTLY AVOID Aspirin or Ibuprofen.,Hospitalization may be required; consult immediately if experiencing severe abdominal pain or bleeding.
"feeling runny nose, itchy throat",Allergic Rhinitis,"An allergic response causing itchy, watery eyes, sneezing, and other similar symptoms.","Avoid allergens (dust, pollen), keep indoors during high pollen seasons.","Antihistamines (Cetirizine, Loratadine), Nasal corticosteroids.",Consult an allergist if symptoms are severe and unresponsive to over-the-counter medicine.
"feeling loss of smell, fatigue, loss of taste, sore throat, fever",COVID-19,A highly contagious respiratory illness caused by the SARS-CoV-2 virus.,"Isolate, wear a mask, monitor oxygen levels.","Paracetamol, Vitamin C, Zinc, prescribed antivirals if severe.",Seek immediate medical attention if oxygen drops below 94% or you have difficulty breathing.
"sensitivity to sound, nausea, vomiting, throbbing pain, severe headache, sensitivity to light",Migraine,"A neurological condition that can cause multiple symptoms, frequently characterized by intense, debilitating headaches.","Rest in a quiet and dark room, avoid known triggers like caffeine or stress.","Ibuprofen, Triptans (prescription), Aspirin.",Consult a neurologist if migraines are frequent and severely disrupt daily life.
"experiencing low-grade fever, stomach cramps, diarrhea, vomiting, nausea, muscle aches",Gastroenteritis (Stomach Flu),"An intestinal infection marked by diarrhea, cramps, nausea, vomiting, and fever.","Stay hydrated, eat bland foods, wash hands thoroughly.","Oral rehydration salts (ORS), Loperamide (if advised).","Consult if you cannot keep liquids down for 24 hours, or if there is blood in stool."
"suffering from fatigue, dry cough, sore throat, loss of taste, shortness of breath, loss of smell",COVID-19,A highly contagious respiratory illness caused by the SARS-CoV-2 virus.,"Isolate, wear a mask, monitor oxygen levels.","Paracetamol, Vitamin C, Zinc, prescribed antivirals if severe.",Seek immediate medical attention if oxygen drops below 94% or you have difficulty breathing.
"feeling fever, vomiting, diarrhea, nausea",Food Poisoning,Illness caused by eating contaminated food.,"Rest, stay hydrated with sips of water or clear broths.","Oral rehydration salts, Bismuth subsalicylate.","Consult a doctor if symptoms last more than a few days, or if you have a very high fever."
"experiencing sore throat, loss of smell",COVID-19,A highly contagious respiratory illness caused by the SARS-CoV-2 virus.,"Isolate, wear a mask, monitor oxygen levels.","Paracetamol, Vitamin C, Zinc, prescribed antivirals if severe.",Seek immediate medical attention if oxygen drops below 94% or you have difficulty breathing.
"experiencing chest tightness, wheezing",Asthma,A condition in which your airways narrow and swell and may produce extra mucus.,"Avoid triggers (smoke, strong odors), carry an inhaler always.","Bronchodilators (Albuterol inhaler), Inhaled corticosteroids.",Immediate emergency care required for severe shortness of breath or if an inhaler doesn't help.
"i have high fever, sweats, headache, dry cough, fatigue",Influenza (Flu),A viral infection that attacks your respiratory system.,"Strict bed rest, isolate yourself, stay hydrated.","Oseltamivir (if prescribed early), Paracetamol for fever.",Consult a doctor immediately if you experience shortness of breath or persistent chest pain.
"fatigue, chills, headache, dry cough, muscle aches, high fever, sweats",Influenza (Flu),A viral infection that attacks your respiratory system.,"Strict bed rest, isolate yourself, stay hydrated.","Oseltamivir (if prescribed early), Paracetamol for fever.",Consult a doctor immediately if you experience shortness of breath or persistent chest pain.
"feeling stomach pain, headache, rash, weakness, prolonged high fever, loss of appetite",Typhoid,"A bacterial infection that can lead to a high fever, diarrhea, and vomiting.","Drink boiled or bottled water, avoid raw foods.","Antibiotics (prescription only), Paracetamol for fever.",Requires immediate medical consultation for a proper antibiotic course.
"weakness, stomach pain, rash, loss of appetite, headache, prolonged high fever",Typhoid,"A bacterial infection that can lead to a high fever, diarrhea, and vomiting.","Drink boiled or bottled water, avoid raw foods.","Antibiotics (prescription only), Paracetamol for fever.",Requires immediate medical consultation for a proper antibiotic course.
"feeling stomach cramps, vomiting, muscle aches, low-grade fever, nausea",Gastroenteritis (Stomach Flu),"An intestinal infection marked by diarrhea, cramps, nausea, vomiting, and fever.","Stay hydrated, eat bland foods, wash hands thoroughly.","Oral rehydration salts (ORS), Loperamide (if advised).","Consult if you cannot keep liquids down for 24 hours, or if there is blood in stool."
"abdominal cramps, nausea",Food Poisoning,Illness caused by eating contaminated food.,"Rest, stay hydrated with sips of water or clear broths.","Oral rehydration salts, Bismuth subsalicylate.","Consult a doctor if symptoms last more than a few days, or if you have a very high fever."
"muscle pain, rash",Dengue Fever,A mosquito-borne viral disease occurring in tropical and subtropical areas.,"Use mosquito nets, wear long sleeves, use repellents.",Paracetamol for fever. STRICTLY AVOID Aspirin or Ibuprofen.,Hospitalization may be required; consult immediately if experiencing severe abdominal pain or bleeding.
"rash, muscle pain, joint pain, fatigue, pain behind eyes",Dengue Fever,A mosquito-borne viral disease occurring in tropical and subtropical areas.,"Use mosquito nets, wear long sleeves, use repellents.",Paracetamol for fever. STRICTLY AVOID Aspirin or Ibuprofen.,Hospitalization may be required; consult immediately if experiencing severe abdominal pain or bleeding.
"feeling high fever, fatigue, dry cough, chills, sweats, headache",Influenza (Flu),A viral infection that attacks your respiratory system.,"Strict bed rest, isolate yourself, stay hydrated.","Oseltamivir (if prescribed early), Paracetamol for fever.",Consult a doctor immediately if you experience shortness of breath or persistent chest pain.
"suffering from nausea, diarrhea, vomiting, stomach cramps, muscle aches",Gastroenteritis (Stomach Flu),"An intestinal infection marked by diarrhea, cramps, nausea, vomiting, and fever.","Stay hydrated, eat bland foods, wash hands thoroughly.","Oral rehydration salts (ORS), Loperamide (if advised).","Consult if you cannot keep liquids down for 24 hours, or if there is blood in stool."
"experiencing body aches, dry cough, loss of smell, fatigue",COVID-19,A highly contagious respiratory illness caused by the SARS-CoV-2 virus.,"Isolate, wear a mask, monitor oxygen levels.","Paracetamol, Vitamin C, Zinc, prescribed antivirals if severe.",Seek immediate medical attention if oxygen drops below 94% or you have difficulty breathing.
"feeling sweats, chills, headache, high fever, dry cough, muscle aches, fatigue",Influenza (Flu),A viral infection that attacks your respiratory system.,"Strict bed rest, isolate yourself, stay hydrated.","Oseltamivir (if prescribed early), Paracetamol for fever.",Consult a doctor immediately if you experience shortness of breath or persistent chest pain.
"i have sneezing, runny nose",Allergic Rhinitis,"An allergic response causing itchy, watery eyes, sneezing, and other similar symptoms.","Avoid allergens (dust, pollen), keep indoors during high pollen seasons.","Antihistamines (Cetirizine, Loratadine), Nasal corticosteroids.",Consult an allergist if symptoms are severe and unresponsive to over-the-counter medicine.
"experiencing abdominal cramps, vomiting, fever, diarrhea, nausea",Food Poisoning,Illness caused by eating contaminated food.,"Rest, stay hydrated with sips of water or clear broths.","Oral rehydration salts, Bismuth subsalicylate.","Consult a doctor if symptoms last more than a few days, or if you have a very high fever."
"i have sore throat, sneezing",Common Cold,A common viral infection of the nose and throat.,"Rest, drink plenty of fluids, wash hands often.","Paracetamol, Ibuprofen, Decongestants, Cough syrup.",Consult if symptoms last more than a week or if you develop a high fever.
"pain behind eyes, fatigue, rash",Dengue Fever,A mosquito-borne viral disease occurring in tropical and subtropical areas.,"Use mosquito nets, wear long sleeves, use repellents.",Paracetamol for fever. STRICTLY AVOID Aspirin or Ibuprofen.,Hospitalization may be required; consult immediately if experiencing severe abdominal pain or bleeding.
"itchy throat, nasal congestion",Allergic Rhinitis,"An allergic response causing itchy, watery eyes, sneezing, and other similar symptoms.","Avoid allergens (dust, pollen), keep indoors during high pollen seasons.","Antihistamines (Cetirizine, Loratadine), Nasal corticosteroids.",Consult an allergist if symptoms are severe and unresponsive to over-the-counter medicine.
"feeling runny nose, sneezing, itchy eyes, watery eyes, nasal congestion",Allergic Rhinitis,"An allergic response causing itchy, watery eyes, sneezing, and other similar symptoms.","Avoid allergens (dust, pollen), keep indoors during high pollen seasons.","Antihistamines (Cetirizine, Loratadine), Nasal corticosteroids.",Consult an allergist if symptoms are severe and unresponsive to over-the-counter medicine.
"experiencing sensitivity to light, nausea, sensitivity to sound, throbbing pain, severe headache",Migraine,"A neurological condition that can cause multiple symptoms, frequently characterized by intense, debilitating headaches.","Rest in a quiet and dark room, avoid known triggers like caffeine or stress.","Ibuprofen, Triptans (prescription), Aspirin.",Consult a neurologist if migraines are frequent and severely disrupt daily life.
"high fever, rash, fatigue, severe headache, muscle pain, joint pain",Dengue Fever,A mosquito-borne viral disease occurring in tropical and subtropical areas.,"Use mosquito nets, wear long sleeves, use repellents.",Paracetamol for fever. STRICTLY AVOID Aspirin or Ibuprofen.,Hospitalization may be required; consult immediately if experiencing severe abdominal pain or bleeding.
"experiencing itchy throat, nasal congestion",Allergic Rhinitis,"An allergic response causing itchy, watery eyes, sneezing, and other similar symptoms.","Avoid allergens (dust, pollen), keep indoors during high pollen seasons.","Antihistamines (Cetirizine, Loratadine), Nasal corticosteroids.",Consult an allergist if symptoms are severe and unresponsive to over-the-counter medicine.
"suffering from nausea, throbbing pain, sensitivity to light, sensitivity to sound, vomiting, severe headache",Migraine,"A neurological condition that can cause multiple symptoms, frequently characterized by intense, debilitating headaches.","Rest in a quiet and dark room, avoid known triggers like caffeine or stress.","Ibuprofen, Triptans (prescription), Aspirin.",Consult a neurologist if migraines are frequent and severely disrupt daily life.
"experiencing headache, muscle aches, fatigue, chills, high fever, sweats",Influenza (Flu),A viral infection that attacks your respiratory system.,"Strict bed rest, isolate yourself, stay hydrated.","Oseltamivir (if prescribed early), Paracetamol for fever.",Consult a doctor immediately if you experience shortness of breath or persistent chest pain.
"feeling nausea, diarrhea, weakness",Food Poisoning,Illness caused by eating contaminated food.,"Rest, stay hydrated with sips of water or clear broths.","Oral rehydration salts, Bismuth subsalicylate.","Consult a doctor if symptoms last more than a few days, or if you have a very high fever."
"i have vomiting, nausea, fever",Food Poisoning,Illness caused by eating contaminated food.,"Rest, stay hydrated with sips of water or clear broths.","Oral rehydration salts, Bismuth subsalicylate.","Consult a doctor if symptoms last more than a few days, or if you have a very high fever."
"suffering from rash, high fever",Dengue Fever,A mosquito-borne viral disease occurring in tropical and subtropical areas.,"Use mosquito nets, wear long sleeves, use repellents.",Paracetamol for fever. STRICTLY AVOID Aspirin or Ibuprofen.,Hospitalization may be required; consult immediately if experiencing severe abdominal pain or bleeding.
"feeling body aches, loss of smell, shortness of breath, loss of taste, fatigue, dry cough",COVID-19,A highly contagious respiratory illness caused by the SARS-CoV-2 virus.,"Isolate, wear a mask, monitor oxygen levels.","Paracetamol, Vitamin C, Zinc, prescribed antivirals if severe.",Seek immediate medical attention if oxygen drops below 94% or you have difficulty breathing.
"experiencing fever, vomiting, nausea, weakness",Food Poisoning,Illness caused by eating contaminated food.,"Rest, stay hydrated with sips of water or clear broths.","Oral rehydration salts, Bismuth subsalicylate.","Consult a doctor if symptoms last more than a few days, or if you have a very high fever."
"i have severe headache, joint pain, high fever, muscle pain, fatigue",Dengue Fever,A mosquito-borne viral disease occurring in tropical and subtropical areas.,"Use mosquito nets, wear long sleeves, use repellents.",Paracetamol for fever. STRICTLY AVOID Aspirin or Ibuprofen.,Hospitalization may be required; consult immediately if experiencing severe abdominal pain or bleeding.
"feeling vomiting, low-grade fever, muscle aches, diarrhea, nausea",Gastroenteritis (Stomach Flu),"An intestinal infection marked by diarrhea, cramps, nausea, vomiting, and fever.","Stay hydrated, eat bland foods, wash hands thoroughly.","Oral rehydration salts (ORS), Loperamide (if advised).","Consult if you cannot keep liquids down for 24 hours, or if there is blood in stool."
"i have sore throat, loss of smell, loss of taste",COVID-19,A highly contagious respiratory illness caused by the SARS-CoV-2 virus.,"Isolate, wear a mask, monitor oxygen levels.","Paracetamol, Vitamin C, Zinc, prescribed antivirals if severe.",Seek immediate medical attention if oxygen drops below 94% or you have difficulty breathing.
"rash, fatigue, severe headache, pain behind eyes, muscle pain, joint pain",Dengue Fever,A mosquito-borne viral disease occurring in tropical and subtropical areas.,"Use mosquito nets, wear long sleeves, use repellents.",Paracetamol for fever. STRICTLY AVOID Aspirin or Ibuprofen.,Hospitalization may be required; consult immediately if experiencing severe abdominal pain or bleeding.
"feeling nasal congestion, sneezing",Allergic Rhinitis,"An allergic response causing itchy, watery eyes, sneezing, and other similar symptoms.","Avoid allergens (dust, pollen), keep indoors during high pollen seasons.","Antihistamines (Cetirizine, Loratadine), Nasal corticosteroids.",Consult an allergist if symptoms are severe and unresponsive to over-the-counter medicine.
"i have rash, pain behind eyes, fatigue, high fever, joint pain, muscle pain",Dengue Fever,A mosquito-borne viral disease occurring in tropical and subtropical areas.,"Use mosquito nets, wear long sleeves, use repellents.",Paracetamol for fever. STRICTLY AVOID Aspirin or Ibuprofen.,Hospitalization may be required; consult immediately if experiencing severe abdominal pain or bleeding.
"wheezing, chest tightness",Asthma,A condition in which your airways narrow and swell and may produce extra mucus.,"Avoid triggers (smoke, strong odors), carry an inhaler always.","Bronchodilators (Albuterol inhaler), Inhaled corticosteroids.",Immediate emergency care required for severe shortness of breath or if an inhaler doesn't help.
"experiencing prolonged high fever, stomach pain, headache, weakness, loss of appetite, rash",Typhoid,"A bacterial infection that can lead to a high fever, diarrhea, and vomiting.","Drink boiled or bottled water, avoid raw foods.","Antibiotics (prescription only), Paracetamol for fever.",Requires immediate medical consultation for a proper antibiotic course.
"experiencing weakness, stomach pain, loss of appetite, rash, prolonged high fever, headache",Typhoid,"A bacterial infection that can lead to a high fever, diarrhea, and vomiting.","Drink boiled or bottled water, avoid raw foods.","Antibiotics (prescription only), Paracetamol for fever.",Requires immediate medical consultation for a proper antibiotic course.
"feeling joint pain, rash, fatigue, severe headache, pain behind eyes, high fever",Dengue Fever,A mosquito-borne viral disease occurring in tropical and subtropical areas.,"Use mosquito nets, wear long sleeves, use repellents.",Paracetamol for fever. STRICTLY AVOID Aspirin or Ibuprofen.,Hospitalization may be required; consult immediately if experiencing severe abdominal pain or bleeding.
"suffering from nausea, throbbing pain, sensitivity to sound",Migraine,"A neurological condition that can cause multiple symptoms, frequently characterized by intense, debilitating headaches.","Rest in a quiet and dark room, avoid known triggers like caffeine or stress.","Ibuprofen, Triptans (prescription), Aspirin.",Consult a neurologist if migraines are frequent and severely disrupt daily life.
"i have stomach cramps, vomiting, nausea, muscle aches, low-grade fever, diarrhea",Gastroenteritis (Stomach Flu),"An intestinal infection marked by diarrhea, cramps, nausea, vomiting, and fever.","Stay hydrated, eat bland foods, wash hands thoroughly.","Oral rehydration salts (ORS), Loperamide (if advised).","Consult if you cannot keep liquids down for 24 hours, or if there is blood in stool."
"suffering from sensitivity to sound, throbbing pain, vomiting",Migraine,"A neurological condition that can cause multiple symptoms, frequently characterized by intense, debilitating headaches.","Rest in a quiet and dark room, avoid known triggers like caffeine or stress.","Ibuprofen, Triptans (prescription), Aspirin.",Consult a neurologist if migraines are frequent and severely disrupt daily life.
"experiencing headache, fatigue, sweats, chills, muscle aches, high fever, dry cough",Influenza (Flu),A viral infection that attacks your respiratory system.,"Strict bed rest, isolate yourself, stay hydrated.","Oseltamivir (if prescribed early), Paracetamol for fever.",Consult a doctor immediately if you experience shortness of breath or persistent chest pain.
"feeling sneezing, nasal congestion, watery eyes",Allergic Rhinitis,"An allergic response causing itchy, watery eyes, sneezing, and other similar symptoms.","Avoid allergens (dust, pollen), keep indoors during high pollen seasons.","Antihistamines (Cetirizine, Loratadine), Nasal corticosteroids.",Consult an allergist if symptoms are severe and unresponsive to over-the-counter medicine.
"i have shortness of breath, coughing episodes, chest tightness, wheezing",Asthma,A condition in which your airways narrow and swell and may produce extra mucus.,"Avoid triggers (smoke, strong odors), carry an inhaler always.","Bronchodilators (Albuterol inhaler), Inhaled corticosteroids.",Immediate emergency care required for severe shortness of breath or if an inhaler doesn't help.
"i have fever, abdominal cramps",Food Poisoning,Illness caused by eating contaminated food.,"Rest, stay hydrated with sips of water or clear broths.","Oral rehydration salts, Bismuth subsalicylate.","Consult a doctor if symptoms last more than a few days, or if you have a very high fever."
"loss of smell, body aches, fatigue",COVID-19,A highly contagious respiratory illness caused by the SARS-CoV-2 virus.,"Isolate, wear a mask, monitor oxygen levels.","Paracetamol, Vitamin C, Zinc, prescribed antivirals if severe.",Seek immediate medical attention if oxygen drops below 94% or you have difficulty breathing.
"i have stomach pain, weakness, loss of appetite, headache",Typhoid,"A bacterial infection that can lead to a high fever, diarrhea, and vomiting.","Drink boiled or bottled water, avoid raw foods.","Antibiotics (prescription only), Paracetamol for fever.",Requires immediate medical consultation for a proper antibiotic course.
"i have mild fever, sore throat",Common Cold,A common viral infection of the nose and throat.,"Rest, drink plenty of fluids, wash hands often.","Paracetamol, Ibuprofen, Decongestants, Cough syrup.",Consult if symptoms last more than a week or if you develop a high fever.
"i have headache, stomach pain",Typhoid,"A bacterial infection that can lead to a high fever, diarrhea, and vomiting.","Drink boiled or bottled water, avoid raw foods.","Antibiotics (prescription only), Paracetamol for fever.",Requires immediate medical consultation for a proper antibiotic course.
"i have rash, headache",Typhoid,"A bacterial infection that can lead to a high fever, diarrhea, and vomiting.","Drink boiled or bottled water, avoid raw foods.","Antibiotics (prescription only), Paracetamol for fever.",Requires immediate medical consultation for a proper antibiotic course.
"feeling joint pain, pain behind eyes, muscle pain, fatigue",Dengue Fever,A mosquito-borne viral disease occurring in tropical and subtropical areas.,"Use mosquito nets, wear long sleeves, use repellents.",Paracetamol for fever. STRICTLY AVOID Aspirin or Ibuprofen.,Hospitalization may be required; consult immediately if experiencing severe abdominal pain or bleeding.
"i have fatigue, loss of taste, loss of smell",COVID-19,A highly contagious respiratory illness caused by the SARS-CoV-2 virus.,"Isolate, wear a mask, monitor oxygen levels.","Paracetamol, Vitamin C, Zinc, prescribed antivirals if severe.",Seek immediate medical attention if oxygen drops below 94% or you have difficulty breathing.
"suffering from low-grade fever, diarrhea, nausea, stomach cramps, vomiting, muscle aches",Gastroenteritis (Stomach Flu),"An intestinal infection marked by diarrhea, cramps, nausea, vomiting, and fever.","Stay hydrated, eat bland foods, wash hands thoroughly.","Oral rehydration salts (ORS), Loperamide (if advised).","Consult if you cannot keep liquids down for 24 hours, or if there is blood in stool."
"feeling shortness of breath, sore throat, body aches, dry cough, loss of smell, fever, fatigue",COVID-19,A highly contagious respiratory illness caused by the SARS-CoV-2 virus.,"Isolate, wear a mask, monitor oxygen levels.","Paracetamol, Vitamin C, Zinc, prescribed antivirals if severe.",Seek immediate medical attention if oxygen drops below 94% or you have difficulty breathing.
"suffering from nausea, low-grade fever, stomach cramps",Gastroenteritis (Stomach Flu),"An intestinal infection marked by diarrhea, cramps, nausea, vomiting, and fever.","Stay hydrated, eat bland foods, wash hands thoroughly.","Oral rehydration salts (ORS), Loperamide (if advised).","Consult if you cannot keep liquids down for 24 hours, or if there is blood in stool."
"muscle aches, stomach cramps, low-grade fever, nausea, vomiting",Gastroenteritis (Stomach Flu),"An intestinal infection marked by diarrhea, cramps, nausea, vomiting, and fever.","Stay hydrated, eat bland foods, wash hands thoroughly.","Oral rehydration salts (ORS), Loperamide (if advised).","Consult if you cannot keep liquids down for 24 hours, or if there is blood in stool."
"stomach cramps, vomiting, diarrhea, low-grade fever, nausea, muscle aches",Gastroenteritis (Stomach Flu),"An intestinal infection marked by diarrhea, cramps, nausea, vomiting, and fever.","Stay hydrated, eat bland foods, wash hands thoroughly.","Oral rehydration salts (ORS), Loperamide (if advised).","Consult if you cannot keep liquids down for 24 hours, or if there is blood in stool."
"suffering from rapid breathing, shortness of breath, coughing episodes",Asthma,A condition in which your airways narrow and swell and may produce extra mucus.,"Avoid triggers (smoke, strong odors), carry an inhaler always.","Bronchodilators (Albuterol inhaler), Inhaled corticosteroids.",Immediate emergency care required for severe shortness of breath or if an inhaler doesn't help.
"loss of appetite, rash, headache, prolonged high fever, stomach pain",Typhoid,"A bacterial infection that can lead to a high fever, diarrhea, and vomiting.","Drink boiled or bottled water, avoid raw foods.","Antibiotics (prescription only), Paracetamol for fever.",Requires immediate medical consultation for a proper antibiotic course.
"feeling low-grade fever, vomiting, nausea, diarrhea, stomach cramps",Gastroenteritis (Stomach Flu),"An intestinal infection marked by diarrhea, cramps, nausea, vomiting, and fever.","Stay hydrated, eat bland foods, wash hands thoroughly.","Oral rehydration salts (ORS), Loperamide (if advised).","Consult if you cannot keep liquids down for 24 hours, or if there is blood in stool."
"feeling nausea, vomiting, fever",Food Poisoning,Illness caused by eating contaminated food.,"Rest, stay hydrated with sips of water or clear broths.","Oral rehydration salts, Bismuth subsalicylate.","Consult a doctor if symptoms last more than a few days, or if you have a very high fever."
"i have shortness of breath, rapid breathing",Asthma,A condition in which your airways narrow and swell and may produce extra mucus.,"Avoid triggers (smoke, strong odors), carry an inhaler always.","Bronchodilators (Albuterol inhaler), Inhaled corticosteroids.",Immediate emergency care required for severe shortness of breath or if an inhaler doesn't help.
"suffering from abdominal cramps, nausea, vomiting",Food Poisoning,Illness caused by eating contaminated food.,"Rest, stay hydrated with sips of water or clear broths.","Oral rehydration salts, Bismuth subsalicylate.","Consult a doctor if symptoms last more than a few days, or if you have a very high fever."
"feeling wheezing, chest tightness",Asthma,A condition in which your airways narrow and swell and may produce extra mucus.,"Avoid triggers (smoke, strong odors), carry an inhaler always.","Bronchodilators (Albuterol inhaler), Inhaled corticosteroids.",Immediate emergency care required for severe shortness of breath or if an inhaler doesn't help.
"feeling throbbing pain, severe headache, sensitivity to sound, sensitivity to light, vomiting, nausea",Migraine,"A neurological condition that can cause multiple symptoms, frequently characterized by intense, debilitating headaches.","Rest in a quiet and dark room, avoid known triggers like caffeine or stress.","Ibuprofen, Triptans (prescription), Aspirin.",Consult a neurologist if migraines are frequent and severely disrupt daily life.
"experiencing runny nose, mild fever, congestion",Common Cold,A common viral infection of the nose and throat.,"Rest, drink plenty of fluids, wash hands often.","Paracetamol, Ibuprofen, Decongestants, Cough syrup.",Consult if symptoms last more than a week or if you develop a high fever.
"feeling rapid breathing, coughing episodes, wheezing",Asthma,A condition in which your airways narrow and swell and may produce extra mucus.,"Avoid triggers (smoke, strong odors), carry an inhaler always.","Bronchodilators (Albuterol inhaler), Inhaled corticosteroids.",Immediate emergency care required for severe shortness of breath or if an inhaler doesn't help.
"suffering from low-grade fever, muscle aches",Gastroenteritis (Stomach Flu),"An intestinal infection marked by diarrhea, cramps, nausea, vomiting, and fever.","Stay hydrated, eat bland foods, wash hands thoroughly.","Oral rehydration salts (ORS), Loperamide (if advised).","Consult if you cannot keep liquids down for 24 hours, or if there is blood in stool."
"high fever, chills, muscle aches, sweats",Influenza (Flu),A viral infection that attacks your respiratory system.,"Strict bed rest, isolate yourself, stay hydrated.","Oseltamivir (if prescribed early), Paracetamol for fever.",Consult a doctor immediately if you experience shortness of breath or persistent chest pain.
"suffering from abdominal cramps, vomiting, nausea",Food Poisoning,Illness caused by eating contaminated food.,"Rest, stay hydrated with sips of water or clear broths.","Oral rehydration salts, Bismuth subsalicylate.","Consult a doctor if symptoms last more than a few days, or if you have a very high fever."
"suffering from vomiting, muscle aches, stomach cramps",Gastroenteritis (Stomach Flu),"An intestinal infection marked by diarrhea, cramps, nausea, vomiting, and fever.","Stay hydrated, eat bland foods, wash hands thoroughly.","Oral rehydration salts (ORS), Loperamide (if advised).","Consult if you cannot keep liquids down for 24 hours, or if there is blood in stool."
"feeling chest tightness, coughing episodes, shortness of breath, wheezing",Asthma,A condition in which your airways narrow and swell and may produce extra mucus.,"Avoid triggers (smoke, strong odors), carry an inhaler always.","Bronchodilators (Albuterol inhaler), Inhaled corticosteroids.",Immediate emergency care required for severe shortness of breath or if an inhaler doesn't help.
"suffering from joint pain, muscle pain",Dengue Fever,A mosquito-borne viral disease occurring in tropical and subtropical areas.,"Use mosquito nets, wear long sleeves, use repellents.",Paracetamol for fever. STRICTLY AVOID Aspirin or Ibuprofen.,Hospitalization may be required; consult immediately if experiencing severe abdominal pain or bleeding.
"sneezing, nasal congestion",Allergic Rhinitis,"An allergic response causing itchy, watery eyes, sneezing, and other similar symptoms.","Avoid allergens (dust, pollen), keep indoors during high pollen seasons.","Antihistamines (Cetirizine, Loratadine), Nasal corticosteroids.",Consult an allergist if symptoms are severe and unresponsive to over-the-counter medicine.
"experiencing vomiting, throbbing pain, nausea, sensitivity to light, severe headache",Migraine,"A neurological condition that can cause multiple symptoms, frequently characterized by intense, debilitating headaches.","Rest in a quiet and dark room, avoid known triggers like caffeine or stress.","Ibuprofen, Triptans (prescription), Aspirin.",Consult a neurologist if migraines are frequent and severely disrupt daily life.
"experiencing high fever, fatigue, joint pain, muscle pain, pain behind eyes",Dengue Fever,A mosquito-borne viral disease occurring in tropical and subtropical areas.,"Use mosquito nets, wear long sleeves, use repellents.",Paracetamol for fever. STRICTLY AVOID Aspirin or Ibuprofen.,Hospitalization may be required; consult immediately if experiencing severe abdominal pain or bleeding.
"feeling fatigue, shortness of breath, dry cough",COVID-19,A highly contagious respiratory illness caused by the SARS-CoV-2 virus.,"Isolate, wear a mask, monitor oxygen levels.","Paracetamol, Vitamin C, Zinc, prescribed antivirals if severe.",Seek immediate medical attention if oxygen drops below 94% or you have difficulty breathing.
"experiencing throbbing pain, severe headache, nausea, vomiting",Migraine,"A neurological condition that can cause multiple symptoms, frequently characterized by intense, debilitating headaches.","Rest in a quiet and dark room, avoid known triggers like caffeine or stress.","Ibuprofen, Triptans (prescription), Aspirin.",Consult a neurologist if migraines are frequent and severely disrupt daily life.
"loss of appetite, headache, stomach pain, rash, weakness",Typhoid,"A bacterial infection that can lead to a high fever, diarrhea, and vomiting.","Drink boiled or bottled water, avoid raw foods.","Antibiotics (prescription only), Paracetamol for fever.",Requires immediate medical consultation for a proper antibiotic course.
"i have sore throat, fatigue, dry cough, loss of smell, shortness of breath, loss of taste, fever",COVID-19,A highly contagious respiratory illness caused by the SARS-CoV-2 virus.,"Isolate, wear a mask, monitor oxygen levels.","Paracetamol, Vitamin C, Zinc, prescribed antivirals if severe.",Seek immediate medical attention if oxygen drops below 94% or you have difficulty breathing.
"experiencing weakness, abdominal cramps, diarrhea",Food Poisoning,Illness caused by eating contaminated food.,"Rest, stay hydrated with sips of water or clear broths.","Oral rehydration salts, Bismuth subsalicylate.","Consult a doctor if symptoms last more than a few days, or if you have a very high fever."
"i have nausea, weakness, diarrhea, abdominal cramps, fever",Food Poisoning,Illness caused by eating contaminated food.,"Rest, stay hydrated with sips of water or clear broths.","Oral rehydration salts, Bismuth subsalicylate.","Consult a doctor if symptoms last more than a few days, or if you have a very high fever."
"experiencing dry cough, headache, chills",Influenza (Flu),A viral infection that attacks your respiratory system.,"Strict bed rest, isolate yourself, stay hydrated.","Oseltamivir (if prescribed early), Paracetamol for fever.",Consult a doctor immediately if you experience shortness of breath or persistent chest pain.
"feeling sore throat, shortness of breath, fatigue, dry cough, loss of taste",COVID-19,A highly contagious respiratory illness caused by the SARS-CoV-2 virus.,"Isolate, wear a mask, monitor oxygen levels.","Paracetamol, Vitamin C, Zinc, prescribed antivirals if severe.",Seek immediate medical attention if oxygen drops below 94% or you have difficulty breathing.
"experiencing stomach cramps, muscle aches, vomiting, nausea, diarrhea, low-grade fever",Gastroenteritis (Stomach Flu),"An intestinal infection marked by diarrhea, cramps, nausea, vomiting, and fever.","Stay hydrated, eat bland foods, wash hands thoroughly.","Oral rehydration salts (ORS), Loperamide (if advised).","Consult if you cannot keep liquids down for 24 hours, or if there is blood in stool."
"suffering from abdominal cramps, weakness, nausea, diarrhea, fever, vomiting",Food Poisoning,Illness caused by eating contaminated food.,"Rest, stay hydrated with sips of water or clear broths.","Oral rehydration salts, Bismuth subsalicylate.","Consult a doctor if symptoms last more than a few days, or if you have a very high fever."
"feeling weakness, prolonged high fever, headache, rash, loss of appetite",Typhoid,"A bacterial infection that can lead to a high fever, diarrhea, and vomiting.","Drink boiled or bottled water, avoid raw foods.","Antibiotics (prescription only), Paracetamol for fever.",Requires immediate medical consultation for a proper antibiotic course.
"experiencing vomiting, sensitivity to light, severe headache, sensitivity to sound, nausea",Migraine,"A neurological condition that can cause multiple symptoms, frequently characterized by intense, debilitating headaches.","Rest in a quiet and dark room, avoid known triggers like caffeine or stress.","Ibuprofen, Triptans (prescription), Aspirin.",Consult a neurologist if migraines are frequent and severely disrupt daily life.
"feeling muscle aches, diarrhea, nausea, stomach cramps, vomiting",Gastroenteritis (Stomach Flu),"An intestinal infection marked by diarrhea, cramps, nausea, vomiting, and fever.","Stay hydrated, eat bland foods, wash hands thoroughly.","Oral rehydration salts (ORS), Loperamide (if advised).","Consult if you cannot keep liquids down for 24 hours, or if there is blood in stool."
"suffering from prolonged high fever, stomach pain",Typhoid,"A bacterial infection that can lead to a high fever, diarrhea, and vomiting.","Drink boiled or bottled water, avoid raw foods.","Antibiotics (prescription only), Paracetamol for fever.",Requires immediate medical consultation for a proper antibiotic course.
"i have chills, sweats, headache, muscle aches",Influenza (Flu),A viral infection that attacks your respiratory system.,"Strict bed rest, isolate yourself, stay hydrated.","Oseltamivir (if prescribed early), Paracetamol for fever.",Consult a doctor immediately if you experience shortness of breath or persistent chest pain.
"feeling vomiting, fever, diarrhea, nausea",Food Poisoning,Illness caused by eating contaminated food.,"Rest, stay hydrated with sips of water or clear broths.","Oral rehydration salts, Bismuth subsalicylate.","Consult a doctor if symptoms last more than a few days, or if you have a very high fever."
"suffering from coughing episodes, shortness of breath",Asthma,A condition in which your airways narrow and swell and may produce extra mucus.,"Avoid triggers (smoke, strong odors), carry an inhaler always.","Bronchodilators (Albuterol inhaler), Inhaled corticosteroids.",Immediate emergency care required for severe shortness of breath or if an inhaler doesn't help.
"feeling rash, prolonged high fever, headache, stomach pain",Typhoid,"A bacterial infection that can lead to a high fever, diarrhea, and vomiting.","Drink boiled or bottled water, avoid raw foods.","Antibiotics (prescription only), Paracetamol for fever.",Requires immediate medical consultation for a proper antibiotic course.
"feeling itchy throat, nasal congestion",Allergic Rhinitis,"An allergic response causing itchy, watery eyes, sneezing, and other similar symptoms.","Avoid allergens (dust, pollen), keep indoors during high pollen seasons.","Antihistamines (Cetirizine, Loratadine), Nasal corticosteroids.",Consult an allergist if symptoms are severe and unresponsive to over-the-counter medicine.
"itchy throat, watery eyes",Allergic Rhinitis,"An allergic response causing itchy, watery eyes, sneezing, and other similar symptoms.","Avoid allergens (dust, pollen), keep indoors during high pollen seasons.","Antihistamines (Cetirizine, Loratadine), Nasal corticosteroids.",Consult an allergist if symptoms are severe and unresponsive to over-the-counter medicine.
"feeling itchy eyes, nasal congestion, runny nose, watery eyes, sneezing, itchy throat",Allergic Rhinitis,"An allergic response causing itchy, watery eyes, sneezing, and other similar symptoms.","Avoid allergens (dust, pollen), keep indoors during high pollen seasons.","Antihistamines (Cetirizine, Loratadine), Nasal corticosteroids.",Consult an allergist if symptoms are severe and unresponsive to over-the-counter medicine.
"feeling rash, fatigue, joint pain, high fever, severe headache, muscle pain",Dengue Fever,A mosquito-borne viral disease occurring in tropical and subtropical areas.,"Use mosquito nets, wear long sleeves, use repellents.",Paracetamol for fever. STRICTLY AVOID Aspirin or Ibuprofen.,Hospitalization may be required; consult immediately if experiencing severe abdominal pain or bleeding.
"experiencing abdominal cramps, fever, diarrhea, weakness, nausea",Food Poisoning,Illness caused by eating contaminated food.,"Rest, stay hydrated with sips of water or clear broths.","Oral rehydration salts, Bismuth subsalicylate.","Consult a doctor if symptoms last more than a few days, or if you have a very high fever."
"coughing episodes, shortness of breath, rapid breathing",Asthma,A condition in which your airways narrow and swell and may produce extra mucus.,"Avoid triggers (smoke, strong odors), carry an inhaler always.","Bronchodilators (Albuterol inhaler), Inhaled corticosteroids.",Immediate emergency care required for severe shortness of breath or if an inhaler doesn't help.
"experiencing muscle aches, fatigue, chills, sweats, dry cough, headache, high fever",Influenza (Flu),A viral infection that attacks your respiratory system.,"Strict bed rest, isolate yourself, stay hydrated.","Oseltamivir (if prescribed early), Paracetamol for fever.",Consult a doctor immediately if you experience shortness of breath or persistent chest pain.
"feeling diarrhea, fever, weakness, abdominal cramps, vomiting, nausea",Food Poisoning,Illness caused by eating contaminated food.,"Rest, stay hydrated with sips of water or clear broths.","Oral rehydration salts, Bismuth subsalicylate.","Consult a doctor if symptoms last more than a few days, or if you have a very high fever."
"vomiting, throbbing pain, sensitivity to light, nausea",Migraine,"A neurological condition that can cause multiple symptoms, frequently characterized by intense, debilitating headaches.","Rest in a quiet and dark room, avoid known triggers like caffeine or stress.","Ibuprofen, Triptans (prescription), Aspirin.",Consult a neurologist if migraines are frequent and severely disrupt daily life.
"i have sensitivity to sound, vomiting, sensitivity to light, nausea",Migraine,"A neurological condition that can cause multiple symptoms, frequently characterized by intense, debilitating headaches.","Rest in a quiet and dark room, avoid known triggers like caffeine or stress.","Ibuprofen, Triptans (prescription), Aspirin.",Consult a neurologist if migraines are frequent and severely disrupt daily life.
"i have mild fever, sneezing",Common Cold,A common viral infection of the nose and throat.,"Rest, drink plenty of fluids, wash hands often.","Paracetamol, Ibuprofen, Decongestants, Cough syrup.",Consult if symptoms last more than a week or if you develop a high fever.
"i have itchy eyes, itchy throat",Allergic Rhinitis,"An allergic response causing itchy, watery eyes, sneezing, and other similar symptoms.","Avoid allergens (dust, pollen), keep indoors during high pollen seasons.","Antihistamines (Cetirizine, Loratadine), Nasal corticosteroids.",Consult an allergist if symptoms are severe and unresponsive to over-the-counter medicine.
"feeling sore throat, shortness of breath, loss of smell, dry cough",COVID-19,A highly contagious respiratory illness caused by the SARS-CoV-2 virus.,"Isolate, wear a mask, monitor oxygen levels.","Paracetamol, Vitamin C, Zinc, prescribed antivirals if severe.",Seek immediate medical attention if oxygen drops below 94% or you have difficulty breathing.
"feeling vomiting, weakness, diarrhea, nausea",Food Poisoning,Illness caused by eating contaminated food.,"Rest, stay hydrated with sips of water or clear broths.","Oral rehydration salts, Bismuth subsalicylate.","Consult a doctor if symptoms last more than a few days, or if you have a very high fever."
"high fever, joint pain, rash",Dengue Fever,A mosquito-borne viral disease occurring in tropical and subtropical areas.,"Use mosquito nets, wear long sleeves, use repellents.",Paracetamol for fever. STRICTLY AVOID Aspirin or Ibuprofen.,Hospitalization may be required; consult immediately if experiencing severe abdominal pain or bleeding.
"muscle aches, dry cough, chills, sweats",Influenza (Flu),A viral infection that attacks your respiratory system.,"Strict bed rest, isolate yourself, stay hydrated.","Oseltamivir (if prescribed early), Paracetamol for fever.",Consult a doctor immediately if you experience shortness of breath or persistent chest pain.
"feeling muscle aches, vomiting, low-grade fever, diarrhea, stomach cramps, nausea",Gastroenteritis (Stomach Flu),"An intestinal infection marked by diarrhea, cramps, nausea, vomiting, and fever.","Stay hydrated, eat bland foods, wash hands thoroughly.","Oral rehydration salts (ORS), Loperamide (if advised).","Consult if you cannot keep liquids down for 24 hours, or if there is blood in stool."
"feeling throbbing pain, severe headache, sensitivity to light, vomiting, sensitivity to sound",Migraine,"A neurological condition that can cause multiple symptoms, frequently characterized by intense, debilitating headaches.","Rest in a quiet and dark room, avoid known triggers like caffeine or stress.","Ibuprofen, Triptans (prescription), Aspirin.",Consult a neurologist if migraines are frequent and severely disrupt daily life.
"pain behind eyes, fatigue, severe headache, rash, high fever, muscle pain",Dengue Fever,A mosquito-borne viral disease occurring in tropical and subtropical areas.,"Use mosquito nets, wear long sleeves, use repellents.",Paracetamol for fever. STRICTLY AVOID Aspirin or Ibuprofen.,Hospitalization may be required; consult immediately if experiencing severe abdominal pain or bleeding.
"suffering from sneezing, watery eyes, itchy throat, nasal congestion",Allergic Rhinitis,"An allergic response causing itchy, watery eyes, sneezing, and other similar symptoms.","Avoid allergens (dust, pollen), keep indoors during high pollen seasons.","Antihistamines (Cetirizine, Loratadine), Nasal corticosteroids.",Consult an allergist if symptoms are severe and unresponsive to over-the-counter medicine.
"feeling shortness of breath, body aches, fatigue, fever, sore throat, loss of taste",COVID-19,A highly contagious respiratory illness caused by the SARS-CoV-2 virus.,"Isolate, wear a mask, monitor oxygen levels.","Paracetamol, Vitamin C, Zinc, prescribed antivirals if severe.",Seek immediate medical attention if oxygen drops below 94% or you have difficulty breathing.
"suffering from diarrhea, abdominal cramps",Food Poisoning,Illness caused by eating contaminated food.,"Rest, stay hydrated with sips of water or clear broths.","Oral rehydration salts, Bismuth subsalicylate.","Consult a doctor if symptoms last more than a few days, or if you have a very high fever."
"weakness, stomach pain, prolonged high fever, rash, headache, loss of appetite",Typhoid,"A bacterial infection that can lead to a high fever, diarrhea, and vomiting.","Drink boiled or bottled water, avoid raw foods.","Antibiotics (prescription only), Paracetamol for fever.",Requires immediate medical consultation for a proper antibiotic course.
"experiencing runny nose, nasal congestion",Allergic Rhinitis,"An allergic response causing itchy, watery eyes, sneezing, and other similar symptoms.","Avoid allergens (dust, pollen), keep indoors during high pollen seasons.","Antihistamines (Cetirizine, Loratadine), Nasal corticosteroids.",Consult an allergist if symptoms are severe and unresponsive to over-the-counter medicine.
"suffering from loss of taste, body aches, sore throat, fever, dry cough, loss of smell",COVID-19,A highly contagious respiratory illness caused by the SARS-CoV-2 virus.,"Isolate, wear a mask, monitor oxygen levels.","Paracetamol, Vitamin C, Zinc, prescribed antivirals if severe.",Seek immediate medical attention if oxygen drops below 94% or you have difficulty breathing.
"experiencing dry cough, headache, muscle aches, chills, fatigue, high fever, sweats",Influenza (Flu),A viral infection that attacks your respiratory system.,"Strict bed rest, isolate yourself, stay hydrated.","Oseltamivir (if prescribed early), Paracetamol for fever.",Consult a doctor immediately if you experience shortness of breath or persistent chest pain.
"nausea, abdominal cramps, fever, weakness, diarrhea, vomiting",Food Poisoning,Illness caused by eating contaminated food.,"Rest, stay hydrated with sips of water or clear broths.","Oral rehydration salts, Bismuth subsalicylate.","Consult a doctor if symptoms last more than a few days, or if you have a very high fever."
"experiencing fever, weakness, diarrhea, abdominal cramps, vomiting",Food Poisoning,Illness caused by eating contaminated food.,"Rest, stay hydrated with sips of water or clear broths.","Oral rehydration salts, Bismuth subsalicylate.","Consult a doctor if symptoms last more than a few days, or if you have a very high fever."
"experiencing coughing episodes, chest tightness",Asthma,A condition in which your airways narrow and swell and may produce extra mucus.,"Avoid triggers (smoke, strong odors), carry an inhaler always.","Bronchodilators (Albuterol inhaler), Inhaled corticosteroids.",Immediate emergency care required for severe shortness of breath or if an inhaler doesn't help.
"feeling itchy eyes, watery eyes, itchy throat, sneezing",Allergic Rhinitis,"An allergic response causing itchy, watery eyes, sneezing, and other similar symptoms.","Avoid allergens (dust, pollen), keep indoors during high pollen seasons.","Antihistamines (Cetirizine, Loratadine), Nasal corticosteroids.",Consult an allergist if symptoms are severe and unresponsive to over-the-counter medicine.
"feeling mild fever, sore throat",Common Cold,A common viral infection of the nose and throat.,"Rest, drink plenty of fluids, wash hands often.","Paracetamol, Ibuprofen, Decongestants, Cough syrup.",Consult if symptoms last more than a week or if you develop a high fever.
"suffering from weakness, vomiting, abdominal cramps, fever, nausea",Food Poisoning,Illness caused by eating contaminated food.,"Rest, stay hydrated with sips of water or clear broths.","Oral rehydration salts, Bismuth subsalicylate.","Consult a doctor if symptoms last more than a few days, or if you have a very high fever."
"feeling chills, high fever, sweats, muscle aches, dry cough, fatigue",Influenza (Flu),A viral infection that attacks your respiratory system.,"Strict bed rest, isolate yourself, stay hydrated.","Oseltamivir (if prescribed early), Paracetamol for fever.",Consult a doctor immediately if you experience shortness of breath or persistent chest pain.
"feeling low-grade fever, nausea",Gastroenteritis (Stomach Flu),"An intestinal infection marked by diarrhea, cramps, nausea, vomiting, and fever.","Stay hydrated, eat bland foods, wash hands thoroughly.","Oral rehydration salts (ORS), Loperamide (if advised).","Consult if you cannot keep liquids down for 24 hours, or if there is blood in stool."
"experiencing shortness of breath, coughing episodes",Asthma,A condition in which your airways narrow and swell and may produce extra mucus.,"Avoid triggers (smoke, strong odors), carry an inhaler always.","Bronchodilators (Albuterol inhaler), Inhaled corticosteroids.",Immediate emergency care required for severe shortness of breath or if an inhaler doesn't help.
"feeling muscle aches, stomach cramps, nausea, low-grade fever, vomiting, diarrhea",Gastroenteritis (Stomach Flu),"An intestinal infection marked by diarrhea, cramps, nausea, vomiting, and fever.","Stay hydrated, eat bland foods, wash hands thoroughly.","Oral rehydration salts (ORS), Loperamide (if advised).","Consult if you cannot keep liquids down for 24 hours, or if there is blood in stool."
"itchy eyes, itchy throat, sneezing, runny nose, nasal congestion, watery eyes",Allergic Rhinitis,"An allergic response causing itchy, watery eyes, sneezing, and other similar symptoms.","Avoid allergens (dust, pollen), keep indoors during high pollen seasons.","Antihistamines (Cetirizine, Loratadine), Nasal corticosteroids.",Consult an allergist if symptoms are severe and unresponsive to over-the-counter medicine.
"feeling rapid breathing, chest tightness, wheezing, coughing episodes, shortness of breath",Asthma,A condition in which your airways narrow and swell and may produce extra mucus.,"Avoid triggers (smoke, strong odors), carry an inhaler always.","Bronchodilators (Albuterol inhaler), Inhaled corticosteroids.",Immediate emergency care required for severe shortness of breath or if an inhaler doesn't help.
"experiencing itchy throat, sneezing, watery eyes",Allergic Rhinitis,"An allergic response causing itchy, watery eyes, sneezing, and other similar symptoms.","Avoid allergens (dust, pollen), keep indoors during high pollen seasons.","Antihistamines (Cetirizine, Loratadine), Nasal corticosteroids.",Consult an allergist if symptoms are severe and unresponsive to over-the-counter medicine.
"feeling itchy throat, sneezing, nasal congestion, runny nose, itchy eyes, watery eyes",Allergic Rhinitis,"An allergic response causing itchy, watery eyes, sneezing, and other similar symptoms.","Avoid allergens (dust, pollen), keep indoors during high pollen seasons.","Antihistamines (Cetirizine, Loratadine), Nasal corticosteroids.",Consult an allergist if symptoms are severe and unresponsive to over-the-counter medicine.
"joint pain, muscle pain",Dengue Fever,A mosquito-borne viral disease occurring in tropical and subtropical areas.,"Use mosquito nets, wear long sleeves, use repellents.",Paracetamol for fever. STRICTLY AVOID Aspirin or Ibuprofen.,Hospitalization may be required; consult immediately if experiencing severe abdominal pain or bleeding.
"experiencing dry cough, fatigue",COVID-19,A highly contagious respiratory illness caused by the SARS-CoV-2 virus.,"Isolate, wear a mask, monitor oxygen levels.","Paracetamol, Vitamin C, Zinc, prescribed antivirals if severe.",Seek immediate medical attention if oxygen drops below 94% or you have difficulty breathing.
"wheezing, shortness of breath",Asthma,A condition in which your airways narrow and swell and may produce extra mucus.,"Avoid triggers (smoke, strong odors), carry an inhaler always.","Bronchodilators (Albuterol inhaler), Inhaled corticosteroids.",Immediate emergency care required for severe shortness of breath or if an inhaler doesn't help.
"weakness, diarrhea, fever",Food Poisoning,Illness caused by eating contaminated food.,"Rest, stay hydrated with sips of water or clear broths.","Oral rehydration salts, Bismuth subsalicylate.","Consult a doctor if symptoms last more than a few days, or if you have a very high fever."
"suffering from shortness of breath, chest tightness, coughing episodes",Asthma,A condition in which your airways narrow and swell and may produce extra mucus.,"Avoid triggers (smoke, strong odors), carry an inhaler always.","Bronchodilators (Albuterol inhaler), Inhaled corticosteroids.",Immediate emergency care required for severe shortness of breath or if an inhaler doesn't help.
"experiencing rash, pain behind eyes, high fever",Dengue Fever,A mosquito-borne viral disease occurring in tropical and subtropical areas.,"Use mosquito nets, wear long sleeves, use repellents.",Paracetamol for fever. STRICTLY AVOID Aspirin or Ibuprofen.,Hospitalization may be required; consult immediately if experiencing severe abdominal pain or bleeding.
"feeling coughing episodes, shortness of breath, wheezing",Asthma,A condition in which your airways narrow and swell and may produce extra mucus.,"Avoid triggers (smoke, strong odors), carry an inhaler always.","Bronchodilators (Albuterol inhaler), Inhaled corticosteroids.",Immediate emergency care required for severe shortness of breath or if an inhaler doesn't help.
"i have muscle aches, high fever",Influenza (Flu),A viral infection that attacks your respiratory system.,"Strict bed rest, isolate yourself, stay hydrated.","Oseltamivir (if prescribed early), Paracetamol for fever.",Consult a doctor immediately if you experience shortness of breath or persistent chest pain.
"i have headache, sweats, chills, dry cough",Influenza (Flu),A viral infection that attacks your respiratory system.,"Strict bed rest, isolate yourself, stay hydrated.","Oseltamivir (if prescribed early), Paracetamol for fever.",Consult a doctor immediately if you experience shortness of breath or persistent chest pain.
"prolonged high fever, headache",Typhoid,"A bacterial infection that can lead to a high fever, diarrhea, and vomiting.","Drink boiled or bottled water, avoid raw foods.","Antibiotics (prescription only), Paracetamol for fever.",Requires immediate medical consultation for a proper antibiotic course.
"suffering from joint pain, pain behind eyes, high fever",Dengue Fever,A mosquito-borne viral disease occurring in tropical and subtropical areas.,"Use mosquito nets, wear long sleeves, use repellents.",Paracetamol for fever. STRICTLY AVOID Aspirin or Ibuprofen.,Hospitalization may be required; consult immediately if experiencing severe abdominal pain or bleeding.
"vomiting, throbbing pain, nausea",Migraine,"A neurological condition that can cause multiple symptoms, frequently characterized by intense, debilitating headaches.","Rest in a quiet and dark room, avoid known triggers like caffeine or stress.","Ibuprofen, Triptans (prescription), Aspirin.",Consult a neurologist if migraines are frequent and severely disrupt daily life.
"experiencing nasal congestion, watery eyes",Allergic Rhinitis,"An allergic response causing itchy, watery eyes, sneezing, and other similar symptoms.","Avoid allergens (dust, pollen), keep indoors during high pollen seasons.","Antihistamines (Cetirizine, Loratadine), Nasal corticosteroids.",Consult an allergist if symptoms are severe and unresponsive to over-the-counter medicine.
"i have wheezing, shortness of breath, rapid breathing, chest tightness, coughing episodes",Asthma,A condition in which your airways narrow and swell and may produce extra mucus.,"Avoid triggers (smoke, strong odors), carry an inhaler always.","Bronchodilators (Albuterol inhaler), Inhaled corticosteroids.",Immediate emergency care required for severe shortness of breath or if an inhaler doesn't help.
"wheezing, chest tightness, coughing episodes",Asthma,A condition in which your airways narrow and swell and may produce extra mucus.,"Avoid triggers (smoke, strong odors), carry an inhaler always.","Bronchodilators (Albuterol inhaler), Inhaled corticosteroids.",Immediate emergency care required for severe shortness of breath or if an inhaler doesn't help.
"i have prolonged high fever, weakness, loss of appetite, rash, stomach pain",Typhoid,"A bacterial infection that can lead to a high fever, diarrhea, and vomiting.","Drink boiled or bottled water, avoid raw foods.","Antibiotics (prescription only), Paracetamol for fever.",Requires immediate medical consultation for a proper antibiotic course.
"i have diarrhea, nausea, low-grade fever, stomach cramps, muscle aches, vomiting",Gastroenteritis (Stomach Flu),"An intestinal infection marked by diarrhea, cramps, nausea, vomiting, and fever.","Stay hydrated, eat bland foods, wash hands thoroughly.","Oral rehydration salts (ORS), Loperamide (if advised).","Consult if you cannot keep liquids down for 24 hours, or if there is blood in stool."
"loss of appetite, stomach pain",Typhoid,"A bacterial infection that can lead to a high fever, diarrhea, and vomiting.","Drink boiled or bottled water, avoid raw foods.","Antibiotics (prescription only), Paracetamol for fever.",Requires immediate medical consultation for a proper antibiotic course.
"sensitivity to light, throbbing pain, nausea, sensitivity to sound, severe headache",Migraine,"A neurological condition that can cause multiple symptoms, frequently characterized by intense, debilitating headaches.","Rest in a quiet and dark room, avoid known triggers like caffeine or stress.","Ibuprofen, Triptans (prescription), Aspirin.",Consult a neurologist if migraines are frequent and severely disrupt daily life.
"feeling dry cough, sweats, muscle aches, fatigue, headache, chills, high fever",Influenza (Flu),A viral infection that attacks your respiratory system.,"Strict bed rest, isolate yourself, stay hydrated.","Oseltamivir (if prescribed early), Paracetamol for fever.",Consult a doctor immediately if you experience shortness of breath or persistent chest pain.
"fever, loss of smell, dry cough, body aches, shortness of breath, loss of taste",COVID-19,A highly contagious respiratory illness caused by the SARS-CoV-2 virus.,"Isolate, wear a mask, monitor oxygen levels.","Paracetamol, Vitamin C, Zinc, prescribed antivirals if severe.",Seek immediate medical attention if oxygen drops below 94% or you have difficulty breathing.
"i have abdominal cramps, diarrhea",Food Poisoning,Illness caused by eating contaminated food.,"Rest, stay hydrated with sips of water or clear broths.","Oral rehydration salts, Bismuth subsalicylate.","Consult a doctor if symptoms last more than a few days, or if you have a very high fever."
"experiencing dry cough, loss of smell, body aches, fatigue, sore throat, fever, loss of taste",COVID-19,A highly contagious respiratory illness caused by the SARS-CoV-2 virus.,"Isolate, wear a mask, monitor oxygen levels.","Paracetamol, Vitamin C, Zinc, prescribed antivirals if severe.",Seek immediate medical attention if oxygen drops below 94% or you have difficulty breathing.
"experiencing headache, stomach pain",Typhoid,"A bacterial infection that can lead to a high fever, diarrhea, and vomiting.","Drink boiled or bottled water, avoid raw foods.","Antibiotics (prescription only), Paracetamol for fever.",Requires immediate medical consultation for a proper antibiotic course.
"feeling dry cough, chills, headache, high fever, muscle aches, fatigue, sweats",Influenza (Flu),A viral infection that attacks your respiratory system.,"Strict bed rest, isolate yourself, stay hydrated.","Oseltamivir (if prescribed early), Paracetamol for fever.",Consult a doctor immediately if you experience shortness of breath or persistent chest pain.
"suffering from coughing episodes, chest tightness, wheezing, shortness of breath, rapid breathing",Asthma,A condition in which your airways narrow and swell and may produce extra mucus.,"Avoid triggers (smoke, strong odors), carry an inhaler always.","Bronchodilators (Albuterol inhaler), Inhaled corticosteroids.",Immediate emergency care required for severe shortness of breath or if an inhaler doesn't help.
"feeling loss of taste, fever, sore throat",COVID-19,A highly contagious respiratory illness caused by the SARS-CoV-2 virus.,"Isolate, wear a mask, monitor oxygen levels.","Paracetamol, Vitamin C, Zinc, prescribed antivirals if severe.",Seek immediate medical attention if oxygen drops below 94% or you have difficulty breathing.
"suffering from fatigue, pain behind eyes, high fever, rash",Dengue Fever,A mosquito-borne viral disease occurring in tropical and subtropical areas.,"Use mosquito nets, wear long sleeves, use repellents.",Paracetamol for fever. STRICTLY AVOID Aspirin or Ibuprofen.,Hospitalization may be required; consult immediately if experiencing severe abdominal pain or bleeding.
"experiencing sore throat, dry cough, shortness of breath, loss of taste, fatigue",COVID-19,A highly contagious respiratory illness caused by the SARS-CoV-2 virus.,"Isolate, wear a mask, monitor oxygen levels.","Paracetamol, Vitamin C, Zinc, prescribed antivirals if severe.",Seek immediate medical attention if oxygen drops below 94% or you have difficulty breathing.
"i have pain behind eyes, high fever, muscle pain, severe headache, rash, fatigue, joint pain",Dengue Fever,A mosquito-borne viral disease occurring in tropical and subtropical areas.,"Use mosquito nets, wear long sleeves, use repellents.",Paracetamol for fever. STRICTLY AVOID Aspirin or Ibuprofen.,Hospitalization may be required; consult immediately if experiencing severe abdominal pain or bleeding.
"suffering from shortness of breath, coughing episodes, wheezing",Asthma,A condition in which your airways narrow and swell and may produce extra mucus.,"Avoid triggers (smoke, strong odors), carry an inhaler always.","Bronchodilators (Albuterol inhaler), Inhaled corticosteroids.",Immediate emergency care required for severe shortness of breath or if an inhaler doesn't help.
"experiencing wheezing, rapid breathing",Asthma,A condition in which your airways narrow and swell and may produce extra mucus.,"Avoid triggers (smoke, strong odors), carry an inhaler always.","Bronchodilators (Albuterol inhaler), Inhaled corticosteroids.",Immediate emergency care required for severe shortness of breath or if an inhaler doesn't help.
"fever, weakness, vomiting",Food Poisoning,Illness caused by eating contaminated food.,"Rest, stay hydrated with sips of water or clear broths.","Oral rehydration salts, Bismuth subsalicylate.","Consult a doctor if symptoms last more than a few days, or if you have a very high fever."
"suffering from sore throat, loss of taste, dry cough, fever",COVID-19,A highly contagious respiratory illness caused by the SARS-CoV-2 virus.,"Isolate, wear a mask, monitor oxygen levels.","Paracetamol, Vitamin C, Zinc, prescribed antivirals if severe.",Seek immediate medical attention if oxygen drops below 94% or you have difficulty breathing.
"experiencing sensitivity to sound, vomiting, throbbing pain, severe headache, sensitivity to light",Migraine,"A neurological condition that can cause multiple symptoms, frequently characterized by intense, debilitating headaches.","Rest in a quiet and dark room, avoid known triggers like caffeine or stress.","Ibuprofen, Triptans (prescription), Aspirin.",Consult a neurologist if migraines are frequent and severely disrupt daily life.
"suffering from high fever, rash, severe headache, fatigue, pain behind eyes, joint pain",Dengue Fever,A mosquito-borne viral disease occurring in tropical and subtropical areas.,"Use mosquito nets, wear long sleeves, use repellents.",Paracetamol for fever. STRICTLY AVOID Aspirin or Ibuprofen.,Hospitalization may be required; consult immediately if experiencing severe abdominal pain or bleeding.
"experiencing runny nose, itchy throat, watery eyes, nasal congestion, itchy eyes, sneezing",Allergic Rhinitis,"An allergic response causing itchy, watery eyes, sneezing, and other similar symptoms.","Avoid allergens (dust, pollen), keep indoors during high pollen seasons.","Antihistamines (Cetirizine, Loratadine), Nasal corticosteroids.",Consult an allergist if symptoms are severe and unresponsive to over-the-counter medicine.
"feeling throbbing pain, severe headache, sensitivity to sound, nausea",Migraine,"A neurological condition that can cause multiple symptoms, frequently characterized by intense, debilitating headaches.","Rest in a quiet and dark room, avoid known triggers like caffeine or stress.","Ibuprofen, Triptans (prescription), Aspirin.",Consult a neurologist if migraines are frequent and severely disrupt daily life.
"suffering from runny nose, nasal congestion",Allergic Rhinitis,"An allergic response causing itchy, watery eyes, sneezing, and other similar symptoms.","Avoid allergens (dust, pollen), keep indoors during high pollen seasons.","Antihistamines (Cetirizine, Loratadine), Nasal corticosteroids.",Consult an allergist if symptoms are severe and unresponsive to over-the-counter medicine.
"runny nose, cough, sneezing, mild fever, congestion, sore throat",Common Cold,A common viral infection of the nose and throat.,"Rest, drink plenty of fluids, wash hands often.","Paracetamol, Ibuprofen, Decongestants, Cough syrup.",Consult if symptoms last more than a week or if you develop a high fever.
"feeling cough, sore throat, congestion",Common Cold,A common viral infection of the nose and throat.,"Rest, drink plenty of fluids, wash hands often.","Paracetamol, Ibuprofen, Decongestants, Cough syrup.",Consult if symptoms last more than a week or if you develop a high fever.
"experiencing itchy eyes, runny nose, itchy throat",Allergic Rhinitis,"An allergic response causing itchy, watery eyes, sneezing, and other similar symptoms.","Avoid allergens (dust, pollen), keep indoors during high pollen seasons.","Antihistamines (Cetirizine, Loratadine), Nasal corticosteroids.",Consult an allergist if symptoms are severe and unresponsive to over-the-counter medicine.
"feeling chills, high fever, headache, muscle aches, sweats, dry cough, fatigue",Influenza (Flu),A viral infection that attacks your respiratory system.,"Strict bed rest, isolate yourself, stay hydrated.","Oseltamivir (if prescribed early), Paracetamol for fever.",Consult a doctor immediately if you experience shortness of breath or persistent chest pain.
"i have rash, muscle pain, severe headache",Dengue Fever,A mosquito-borne viral disease occurring in tropical and subtropical areas.,"Use mosquito nets, wear long sleeves, use repellents.",Paracetamol for fever. STRICTLY AVOID Aspirin or Ibuprofen.,Hospitalization may be required; consult immediately if experiencing severe abdominal pain or bleeding.
"suffering from muscle aches, low-grade fever, vomiting, stomach cramps, nausea",Gastroenteritis (Stomach Flu),"An intestinal infection marked by diarrhea, cramps, nausea, vomiting, and fever.","Stay hydrated, eat bland foods, wash hands thoroughly.","Oral rehydration salts (ORS), Loperamide (if advised).","Consult if you cannot keep liquids down for 24 hours, or if there is blood in stool."
"suffering from nausea, sensitivity to light, severe headache",Migraine,"A neurological condition that can cause multiple symptoms, frequently characterized by intense, debilitating headaches.","Rest in a quiet and dark room, avoid known triggers like caffeine or stress.","Ibuprofen, Triptans (prescription), Aspirin.",Consult a neurologist if migraines are frequent and severely disrupt daily life.
"suffering from runny nose, sneezing",Allergic Rhinitis,"An allergic response causing itchy, watery eyes, sneezing, and other similar symptoms.","Avoid allergens (dust, pollen), keep indoors during high pollen seasons.","Antihistamines (Cetirizine, Loratadine), Nasal corticosteroids.",Consult an allergist if symptoms are severe and unresponsive to over-the-counter medicine.
"feeling severe headache, high fever, muscle pain, pain behind eyes, rash",Dengue Fever,A mosquito-borne viral disease occurring in tropical and subtropical areas.,"Use mosquito nets, wear long sleeves, use repellents.",Paracetamol for fever. STRICTLY AVOID Aspirin or Ibuprofen.,Hospitalization may be required; consult immediately if experiencing severe abdominal pain or bleeding.
"nausea, sensitivity to sound, sensitivity to light",Migraine,"A neurological condition that can cause multiple symptoms, frequently characterized by intense, debilitating headaches.","Rest in a quiet and dark room, avoid known triggers like caffeine or stress.","Ibuprofen, Triptans (prescription), Aspirin.",Consult a neurologist if migraines are frequent and severely disrupt daily life.
"i have weakness, abdominal cramps, diarrhea, nausea, fever",Food Poisoning,Illness caused by eating contaminated food.,"Rest, stay hydrated with sips of water or clear broths.","Oral rehydration salts, Bismuth subsalicylate.","Consult a doctor if symptoms last more than a few days, or if you have a very high fever."
"feeling sensitivity to light, sensitivity to sound, throbbing pain",Migraine,"A neurological condition that can cause multiple symptoms, frequently characterized by intense, debilitating headaches.","Rest in a quiet and dark room, avoid known triggers like caffeine or stress.","Ibuprofen, Triptans (prescription), Aspirin.",Consult a neurologist if migraines are frequent and severely disrupt daily life.
"i have stomach pain, rash, loss of appetite, weakness, headache",Typhoid,"A bacterial infection that can lead to a high fever, diarrhea, and vomiting.","Drink boiled or bottled water, avoid raw foods.","Antibiotics (prescription only), Paracetamol for fever.",Requires immediate medical consultation for a proper antibiotic course.
"runny nose, cough, congestion, sneezing",Common Cold,A common viral infection of the nose and throat.,"Rest, drink plenty of fluids, wash hands often.","Paracetamol, Ibuprofen, Decongestants, Cough syrup.",Consult if symptoms last more than a week or if you develop a high fever.
"suffering from loss of taste, sore throat, fatigue, loss of smell, shortness of breath, body aches",COVID-19,A highly contagious respiratory illness caused by the SARS-CoV-2 virus.,"Isolate, wear a mask, monitor oxygen levels.","Paracetamol, Vitamin C, Zinc, prescribed antivirals if severe.",Seek immediate medical attention if oxygen drops below 94% or you have difficulty breathing.
"experiencing sensitivity to light, nausea, vomiting, sensitivity to sound, severe headache",Migraine,"A neurological condition that can cause multiple symptoms, frequently characterized by intense, debilitating headaches.","Rest in a quiet and dark room, avoid known triggers like caffeine or stress.","Ibuprofen, Triptans (prescription), Aspirin.",Consult a neurologist if migraines are frequent and severely disrupt daily life.
"i have throbbing pain, severe headache, vomiting, sensitivity to sound, sensitivity to light",Migraine,"A neurological condition that can cause multiple symptoms, frequently characterized by intense, debilitating headaches.","Rest in a quiet and dark room, avoid known triggers like caffeine or stress.","Ibuprofen, Triptans (prescription), Aspirin.",Consult a neurologist if migraines are frequent and severely disrupt daily life.
"muscle aches, sweats, high fever, fatigue, dry cough",Influenza (Flu),A viral infection that attacks your respiratory system.,"Strict bed rest, isolate yourself, stay hydrated.","Oseltamivir (if prescribed early), Paracetamol for fever.",Consult a doctor immediately if you experience shortness of breath or persistent chest pain.
"i have coughing episodes, chest tightness, rapid breathing, wheezing, shortness of breath",Asthma,A condition in which your airways narrow and swell and may produce extra mucus.,"Avoid triggers (smoke, strong odors), carry an inhaler always.","Bronchodilators (Albuterol inhaler), Inhaled corticosteroids.",Immediate emergency care required for severe shortness of breath or if an inhaler doesn't help.
"feeling high fever, fatigue, severe headache, rash",Dengue Fever,A mosquito-borne viral disease occurring in tropical and subtropical areas.,"Use mosquito nets, wear long sleeves, use repellents.",Paracetamol for fever. STRICTLY AVOID Aspirin or Ibuprofen.,Hospitalization may be required; consult immediately if experiencing severe abdominal pain or bleeding.
"nausea, fever, abdominal cramps",Food Poisoning,Illness caused by eating contaminated food.,"Rest, stay hydrated with sips of water or clear broths.","Oral rehydration salts, Bismuth subsalicylate.","Consult a doctor if symptoms last more than a few days, or if you have a very high fever."
"nausea, abdominal cramps, weakness, diarrhea, vomiting",Food Poisoning,Illness caused by eating contaminated food.,"Rest, stay hydrated with sips of water or clear broths.","Oral rehydration salts, Bismuth subsalicylate.","Consult a doctor if symptoms last more than a few days, or if you have a very high fever."
"suffering from muscle aches, headache, fatigue, high fever, chills",Influenza (Flu),A viral infection that attacks your respiratory system.,"Strict bed rest, isolate yourself, stay hydrated.","Oseltamivir (if prescribed early), Paracetamol for fever.",Consult a doctor immediately if you experience shortness of breath or persistent chest pain.
"diarrhea, nausea",Food Poisoning,Illness caused by eating contaminated food.,"Rest, stay hydrated with sips of water or clear broths.","Oral rehydration salts, Bismuth subsalicylate.","Consult a doctor if symptoms last more than a few days, or if you have a very high fever."
"i have sensitivity to light, severe headache, nausea, throbbing pain",Migraine,"A neurological condition that can cause multiple symptoms, frequently characterized by intense, debilitating headaches.","Rest in a quiet and dark room, avoid known triggers like caffeine or stress.","Ibuprofen, Triptans (prescription), Aspirin.",Consult a neurologist if migraines are frequent and severely disrupt daily life.
"feeling headache, sweats, chills, dry cough, high fever",Influenza (Flu),A viral infection that attacks your respiratory system.,"Strict bed rest, isolate yourself, stay hydrated.","Oseltamivir (if prescribed early), Paracetamol for fever.",Consult a doctor immediately if you experience shortness of breath or persistent chest pain.
"feeling chest tightness, shortness of breath",Asthma,A condition in which your airways narrow and swell and may produce extra mucus.,"Avoid triggers (smoke, strong odors), carry an inhaler always.","Bronchodilators (Albuterol inhaler), Inhaled corticosteroids.",Immediate emergency care required for severe shortness of breath or if an inhaler doesn't help.
"experiencing weakness, nausea, vomiting",Food Poisoning,Illness caused by eating contaminated food.,"Rest, stay hydrated with sips of water or clear broths.","Oral rehydration salts, Bismuth subsalicylate.","Consult a doctor if symptoms last more than a few days, or if you have a very high fever."
"feeling coughing episodes, rapid breathing, chest tightness",Asthma,A condition in which your airways narrow and swell and may produce extra mucus.,"Avoid triggers (smoke, strong odors), carry an inhaler always.","Bronchodilators (Albuterol inhaler), Inhaled corticosteroids.",Immediate emergency care required for severe shortness of breath or if an inhaler doesn't help.
"experiencing vomiting, stomach cramps, muscle aches, nausea, low-grade fever",Gastroenteritis (Stomach Flu),"An intestinal infection marked by diarrhea, cramps, nausea, vomiting, and fever.","Stay hydrated, eat bland foods, wash hands thoroughly.","Oral rehydration salts (ORS), Loperamide (if advised).","Consult if you cannot keep liquids down for 24 hours, or if there is blood in stool."
"joint pain, fatigue, muscle pain, rash, pain behind eyes",Dengue Fever,A mosquito-borne viral disease occurring in tropical and subtropical areas.,"Use mosquito nets, wear long sleeves, use repellents.",Paracetamol for fever. STRICTLY AVOID Aspirin or Ibuprofen.,Hospitalization may be required; consult immediately if experiencing severe abdominal pain or bleeding.
"i have dry cough, fatigue, headache, muscle aches, chills",Influenza (Flu),A viral infection that attacks your respiratory system.,"Strict bed rest, isolate yourself, stay hydrated.","Oseltamivir (if prescribed early), Paracetamol for fever.",Consult a doctor immediately if you experience shortness of breath or persistent chest pain.
"i have rash, stomach pain, weakness, prolonged high fever, loss of appetite, headache",Typhoid,"A bacterial infection that can lead to a high fever, diarrhea, and vomiting.","Drink boiled or bottled water, avoid raw foods.","Antibiotics (prescription only), Paracetamol for fever.",Requires immediate medical consultation for a proper antibiotic course.
"feeling rapid breathing, shortness of breath",Asthma,A condition in which your airways narrow and swell and may produce extra mucus.,"Avoid triggers (smoke, strong odors), carry an inhaler always.","Bronchodilators (Albuterol inhaler), Inhaled corticosteroids.",Immediate emergency care required for severe shortness of breath or if an inhaler doesn't help.
"i have nausea, sensitivity to light, vomiting, throbbing pain, sensitivity to sound, severe headache",Migraine,"A neurological condition that can cause multiple symptoms, frequently characterized by intense, debilitating headaches.","Rest in a quiet and dark room, avoid known triggers like caffeine or stress.","Ibuprofen, Triptans (prescription), Aspirin.",Consult a neurologist if migraines are frequent and severely disrupt daily life.
"suffering from rapid breathing, shortness of breath, wheezing, coughing episodes, chest tightness",Asthma,A condition in which your airways narrow and swell and may produce extra mucus.,"Avoid triggers (smoke, strong odors), carry an inhaler always.","Bronchodilators (Albuterol inhaler), Inhaled corticosteroids.",Immediate emergency care required for severe shortness of breath or if an inhaler doesn't help.
"experiencing vomiting, fever, nausea",Food Poisoning,Illness caused by eating contaminated food.,"Rest, stay hydrated with sips of water or clear broths.","Oral rehydration salts, Bismuth subsalicylate.","Consult a doctor if symptoms last more than a few days, or if you have a very high fever."
"sensitivity to sound, sensitivity to light, vomiting",Migraine,"A neurological condition that can cause multiple symptoms, frequently characterized by intense, debilitating headaches.","Rest in a quiet and dark room, avoid known triggers like caffeine or stress.","Ibuprofen, Triptans (prescription), Aspirin.",Consult a neurologist if migraines are frequent and severely disrupt daily life.
"i have diarrhea, nausea, low-grade fever",Gastroenteritis (Stomach Flu),"An intestinal infection marked by diarrhea, cramps, nausea, vomiting, and fever.","Stay hydrated, eat bland foods, wash hands thoroughly.","Oral rehydration salts (ORS), Loperamide (if advised).","Consult if you cannot keep liquids down for 24 hours, or if there is blood in stool."
"severe headache, vomiting, throbbing pain",Migraine,"A neurological condition that can cause multiple symptoms, frequently characterized by intense, debilitating headaches.","Rest in a quiet and dark room, avoid known triggers like caffeine or stress.","Ibuprofen, Triptans (prescription), Aspirin.",Consult a neurologist if migraines are frequent and severely disrupt daily life.
"i have loss of smell, body aches, sore throat, loss of taste, shortness of breath, fever",COVID-19,A highly contagious respiratory illness caused by the SARS-CoV-2 virus.,"Isolate, wear a mask, monitor oxygen levels.","Paracetamol, Vitamin C, Zinc, prescribed antivirals if severe.",Seek immediate medical attention if oxygen drops below 94% or you have difficulty breathing.
"experiencing chills, sweats, high fever",Influenza (Flu),A viral infection that attacks your respiratory system.,"Strict bed rest, isolate yourself, stay hydrated.","Oseltamivir (if prescribed early), Paracetamol for fever.",Consult a doctor immediately if you experience shortness of breath or persistent chest pain.
"feeling sore throat, loss of taste, body aches, shortness of breath, fever, loss of smell, fatigue",COVID-19,A highly contagious respiratory illness caused by the SARS-CoV-2 virus.,"Isolate, wear a mask, monitor oxygen levels.","Paracetamol, Vitamin C, Zinc, prescribed antivirals if severe.",Seek immediate medical attention if oxygen drops below 94% or you have difficulty breathing.
"loss of taste, body aches, sore throat",COVID-19,A highly contagious respiratory illness caused by the SARS-CoV-2 virus.,"Isolate, wear a mask, monitor oxygen levels.","Paracetamol, Vitamin C, Zinc, prescribed antivirals if severe.",Seek immediate medical attention if oxygen drops below 94% or you have difficulty breathing.
"i have abdominal cramps, diarrhea",Food Poisoning,Illness caused by eating contaminated food.,"Rest, stay hydrated with sips of water or clear broths.","Oral rehydration salts, Bismuth subsalicylate.","Consult a doctor if symptoms last more than a few days, or if you have a very high fever."
"suffering from nasal congestion, itchy throat, sneezing",Allergic Rhinitis,"An allergic response causing itchy, watery eyes, sneezing, and other similar symptoms.","Avoid allergens (dust, pollen), keep indoors during high pollen seasons.","Antihistamines (Cetirizine, Loratadine), Nasal corticosteroids.",Consult an allergist if symptoms are severe and unresponsive to over-the-counter medicine.
"i have runny nose, cough",Common Cold,A common viral infection of the nose and throat.,"Rest, drink plenty of fluids, wash hands often.","Paracetamol, Ibuprofen, Decongestants, Cough syrup.",Consult if symptoms last more than a week or if you develop a high fever.
"feeling high fever, joint pain, muscle pain, pain behind eyes",Dengue Fever,A mosquito-borne viral disease occurring in tropical and subtropical areas.,"Use mosquito nets, wear long sleeves, use repellents.",Paracetamol for fever. STRICTLY AVOID Aspirin or Ibuprofen.,Hospitalization may be required; consult immediately if experiencing severe abdominal pain or bleeding.
"feeling shortness of breath, dry cough, loss of taste, sore throat, fever",COVID-19,A highly contagious respiratory illness caused by the SARS-CoV-2 virus.,"Isolate, wear a mask, monitor oxygen levels.","Paracetamol, Vitamin C, Zinc, prescribed antivirals if severe.",Seek immediate medical attention if oxygen drops below 94% or you have difficulty breathing.
"feeling weakness, rash, stomach pain, prolonged high fever, loss of appetite",Typhoid,"A bacterial infection that can lead to a high fever, diarrhea, and vomiting.","Drink boiled or bottled water, avoid raw foods.","Antibiotics (prescription only), Paracetamol for fever.",Requires immediate medical consultation for a proper antibiotic course.
"experiencing fever, vomiting",Food Poisoning,Illness caused by eating contaminated food.,"Rest, stay hydrated with sips of water or clear broths.","Oral rehydration salts, Bismuth subsalicylate.","Consult a doctor if symptoms last more than a few days, or if you have a very high fever."
"i have fatigue, joint pain",Dengue Fever,A mosquito-borne viral disease occurring in tropical and subtropical areas.,"Use mosquito nets, wear long sleeves, use repellents.",Paracetamol for fever. STRICTLY AVOID Aspirin or Ibuprofen.,Hospitalization may be required; consult immediately if experiencing severe abdominal pain or bleeding.
"experiencing mild fever, sneezing, runny nose",Common Cold,A common viral infection of the nose and throat.,"Rest, drink plenty of fluids, wash hands often.","Paracetamol, Ibuprofen, Decongestants, Cough syrup.",Consult if symptoms last more than a week or if you develop a high fever.
"weakness, loss of appetite, stomach pain, rash, prolonged high fever, headache",Typhoid,"A bacterial infection that can lead to a high fever, diarrhea, and vomiting.","Drink boiled or bottled water, avoid raw foods.","Antibiotics (prescription only), Paracetamol for fever.",Requires immediate medical consultation for a proper antibiotic course.
"suffering from fever, weakness, vomiting, abdominal cramps, nausea, diarrhea",Food Poisoning,Illness caused by eating contaminated food.,"Rest, stay hydrated with sips of water or clear broths.","Oral rehydration salts, Bismuth subsalicylate.","Consult a doctor if symptoms last more than a few days, or if you have a very high fever."
"feeling vomiting, fever, nausea, weakness, diarrhea",Food Poisoning,Illness caused by eating contaminated food.,"Rest, stay hydrated with sips of water or clear broths.","Oral rehydration salts, Bismuth subsalicylate.","Consult a doctor if symptoms last more than a few days, or if you have a very high fever."
"suffering from shortness of breath, body aches, sore throat, loss of taste",COVID-19,A highly contagious respiratory illness caused by the SARS-CoV-2 virus.,"Isolate, wear a mask, monitor oxygen levels.","Paracetamol, Vitamin C, Zinc, prescribed antivirals if severe.",Seek immediate medical attention if oxygen drops below 94% or you have difficulty breathing.
"feeling dry cough, loss of taste, body aches, sore throat, fever",COVID-19,A highly contagious respiratory illness caused by the SARS-CoV-2 virus.,"Isolate, wear a mask, monitor oxygen levels.","Paracetamol, Vitamin C, Zinc, prescribed antivirals if severe.",Seek immediate medical attention if oxygen drops below 94% or you have difficulty breathing.
"i have diarrhea, nausea, vomiting",Food Poisoning,Illness caused by eating contaminated food.,"Rest, stay hydrated with sips of water or clear broths.","Oral rehydration salts, Bismuth subsalicylate.","Consult a doctor if symptoms last more than a few days, or if you have a very high fever."
"coughing episodes, chest tightness",Asthma,A condition in which your airways narrow and swell and may produce extra mucus.,"Avoid triggers (smoke, strong odors), carry an inhaler always.","Bronchodilators (Albuterol inhaler), Inhaled corticosteroids.",Immediate emergency care required for severe shortness of breath or if an inhaler doesn't help.
"feeling chills, muscle aches, fatigue, high fever, sweats, dry cough, headache",Influenza (Flu),A viral infection that attacks your respiratory system.,"Strict bed rest, isolate yourself, stay hydrated.","Oseltamivir (if prescribed early), Paracetamol for fever.",Consult a doctor immediately if you experience shortness of breath or persistent chest pain.
"i have headache, fatigue, chills",Influenza (Flu),A viral infection that attacks your respiratory system.,"Strict bed rest, isolate yourself, stay hydrated.","Oseltamivir (if prescribed early), Paracetamol for fever.",Consult a doctor immediately if you experience shortness of breath or persistent chest pain.
"experiencing shortness of breath, body aches, loss of taste, sore throat, fever, dry cough, loss of smell, fatigue",COVID-19,A highly contagious respiratory illness caused by the SARS-CoV-2 virus.,"Isolate, wear a mask, monitor oxygen levels.","Paracetamol, Vitamin C, Zinc, prescribed antivirals if severe.",Seek immediate medical attention if oxygen drops below 94% or you have difficulty breathing.
"suffering from high fever, sweats, fatigue",Influenza (Flu),A viral infection that attacks your respiratory system.,"Strict bed rest, isolate yourself, stay hydrated.","Oseltamivir (if prescribed early), Paracetamol for fever.",Consult a doctor immediately if you experience shortness of breath or persistent chest pain.
"suffering from severe headache, nausea, sensitivity to light, sensitivity to sound",Migraine,"A neurological condition that can cause multiple symptoms, frequently characterized by intense, debilitating headaches.","Rest in a quiet and dark room, avoid known triggers like caffeine or stress.","Ibuprofen, Triptans (prescription), Aspirin.",Consult a neurologist if migraines are frequent and severely disrupt daily life.
"experiencing runny nose, itchy throat, itchy eyes, sneezing",Allergic Rhinitis,"An allergic response causing itchy, watery eyes, sneezing, and other similar symptoms.","Avoid allergens (dust, pollen), keep indoors during high pollen seasons.","Antihistamines (Cetirizine, Loratadine), Nasal corticosteroids.",Consult an allergist if symptoms are severe and unresponsive to over-the-counter medicine.
"feeling itchy throat, nasal congestion, itchy eyes, sneezing, watery eyes",Allergic Rhinitis,"An allergic response causing itchy, watery eyes, sneezing, and other similar symptoms.","Avoid allergens (dust, pollen), keep indoors during high pollen seasons.","Antihistamines (Cetirizine, Loratadine), Nasal corticosteroids.",Consult an allergist if symptoms are severe and unresponsive to over-the-counter medicine.
"suffering from cough, congestion, sore throat",Common Cold,A common viral infection of the nose and throat.,"Rest, drink plenty of fluids, wash hands often.","Paracetamol, Ibuprofen, Decongestants, Cough syrup.",Consult if symptoms last more than a week or if you develop a high fever.
"suffering from coughing episodes, rapid breathing, chest tightness, shortness of breath",Asthma,A condition in which your airways narrow and swell and may produce extra mucus.,"Avoid triggers (smoke, strong odors), carry an inhaler always.","Bronchodilators (Albuterol inhaler), Inhaled corticosteroids.",Immediate emergency care required for severe shortness of breath or if an inhaler doesn't help.
"mild fever, sneezing",Common Cold,A common viral infection of the nose and throat.,"Rest, drink plenty of fluids, wash hands often.","Paracetamol, Ibuprofen, Decongestants, Cough syrup.",Consult if symptoms last more than a week or if you develop a high fever.
"feeling severe headache, sensitivity to light, vomiting, throbbing pain, sensitivity to sound",Migraine,"A neurological condition that can cause multiple symptoms, frequently characterized by intense, debilitating headaches.","Rest in a quiet and dark room, avoid known triggers like caffeine or stress.","Ibuprofen, Triptans (prescription), Aspirin.",Consult a neurologist if migraines are frequent and severely disrupt daily life.
"shortness of breath, chest tightness, wheezing",Asthma,A condition in which your airways narrow and swell and may produce extra mucus.,"Avoid triggers (smoke, strong odors), carry an inhaler always.","Bronchodilators (Albuterol inhaler), Inhaled corticosteroids.",Immediate emergency care required for severe shortness of breath or if an inhaler doesn't help.
"i have headache, dry cough, sweats, fatigue, chills, high fever",Influenza (Flu),A viral infection that attacks your respiratory system.,"Strict bed rest, isolate yourself, stay hydrated.","Oseltamivir (if prescribed early), Paracetamol for fever.",Consult a doctor immediately if you experience shortness of breath or persistent chest pain.
"suffering from muscle pain, high fever, rash, fatigue, joint pain",Dengue Fever,A mosquito-borne viral disease occurring in tropical and subtropical areas.,"Use mosquito nets, wear long sleeves, use repellents.",Paracetamol for fever. STRICTLY AVOID Aspirin or Ibuprofen.,Hospitalization may be required; consult immediately if experiencing severe abdominal pain or bleeding.
"suffering from coughing episodes, chest tightness, rapid breathing",Asthma,A condition in which your airways narrow and swell and may produce extra mucus.,"Avoid triggers (smoke, strong odors), carry an inhaler always.","Bronchodilators (Albuterol inhaler), Inhaled corticosteroids.",Immediate emergency care required for severe shortness of breath or if an inhaler doesn't help.
"runny nose, sneezing, itchy eyes, nasal congestion, itchy throat",Allergic Rhinitis,"An allergic response causing itchy, watery eyes, sneezing, and other similar symptoms.","Avoid allergens (dust, pollen), keep indoors during high pollen seasons.","Antihistamines (Cetirizine, Loratadine), Nasal corticosteroids.",Consult an allergist if symptoms are severe and unresponsive to over-the-counter medicine.
"experiencing nausea, muscle aches",Gastroenteritis (Stomach Flu),"An intestinal infection marked by diarrhea, cramps, nausea, vomiting, and fever.","Stay hydrated, eat bland foods, wash hands thoroughly.","Oral rehydration salts (ORS), Loperamide (if advised).","Consult if you cannot keep liquids down for 24 hours, or if there is blood in stool."
"suffering from coughing episodes, shortness of breath",Asthma,A condition in which your airways narrow and swell and may produce extra mucus.,"Avoid triggers (smoke, strong odors), carry an inhaler always.","Bronchodilators (Albuterol inhaler), Inhaled corticosteroids.",Immediate emergency care required for severe shortness of breath or if an inhaler doesn't help.
"feeling nausea, sensitivity to light, severe headache, sensitivity to sound, throbbing pain, vomiting",Migraine,"A neurological condition that can cause multiple symptoms, frequently characterized by intense, debilitating headaches.","Rest in a quiet and dark room, avoid known triggers like caffeine or stress.","Ibuprofen, Triptans (prescription), Aspirin.",Consult a neurologist if migraines are frequent and severely disrupt daily life.
"suffering from runny nose, nasal congestion, itchy eyes, watery eyes",Allergic Rhinitis,"An allergic response causing itchy, watery eyes, sneezing, and other similar symptoms.","Avoid allergens (dust, pollen), keep indoors during high pollen seasons.","Antihistamines (Cetirizine, Loratadine), Nasal corticosteroids.",Consult an allergist if symptoms are severe and unresponsive to over-the-counter medicine.
"suffering from diarrhea, vomiting, muscle aches",Gastroenteritis (Stomach Flu),"An intestinal infection marked by diarrhea, cramps, nausea, vomiting, and fever.","Stay hydrated, eat bland foods, wash hands thoroughly.","Oral rehydration salts (ORS), Loperamide (if advised).","Consult if you cannot keep liquids down for 24 hours, or if there is blood in stool."
"i have itchy throat, nasal congestion, itchy eyes, runny nose, watery eyes, sneezing",Allergic Rhinitis,"An allergic response causing itchy, watery eyes, sneezing, and other similar symptoms.","Avoid allergens (dust, pollen), keep indoors during high pollen seasons.","Antihistamines (Cetirizine, Loratadine), Nasal corticosteroids.",Consult an allergist if symptoms are severe and unresponsive to over-the-counter medicine.
"suffering from pain behind eyes, severe headache, muscle pain, rash",Dengue Fever,A mosquito-borne viral disease occurring in tropical and subtropical areas.,"Use mosquito nets, wear long sleeves, use repellents.",Paracetamol for fever. STRICTLY AVOID Aspirin or Ibuprofen.,Hospitalization may be required; consult immediately if experiencing severe abdominal pain or bleeding.
"suffering from diarrhea, nausea",Food Poisoning,Illness caused by eating contaminated food.,"Rest, stay hydrated with sips of water or clear broths.","Oral rehydration salts, Bismuth subsalicylate.","Consult a doctor if symptoms last more than a few days, or if you have a very high fever."
"wheezing, chest tightness, shortness of breath, rapid breathing, coughing episodes",Asthma,A condition in which your airways narrow and swell and may produce extra mucus.,"Avoid triggers (smoke, strong odors), carry an inhaler always.","Bronchodilators (Albuterol inhaler), Inhaled corticosteroids.",Immediate emergency care required for severe shortness of breath or if an inhaler doesn't help.
"suffering from dry cough, muscle aches, headache, fatigue, high fever",Influenza (Flu),A viral infection that attacks your respiratory system.,"Strict bed rest, isolate yourself, stay hydrated.","Oseltamivir (if prescribed early), Paracetamol for fever.",Consult a doctor immediately if you experience shortness of breath or persistent chest pain.
"i have muscle pain, pain behind eyes, fatigue, rash, high fever",Dengue Fever,A mosquito-borne viral disease occurring in tropical and subtropical areas.,"Use mosquito nets, wear long sleeves, use repellents.",Paracetamol for fever. STRICTLY AVOID Aspirin or Ibuprofen.,Hospitalization may be required; consult immediately if experiencing severe abdominal pain or bleeding.
"itchy throat, runny nose, itchy eyes, sneezing, watery eyes, nasal congestion",Allergic Rhinitis,"An allergic response causing itchy, watery eyes, sneezing, and other similar symptoms.","Avoid allergens (dust, pollen), keep indoors during high pollen seasons.","Antihistamines (Cetirizine, Loratadine), Nasal corticosteroids.",Consult an allergist if symptoms are severe and unresponsive to over-the-counter medicine.
"suffering from vomiting, muscle aches, diarrhea, low-grade fever, stomach cramps",Gastroenteritis (Stomach Flu),"An intestinal infection marked by diarrhea, cramps, nausea, vomiting, and fever.","Stay hydrated, eat bland foods, wash hands thoroughly.","Oral rehydration salts (ORS), Loperamide (if advised).","Consult if you cannot keep liquids down for 24 hours, or if there is blood in stool."
"experiencing body aches, fatigue, shortness of breath",COVID-19,A highly contagious respiratory illness caused by the SARS-CoV-2 virus.,"Isolate, wear a mask, monitor oxygen levels.","Paracetamol, Vitamin C, Zinc, prescribed antivirals if severe.",Seek immediate medical attention if oxygen drops below 94% or you have difficulty breathing.
"runny nose, congestion, sore throat",Common Cold,A common viral infection of the nose and throat.,"Rest, drink plenty of fluids, wash hands often.","Paracetamol, Ibuprofen, Decongestants, Cough syrup.",Consult if symptoms last more than a week or if you develop a high fever.
"muscle aches, low-grade fever",Gastroenteritis (Stomach Flu),"An intestinal infection marked by diarrhea, cramps, nausea, vomiting, and fever.","Stay hydrated, eat bland foods, wash hands thoroughly.","Oral rehydration salts (ORS), Loperamide (if advised).","Consult if you cannot keep liquids down for 24 hours, or if there is blood in stool."
"feeling body aches, sore throat, loss of smell, fatigue, loss of taste, dry cough",COVID-19,A highly contagious respiratory illness caused by the SARS-CoV-2 virus.,"Isolate, wear a mask, monitor oxygen levels.","Paracetamol, Vitamin C, Zinc, prescribed antivirals if severe.",Seek immediate medical attention if oxygen drops below 94% or you have difficulty breathing.
"feeling weakness, nausea, fever, diarrhea",Food Poisoning,Illness caused by eating contaminated food.,"Rest, stay hydrated with sips of water or clear broths.","Oral rehydration salts, Bismuth subsalicylate.","Consult a doctor if symptoms last more than a few days, or if you have a very high fever."
"i have sensitivity to light, severe headache, nausea, vomiting, throbbing pain, sensitivity to sound",Migraine,"A neurological condition that can cause multiple symptoms, frequently characterized by intense, debilitating headaches.","Rest in a quiet and dark room, avoid known triggers like caffeine or stress.","Ibuprofen, Triptans (prescription), Aspirin.",Consult a neurologist if migraines are frequent and severely disrupt daily life.
"suffering from high fever, joint pain, pain behind eyes, muscle pain, rash, fatigue, severe headache",Dengue Fever,A mosquito-borne viral disease occurring in tropical and subtropical areas.,"Use mosquito nets, wear long sleeves, use repellents.",Paracetamol for fever. STRICTLY AVOID Aspirin or Ibuprofen.,Hospitalization may be required; consult immediately if experiencing severe abdominal pain or bleeding.
"sweats, headache, dry cough, muscle aches, high fever",Influenza (Flu),A viral infection that attacks your respiratory system.,"Strict bed rest, isolate yourself, stay hydrated.","Oseltamivir (if prescribed early), Paracetamol for fever.",Consult a doctor immediately if you experience shortness of breath or persistent chest pain.
"sneezing, runny nose, cough, mild fever",Common Cold,A common viral infection of the nose and throat.,"Rest, drink plenty of fluids, wash hands often.","Paracetamol, Ibuprofen, Decongestants, Cough syrup.",Consult if symptoms last more than a week or if you develop a high fever.
"feeling sensitivity to sound, throbbing pain",Migraine,"A neurological condition that can cause multiple symptoms, frequently characterized by intense, debilitating headaches.","Rest in a quiet and dark room, avoid known triggers like caffeine or stress.","Ibuprofen, Triptans (prescription), Aspirin.",Consult a neurologist if migraines are frequent and severely disrupt daily life.
"suffering from muscle aches, vomiting, nausea, low-grade fever, stomach cramps",Gastroenteritis (Stomach Flu),"An intestinal infection marked by diarrhea, cramps, nausea, vomiting, and fever.","Stay hydrated, eat bland foods, wash hands thoroughly.","Oral rehydration salts (ORS), Loperamide (if advised).","Consult if you cannot keep liquids down for 24 hours, or if there is blood in stool."
"suffering from vomiting, severe headache, throbbing pain, sensitivity to light",Migraine,"A neurological condition that can cause multiple symptoms, frequently characterized by intense, debilitating headaches.","Rest in a quiet and dark room, avoid known triggers like caffeine or stress.","Ibuprofen, Triptans (prescription), Aspirin.",Consult a neurologist if migraines are frequent and severely disrupt daily life.
"i have watery eyes, nasal congestion, itchy throat",Allergic Rhinitis,"An allergic response causing itchy, watery eyes, sneezing, and other similar symptoms.","Avoid allergens (dust, pollen), keep indoors during high pollen seasons.","Antihistamines (Cetirizine, Loratadine), Nasal corticosteroids.",Consult an allergist if symptoms are severe and unresponsive to over-the-counter medicine.
"suffering from nasal congestion, itchy eyes, watery eyes, sneezing",Allergic Rhinitis,"An allergic response causing itchy, watery eyes, sneezing, and other similar symptoms.","Avoid allergens (dust, pollen), keep indoors during high pollen seasons.","Antihistamines (Cetirizine, Loratadine), Nasal corticosteroids.",Consult an allergist if symptoms are severe and unresponsive to over-the-counter medicine.
"suffering from rapid breathing, shortness of breath, chest tightness, wheezing, coughing episodes",Asthma,A condition in which your airways narrow and swell and may produce extra mucus.,"Avoid triggers (smoke, strong odors), carry an inhaler always.","Bronchodilators (Albuterol inhaler), Inhaled corticosteroids.",Immediate emergency care required for severe shortness of breath or if an inhaler doesn't help.
"i have cough, runny nose, sore throat",Common Cold,A common viral infection of the nose and throat.,"Rest, drink plenty of fluids, wash hands often.","Paracetamol, Ibuprofen, Decongestants, Cough syrup.",Consult if symptoms last more than a week or if you develop a high fever.
"suffering from sore throat, shortness of breath, fatigue, body aches",COVID-19,A highly contagious respiratory illness caused by the SARS-CoV-2 virus.,"Isolate, wear a mask, monitor oxygen levels.","Paracetamol, Vitamin C, Zinc, prescribed antivirals if severe.",Seek immediate medical attention if oxygen drops below 94% or you have difficulty breathing.
"feeling vomiting, diarrhea, nausea, fever, weakness, abdominal cramps",Food Poisoning,Illness caused by eating contaminated food.,"Rest, stay hydrated with sips of water or clear broths.","Oral rehydration salts, Bismuth subsalicylate.","Consult a doctor if symptoms last more than a few days, or if you have a very high fever."
"sweats, headache, muscle aches, dry cough, fatigue, high fever",Influenza (Flu),A viral infection that attacks your respiratory system.,"Strict bed rest, isolate yourself, stay hydrated.","Oseltamivir (if prescribed early), Paracetamol for fever.",Consult a doctor immediately if you experience shortness of breath or persistent chest pain.
"stomach cramps, low-grade fever",Gastroenteritis (Stomach Flu),"An intestinal infection marked by diarrhea, cramps, nausea, vomiting, and fever.","Stay hydrated, eat bland foods, wash hands thoroughly.","Oral rehydration salts (ORS), Loperamide (if advised).","Consult if you cannot keep liquids down for 24 hours, or if there is blood in stool."
"i have mild fever, runny nose",Common Cold,A common viral infection of the nose and throat.,"Rest, drink plenty of fluids, wash hands often.","Paracetamol, Ibuprofen, Decongestants, Cough syrup.",Consult if symptoms last more than a week or if you develop a high fever.
"i have vomiting, throbbing pain",Migraine,"A neurological condition that can cause multiple symptoms, frequently characterized by intense, debilitating headaches.","Rest in a quiet and dark room, avoid known triggers like caffeine or stress.","Ibuprofen, Triptans (prescription), Aspirin.",Consult a neurologist if migraines are frequent and severely disrupt daily life.
"i have loss of smell, fatigue, fever, dry cough",COVID-19,A highly contagious respiratory illness caused by the SARS-CoV-2 virus.,"Isolate, wear a mask, monitor oxygen levels.","Paracetamol, Vitamin C, Zinc, prescribed antivirals if severe.",Seek immediate medical attention if oxygen drops below 94% or you have difficulty breathing.
"weakness, abdominal cramps, diarrhea, fever",Food Poisoning,Illness caused by eating contaminated food.,"Rest, stay hydrated with sips of water or clear broths.","Oral rehydration salts, Bismuth subsalicylate.","Consult a doctor if symptoms last more than a few days, or if you have a very high fever."
"i have sneezing, nasal congestion",Allergic Rhinitis,"An allergic response causing itchy, watery eyes, sneezing, and other similar symptoms.","Avoid allergens (dust, pollen), keep indoors during high pollen seasons.","Antihistamines (Cetirizine, Loratadine), Nasal corticosteroids.",Consult an allergist if symptoms are severe and unresponsive to over-the-counter medicine.
"suffering from weakness, nausea",Food Poisoning,Illness caused by eating contaminated food.,"Rest, stay hydrated with sips of water or clear broths.","Oral rehydration salts, Bismuth subsalicylate.","Consult a doctor if symptoms last more than a few days, or if you have a very high fever."
"i have sweats, dry cough, muscle aches, headache, fatigue, high fever",Influenza (Flu),A viral infection that attacks your respiratory system.,"Strict bed rest, isolate yourself, stay hydrated.","Oseltamivir (if prescribed early), Paracetamol for fever.",Consult a doctor immediately if you experience shortness of breath or persistent chest pain.
"i have dry cough, fever, loss of taste, sore throat, shortness of breath, fatigue, loss of smell",COVID-19,A highly contagious respiratory illness caused by the SARS-CoV-2 virus.,"Isolate, wear a mask, monitor oxygen levels.","Paracetamol, Vitamin C, Zinc, prescribed antivirals if severe.",Seek immediate medical attention if oxygen drops below 94% or you have difficulty breathing.
"chest tightness, rapid breathing, wheezing, coughing episodes",Asthma,A condition in which your airways narrow and swell and may produce extra mucus.,"Avoid triggers (smoke, strong odors), carry an inhaler always.","Bronchodilators (Albuterol inhaler), Inhaled corticosteroids.",Immediate emergency care required for severe shortness of breath or if an inhaler doesn't help.
"severe headache, sensitivity to light, vomiting, throbbing pain, nausea",Migraine,"A neurological condition that can cause multiple symptoms, frequently characterized by intense, debilitating headaches.","Rest in a quiet and dark room, avoid known triggers like caffeine or stress.","Ibuprofen, Triptans (prescription), Aspirin.",Consult a neurologist if migraines are frequent and severely disrupt daily life.
"dry cough, body aches, shortness of breath, sore throat, loss of smell",COVID-19,A highly contagious respiratory illness caused by the SARS-CoV-2 virus.,"Isolate, wear a mask, monitor oxygen levels.","Paracetamol, Vitamin C, Zinc, prescribed antivirals if severe.",Seek immediate medical attention if oxygen drops below 94% or you have difficulty breathing.
"suffering from chest tightness, wheezing, rapid breathing, coughing episodes, shortness of breath",Asthma,A condition in which your airways narrow and swell and may produce extra mucus.,"Avoid triggers (smoke, strong odors), carry an inhaler always.","Bronchodilators (Albuterol inhaler), Inhaled corticosteroids.",Immediate emergency care required for severe shortness of breath or if an inhaler doesn't help.
"i have cough, mild fever, sneezing",Common Cold,A common viral infection of the nose and throat.,"Rest, drink plenty of fluids, wash hands often.","Paracetamol, Ibuprofen, Decongestants, Cough syrup.",Consult if symptoms last more than a week or if you develop a high fever.
"feeling abdominal cramps, nausea, vomiting",Food Poisoning,Illness caused by eating contaminated food.,"Rest, stay hydrated with sips of water or clear broths.","Oral rehydration salts, Bismuth subsalicylate.","Consult a doctor if symptoms last more than a few days, or if you have a very high fever."
"feeling abdominal cramps, nausea, weakness, vomiting, fever",Food Poisoning,Illness caused by eating contaminated food.,"Rest, stay hydrated with sips of water or clear broths.","Oral rehydration salts, Bismuth subsalicylate.","Consult a doctor if symptoms last more than a few days, or if you have a very high fever."
"feeling vomiting, fever",Food Poisoning,Illness caused by eating contaminated food.,"Rest, stay hydrated with sips of water or clear broths.","Oral rehydration salts, Bismuth subsalicylate.","Consult a doctor if symptoms last more than a few days, or if you have a very high fever."
"abdominal cramps, vomiting",Food Poisoning,Illness caused by eating contaminated food.,"Rest, stay hydrated with sips of water or clear broths.","Oral rehydration salts, Bismuth subsalicylate.","Consult a doctor if symptoms last more than a few days, or if you have a very high fever."
"experiencing chills, muscle aches, headache, sweats, high fever, fatigue",Influenza (Flu),A viral infection that attacks your respiratory system.,"Strict bed rest, isolate yourself, stay hydrated.","Oseltamivir (if prescribed early), Paracetamol for fever.",Consult a doctor immediately if you experience shortness of breath or persistent chest pain.
"experiencing nausea, fever, diarrhea, vomiting, weakness, abdominal cramps",Food Poisoning,Illness caused by eating contaminated food.,"Rest, stay hydrated with sips of water or clear broths.","Oral rehydration salts, Bismuth subsalicylate.","Consult a doctor if symptoms last more than a few days, or if you have a very high fever."
"suffering from loss of appetite, stomach pain, headache, prolonged high fever, weakness",Typhoid,"A bacterial infection that can lead to a high fever, diarrhea, and vomiting.","Drink boiled or bottled water, avoid raw foods.","Antibiotics (prescription only), Paracetamol for fever.",Requires immediate medical consultation for a proper antibiotic course.
"cough, congestion, sneezing",Common Cold,A common viral infection of the nose and throat.,"Rest, drink plenty of fluids, wash hands often.","Paracetamol, Ibuprofen, Decongestants, Cough syrup.",Consult if symptoms last more than a week or if you develop a high fever.
"fever, vomiting",Food Poisoning,Illness caused by eating contaminated food.,"Rest, stay hydrated with sips of water or clear broths.","Oral rehydration salts, Bismuth subsalicylate.","Consult a doctor if symptoms last more than a few days, or if you have a very high fever."
"i have rash, severe headache, muscle pain, pain behind eyes, high fever, fatigue, joint pain",Dengue Fever,A mosquito-borne viral disease occurring in tropical and subtropical areas.,"Use mosquito nets, wear long sleeves, use repellents.",Paracetamol for fever. STRICTLY AVOID Aspirin or Ibuprofen.,Hospitalization may be required; consult immediately if experiencing severe abdominal pain or bleeding.
"experiencing pain behind eyes, severe headache, joint pain, muscle pain",Dengue Fever,A mosquito-borne viral disease occurring in tropical and subtropical areas.,"Use mosquito nets, wear long sleeves, use repellents.",Paracetamol for fever. STRICTLY AVOID Aspirin or Ibuprofen.,Hospitalization may be required; consult immediately if experiencing severe abdominal pain or bleeding.
"i have coughing episodes, wheezing",Asthma,A condition in which your airways narrow and swell and may produce extra mucus.,"Avoid triggers (smoke, strong odors), carry an inhaler always.","Bronchodilators (Albuterol inhaler), Inhaled corticosteroids.",Immediate emergency care required for severe shortness of breath or if an inhaler doesn't help.
"i have fatigue, muscle aches",Influenza (Flu),A viral infection that attacks your respiratory system.,"Strict bed rest, isolate yourself, stay hydrated.","Oseltamivir (if prescribed early), Paracetamol for fever.",Consult a doctor immediately if you experience shortness of breath or persistent chest pain.
"feeling itchy eyes, sneezing, nasal congestion, itchy throat, runny nose",Allergic Rhinitis,"An allergic response causing itchy, watery eyes, sneezing, and other similar symptoms.","Avoid allergens (dust, pollen), keep indoors during high pollen seasons.","Antihistamines (Cetirizine, Loratadine), Nasal corticosteroids.",Consult an allergist if symptoms are severe and unresponsive to over-the-counter medicine.
"suffering from headache, sweats",Influenza (Flu),A viral infection that attacks your respiratory system.,"Strict bed rest, isolate yourself, stay hydrated.","Oseltamivir (if prescribed early), Paracetamol for fever.",Consult a doctor immediately if you experience shortness of breath or persistent chest pain.
"i have congestion, sneezing",Common Cold,A common viral infection of the nose and throat.,"Rest, drink plenty of fluids, wash hands often.","Paracetamol, Ibuprofen, Decongestants, Cough syrup.",Consult if symptoms last more than a week or if you develop a high fever.
"suffering from fever, loss of smell, shortness of breath, dry cough, sore throat, fatigue",COVID-19,A highly contagious respiratory illness caused by the SARS-CoV-2 virus.,"Isolate, wear a mask, monitor oxygen levels.","Paracetamol, Vitamin C, Zinc, prescribed antivirals if severe.",Seek immediate medical attention if oxygen drops below 94% or you have difficulty breathing.
"suffering from muscle pain, rash, severe headache",Dengue Fever,A mosquito-borne viral disease occurring in tropical and subtropical areas.,"Use mosquito nets, wear long sleeves, use repellents.",Paracetamol for fever. STRICTLY AVOID Aspirin or Ibuprofen.,Hospitalization may be required; consult immediately if experiencing severe abdominal pain or bleeding.
"experiencing nasal congestion, itchy eyes, sneezing, itchy throat, watery eyes, runny nose",Allergic Rhinitis,"An allergic response causing itchy, watery eyes, sneezing, and other similar symptoms.","Avoid allergens (dust, pollen), keep indoors during high pollen seasons.","Antihistamines (Cetirizine, Loratadine), Nasal corticosteroids.",Consult an allergist if symptoms are severe and unresponsive to over-the-counter medicine.
"suffering from cough, sore throat",Common Cold,A common viral infection of the nose and throat.,"Rest, drink plenty of fluids, wash hands often.","Paracetamol, Ibuprofen, Decongestants, Cough syrup.",Consult if symptoms last more than a week or if you develop a high fever.
"experiencing body aches, loss of taste",COVID-19,A highly contagious respiratory illness caused by the SARS-CoV-2 virus.,"Isolate, wear a mask, monitor oxygen levels.","Paracetamol, Vitamin C, Zinc, prescribed antivirals if severe.",Seek immediate medical attention if oxygen drops below 94% or you have difficulty breathing.
"feeling sore throat, loss of taste, fatigue, body aches, dry cough, loss of smell, shortness of breath, fever",COVID-19,A highly contagious respiratory illness caused by the SARS-CoV-2 virus.,"Isolate, wear a mask, monitor oxygen levels.","Paracetamol, Vitamin C, Zinc, prescribed antivirals if severe.",Seek immediate medical attention if oxygen drops below 94% or you have difficulty breathing.
"body aches, shortness of breath, loss of taste, sore throat, fever, dry cough, loss of smell, fatigue",COVID-19,A highly contagious respiratory illness caused by the SARS-CoV-2 virus.,"Isolate, wear a mask, monitor oxygen levels.","Paracetamol, Vitamin C, Zinc, prescribed antivirals if severe.",Seek immediate medical attention if oxygen drops below 94% or you have difficulty breathing.
"experiencing dry cough, loss of taste, shortness of breath, sore throat, body aches, fever",COVID-19,A highly contagious respiratory illness caused by the SARS-CoV-2 virus.,"Isolate, wear a mask, monitor oxygen levels.","Paracetamol, Vitamin C, Zinc, prescribed antivirals if severe.",Seek immediate medical attention if oxygen drops below 94% or you have difficulty breathing.
"high fever, sweats, chills, fatigue, muscle aches, headache, dry cough",Influenza (Flu),A viral infection that attacks your respiratory system.,"Strict bed rest, isolate yourself, stay hydrated.","Oseltamivir (if prescribed early), Paracetamol for fever.",Consult a doctor immediately if you experience shortness of breath or persistent chest pain.
"i have high fever, fatigue, rash",Dengue Fever,A mosquito-borne viral disease occurring in tropical and subtropical areas.,"Use mosquito nets, wear long sleeves, use repellents.",Paracetamol for fever. STRICTLY AVOID Aspirin or Ibuprofen.,Hospitalization may be required; consult immediately if experiencing severe abdominal pain or bleeding.
"sore throat, mild fever, sneezing, cough, congestion",Common Cold,A common viral infection of the nose and throat.,"Rest, drink plenty of fluids, wash hands often.","Paracetamol, Ibuprofen, Decongestants, Cough syrup.",Consult if symptoms last more than a week or if you develop a high fever.
"feeling shortness of breath, chest tightness, coughing episodes",Asthma,A condition in which your airways narrow and swell and may produce extra mucus.,"Avoid triggers (smoke, strong odors), carry an inhaler always.","Bronchodilators (Albuterol inhaler), Inhaled corticosteroids.",Immediate emergency care required for severe shortness of breath or if an inhaler doesn't help.
"suffering from muscle pain, rash, high fever, severe headache, joint pain, pain behind eyes",Dengue Fever,A mosquito-borne viral disease occurring in tropical and subtropical areas.,"Use mosquito nets, wear long sleeves, use repellents.",Paracetamol for fever. STRICTLY AVOID Aspirin or Ibuprofen.,Hospitalization may be required; consult immediately if experiencing severe abdominal pain or bleeding.
"feeling throbbing pain, sensitivity to light, vomiting, sensitivity to sound, nausea",Migraine,"A neurological condition that can cause multiple symptoms, frequently characterized by intense, debilitating headaches.","Rest in a quiet and dark room, avoid known triggers like caffeine or stress.","Ibuprofen, Triptans (prescription), Aspirin.",Consult a neurologist if migraines are frequent and severely disrupt daily life.
"i have dry cough, headache, sweats, fatigue",Influenza (Flu),A viral infection that attacks your respiratory system.,"Strict bed rest, isolate yourself, stay hydrated.","Oseltamivir (if prescribed early), Paracetamol for fever.",Consult a doctor immediately if you experience shortness of breath or persistent chest pain.
"feeling chest tightness, coughing episodes",Asthma,A condition in which your airways narrow and swell and may produce extra mucus.,"Avoid triggers (smoke, strong odors), carry an inhaler always.","Bronchodilators (Albuterol inhaler), Inhaled corticosteroids.",Immediate emergency care required for severe shortness of breath or if an inhaler doesn't help.
"suffering from shortness of breath, loss of smell, fever, body aches",COVID-19,A highly contagious respiratory illness caused by the SARS-CoV-2 virus.,"Isolate, wear a mask, monitor oxygen levels.","Paracetamol, Vitamin C, Zinc, prescribed antivirals if severe.",Seek immediate medical attention if oxygen drops below 94% or you have difficulty breathing.
"experiencing muscle aches, sweats, high fever, chills, headache, dry cough, fatigue",Influenza (Flu),A viral infection that attacks your respiratory system.,"Strict bed rest, isolate yourself, stay hydrated.","Oseltamivir (if prescribed early), Paracetamol for fever.",Consult a doctor immediately if you experience shortness of breath or persistent chest pain.
"suffering from shortness of breath, coughing episodes, wheezing, rapid breathing, chest tightness",Asthma,A condition in which your airways narrow and swell and may produce extra mucus.,"Avoid triggers (smoke, strong odors), carry an inhaler always.","Bronchodilators (Albuterol inhaler), Inhaled corticosteroids.",Immediate emergency care required for severe shortness of breath or if an inhaler doesn't help.
"experiencing nausea, fever, weakness, abdominal cramps, vomiting, diarrhea",Food Poisoning,Illness caused by eating contaminated food.,"Rest, stay hydrated with sips of water or clear broths.","Oral rehydration salts, Bismuth subsalicylate.","Consult a doctor if symptoms last more than a few days, or if you have a very high fever."
"i have muscle aches, fatigue, dry cough, high fever, sweats, headache, chills",Influenza (Flu),A viral infection that attacks your respiratory system.,"Strict bed rest, isolate yourself, stay hydrated.","Oseltamivir (if prescribed early), Paracetamol for fever.",Consult a doctor immediately if you experience shortness of breath or persistent chest pain.
"i have nausea, vomiting, fever, abdominal cramps, weakness, diarrhea",Food Poisoning,Illness caused by eating contaminated food.,"Rest, stay hydrated with sips of water or clear broths.","Oral rehydration salts, Bismuth subsalicylate.","Consult a doctor if symptoms last more than a few days, or if you have a very high fever."
"feeling high fever, headache, dry cough, sweats, muscle aches",Influenza (Flu),A viral infection that attacks your respiratory system.,"Strict bed rest, isolate yourself, stay hydrated.","Oseltamivir (if prescribed early), Paracetamol for fever.",Consult a doctor immediately if you experience shortness of breath or persistent chest pain.
"headache, loss of appetite, stomach pain, rash",Typhoid,"A bacterial infection that can lead to a high fever, diarrhea, and vomiting.","Drink boiled or bottled water, avoid raw foods.","Antibiotics (prescription only), Paracetamol for fever.",Requires immediate medical consultation for a proper antibiotic course.
"muscle aches, fatigue, chills, sweats, headache",Influenza (Flu),A viral infection that attacks your respiratory system.,"Strict bed rest, isolate yourself, stay hydrated.","Oseltamivir (if prescribed early), Paracetamol for fever.",Consult a doctor immediately if you experience shortness of breath or persistent chest pain.
"experiencing loss of smell, fever, fatigue, shortness of breath, sore throat, dry cough",COVID-19,A highly contagious respiratory illness caused by the SARS-CoV-2 virus.,"Isolate, wear a mask, monitor oxygen levels.","Paracetamol, Vitamin C, Zinc, prescribed antivirals if severe.",Seek immediate medical attention if oxygen drops below 94% or you have difficulty breathing.
"experiencing rash, joint pain",Dengue Fever,A mosquito-borne viral disease occurring in tropical and subtropical areas.,"Use mosquito nets, wear long sleeves, use repellents.",Paracetamol for fever. STRICTLY AVOID Aspirin or Ibuprofen.,Hospitalization may be required; consult immediately if experiencing severe abdominal pain or bleeding.
"i have sore throat, dry cough, loss of smell, fatigue, shortness of breath, loss of taste, fever, body aches",COVID-19,A highly contagious respiratory illness caused by the SARS-CoV-2 virus.,"Isolate, wear a mask, monitor oxygen levels.","Paracetamol, Vitamin C, Zinc, prescribed antivirals if severe.",Seek immediate medical attention if oxygen drops below 94% or you have difficulty breathing.
"i have itchy throat, runny nose",Allergic Rhinitis,"An allergic response causing itchy, watery eyes, sneezing, and other similar symptoms.","Avoid allergens (dust, pollen), keep indoors during high pollen seasons.","Antihistamines (Cetirizine, Loratadine), Nasal corticosteroids.",Consult an allergist if symptoms are severe and unresponsive to over-the-counter medicine.
"suffering from low-grade fever, vomiting, diarrhea, stomach cramps, muscle aches",Gastroenteritis (Stomach Flu),"An intestinal infection marked by diarrhea, cramps, nausea, vomiting, and fever.","Stay hydrated, eat bland foods, wash hands thoroughly.","Oral rehydration salts (ORS), Loperamide (if advised).","Consult if you cannot keep liquids down for 24 hours, or if there is blood in stool."
"suffering from sneezing, runny nose, itchy throat, nasal congestion",Allergic Rhinitis,"An allergic response causing itchy, watery eyes, sneezing, and other similar symptoms.","Avoid allergens (dust, pollen), keep indoors during high pollen seasons.","Antihistamines (Cetirizine, Loratadine), Nasal corticosteroids.",Consult an allergist if symptoms are severe and unresponsive to over-the-counter medicine.
"i have dry cough, muscle aches, chills, fatigue",Influenza (Flu),A viral infection that attacks your respiratory system.,"Strict bed rest, isolate yourself, stay hydrated.","Oseltamivir (if prescribed early), Paracetamol for fever.",Consult a doctor immediately if you experience shortness of breath or persistent chest pain.
"feeling coughing episodes, chest tightness",Asthma,A condition in which your airways narrow and swell and may produce extra mucus.,"Avoid triggers (smoke, strong odors), carry an inhaler always.","Bronchodilators (Albuterol inhaler), Inhaled corticosteroids.",Immediate emergency care required for severe shortness of breath or if an inhaler doesn't help.
"suffering from shortness of breath, rapid breathing, chest tightness",Asthma,A condition in which your airways narrow and swell and may produce extra mucus.,"Avoid triggers (smoke, strong odors), carry an inhaler always.","Bronchodilators (Albuterol inhaler), Inhaled corticosteroids.",Immediate emergency care required for severe shortness of breath or if an inhaler doesn't help.
"feeling sensitivity to light, vomiting, sensitivity to sound",Migraine,"A neurological condition that can cause multiple symptoms, frequently characterized by intense, debilitating headaches.","Rest in a quiet and dark room, avoid known triggers like caffeine or stress.","Ibuprofen, Triptans (prescription), Aspirin.",Consult a neurologist if migraines are frequent and severely disrupt daily life.
"suffering from severe headache, sensitivity to sound, nausea",Migraine,"A neurological condition that can cause multiple symptoms, frequently characterized by intense, debilitating headaches.","Rest in a quiet and dark room, avoid known triggers like caffeine or stress.","Ibuprofen, Triptans (prescription), Aspirin.",Consult a neurologist if migraines are frequent and severely disrupt daily life.
"abdominal cramps, nausea, vomiting",Food Poisoning,Illness caused by eating contaminated food.,"Rest, stay hydrated with sips of water or clear broths.","Oral rehydration salts, Bismuth subsalicylate.","Consult a doctor if symptoms last more than a few days, or if you have a very high fever."
"suffering from severe headache, throbbing pain, vomiting, sensitivity to sound, nausea",Migraine,"A neurological condition that can cause multiple symptoms, frequently characterized by intense, debilitating headaches.","Rest in a quiet and dark room, avoid known triggers like caffeine or stress.","Ibuprofen, Triptans (prescription), Aspirin.",Consult a neurologist if migraines are frequent and severely disrupt daily life.
"rash, stomach pain, weakness, prolonged high fever",Typhoid,"A bacterial infection that can lead to a high fever, diarrhea, and vomiting.","Drink boiled or bottled water, avoid raw foods.","Antibiotics (prescription only), Paracetamol for fever.",Requires immediate medical consultation for a proper antibiotic course.
"experiencing headache, high fever, fatigue",Influenza (Flu),A viral infection that attacks your respiratory system.,"Strict bed rest, isolate yourself, stay hydrated.","Oseltamivir (if prescribed early), Paracetamol for fever.",Consult a doctor immediately if you experience shortness of breath or persistent chest pain.
"experiencing wheezing, chest tightness, coughing episodes, shortness of breath",Asthma,A condition in which your airways narrow and swell and may produce extra mucus.,"Avoid triggers (smoke, strong odors), carry an inhaler always.","Bronchodilators (Albuterol inhaler), Inhaled corticosteroids.",Immediate emergency care required for severe shortness of breath or if an inhaler doesn't help.
"nausea, muscle aches",Gastroenteritis (Stomach Flu),"An intestinal infection marked by diarrhea, cramps, nausea, vomiting, and fever.","Stay hydrated, eat bland foods, wash hands thoroughly.","Oral rehydration salts (ORS), Loperamide (if advised).","Consult if you cannot keep liquids down for 24 hours, or if there is blood in stool."
"feeling shortness of breath, sore throat, fatigue, loss of taste, dry cough, fever, loss of smell",COVID-19,A highly contagious respiratory illness caused by the SARS-CoV-2 virus.,"Isolate, wear a mask, monitor oxygen levels.","Paracetamol, Vitamin C, Zinc, prescribed antivirals if severe.",Seek immediate medical attention if oxygen drops below 94% or you have difficulty breathing.
"i have weakness, abdominal cramps, nausea, fever, vomiting",Food Poisoning,Illness caused by eating contaminated food.,"Rest, stay hydrated with sips of water or clear broths.","Oral rehydration salts, Bismuth subsalicylate.","Consult a doctor if symptoms last more than a few days, or if you have a very high fever."
"feeling sweats, dry cough",Influenza (Flu),A viral infection that attacks your respiratory system.,"Strict bed rest, isolate yourself, stay hydrated.","Oseltamivir (if prescribed early), Paracetamol for fever.",Consult a doctor immediately if you experience shortness of breath or persistent chest pain.
"suffering from sweats, high fever, headache, muscle aches, chills, fatigue, dry cough",Influenza (Flu),A viral infection that attacks your respiratory system.,"Strict bed rest, isolate yourself, stay hydrated.","Oseltamivir (if prescribed early), Paracetamol for fever.",Consult a doctor immediately if you experience shortness of breath or persistent chest pain.
"experiencing rash, loss of appetite, stomach pain",Typhoid,"A bacterial infection that can lead to a high fever, diarrhea, and vomiting.","Drink boiled or bottled water, avoid raw foods.","Antibiotics (prescription only), Paracetamol for fever.",Requires immediate medical consultation for a proper antibiotic course.
"experiencing chest tightness, shortness of breath, coughing episodes",Asthma,A condition in which your airways narrow and swell and may produce extra mucus.,"Avoid triggers (smoke, strong odors), carry an inhaler always.","Bronchodilators (Albuterol inhaler), Inhaled corticosteroids.",Immediate emergency care required for severe shortness of breath or if an inhaler doesn't help.
"nasal congestion, itchy eyes, sneezing, watery eyes, itchy throat",Allergic Rhinitis,"An allergic response causing itchy, watery eyes, sneezing, and other similar symptoms.","Avoid allergens (dust, pollen), keep indoors during high pollen seasons.","Antihistamines (Cetirizine, Loratadine), Nasal corticosteroids.",Consult an allergist if symptoms are severe and unresponsive to over-the-counter medicine.
"loss of appetite, rash, weakness",Typhoid,"A bacterial infection that can lead to a high fever, diarrhea, and vomiting.","Drink boiled or bottled water, avoid raw foods.","Antibiotics (prescription only), Paracetamol for fever.",Requires immediate medical consultation for a proper antibiotic course.
"coughing episodes, shortness of breath, rapid breathing",Asthma,A condition in which your airways narrow and swell and may produce extra mucus.,"Avoid triggers (smoke, strong odors), carry an inhaler always.","Bronchodilators (Albuterol inhaler), Inhaled corticosteroids.",Immediate emergency care required for severe shortness of breath or if an inhaler doesn't help.
"suffering from loss of appetite, weakness, rash, stomach pain, headache, prolonged high fever",Typhoid,"A bacterial infection that can lead to a high fever, diarrhea, and vomiting.","Drink boiled or bottled water, avoid raw foods.","Antibiotics (prescription only), Paracetamol for fever.",Requires immediate medical consultation for a proper antibiotic course.
"low-grade fever, diarrhea, stomach cramps",Gastroenteritis (Stomach Flu),"An intestinal infection marked by diarrhea, cramps, nausea, vomiting, and fever.","Stay hydrated, eat bland foods, wash hands thoroughly.","Oral rehydration salts (ORS), Loperamide (if advised).","Consult if you cannot keep liquids down for 24 hours, or if there is blood in stool."
"feeling shortness of breath, wheezing",Asthma,A condition in which your airways narrow and swell and may produce extra mucus.,"Avoid triggers (smoke, strong odors), carry an inhaler always.","Bronchodilators (Albuterol inhaler), Inhaled corticosteroids.",Immediate emergency care required for severe shortness of breath or if an inhaler doesn't help.
"suffering from throbbing pain, severe headache, nausea",Migraine,"A neurological condition that can cause multiple symptoms, frequently characterized by intense, debilitating headaches.","Rest in a quiet and dark room, avoid known triggers like caffeine or stress.","Ibuprofen, Triptans (prescription), Aspirin.",Consult a neurologist if migraines are frequent and severely disrupt daily life.
"experiencing joint pain, severe headache, rash, pain behind eyes, high fever, fatigue",Dengue Fever,A mosquito-borne viral disease occurring in tropical and subtropical areas.,"Use mosquito nets, wear long sleeves, use repellents.",Paracetamol for fever. STRICTLY AVOID Aspirin or Ibuprofen.,Hospitalization may be required; consult immediately if experiencing severe abdominal pain or bleeding.
"nausea, muscle aches, diarrhea, stomach cramps",Gastroenteritis (Stomach Flu),"An intestinal infection marked by diarrhea, cramps, nausea, vomiting, and fever.","Stay hydrated, eat bland foods, wash hands thoroughly.","Oral rehydration salts (ORS), Loperamide (if advised).","Consult if you cannot keep liquids down for 24 hours, or if there is blood in stool."
"diarrhea, abdominal cramps",Food Poisoning,Illness caused by eating contaminated food.,"Rest, stay hydrated with sips of water or clear broths.","Oral rehydration salts, Bismuth subsalicylate.","Consult a doctor if symptoms last more than a few days, or if you have a very high fever."
"experiencing itchy eyes, sneezing, runny nose",Allergic Rhinitis,"An allergic response causing itchy, watery eyes, sneezing, and other similar symptoms.","Avoid allergens (dust, pollen), keep indoors during high pollen seasons.","Antihistamines (Cetirizine, Loratadine), Nasal corticosteroids.",Consult an allergist if symptoms are severe and unresponsive to over-the-counter medicine.
"feeling loss of taste, fever, body aches, fatigue, loss of smell, shortness of breath, sore throat",COVID-19,A highly contagious respiratory illness caused by the SARS-CoV-2 virus.,"Isolate, wear a mask, monitor oxygen levels.","Paracetamol, Vitamin C, Zinc, prescribed antivirals if severe.",Seek immediate medical attention if oxygen drops below 94% or you have difficulty breathing.
"i have muscle pain, severe headache, pain behind eyes, high fever, fatigue, joint pain",Dengue Fever,A mosquito-borne viral disease occurring in tropical and subtropical areas.,"Use mosquito nets, wear long sleeves, use repellents.",Paracetamol for fever. STRICTLY AVOID Aspirin or Ibuprofen.,Hospitalization may be required; consult immediately if experiencing severe abdominal pain or bleeding.
"experiencing sore throat, runny nose, cough, congestion, sneezing",Common Cold,A common viral infection of the nose and throat.,"Rest, drink plenty of fluids, wash hands often.","Paracetamol, Ibuprofen, Decongestants, Cough syrup.",Consult if symptoms last more than a week or if you develop a high fever.
"suffering from sensitivity to sound, throbbing pain, severe headache, nausea",Migraine,"A neurological condition that can cause multiple symptoms, frequently characterized by intense, debilitating headaches.","Rest in a quiet and dark room, avoid known triggers like caffeine or stress.","Ibuprofen, Triptans (prescription), Aspirin.",Consult a neurologist if migraines are frequent and severely disrupt daily life.
"shortness of breath, rapid breathing, coughing episodes, chest tightness, wheezing",Asthma,A condition in which your airways narrow and swell and may produce extra mucus.,"Avoid triggers (smoke, strong odors), carry an inhaler always.","Bronchodilators (Albuterol inhaler), Inhaled corticosteroids.",Immediate emergency care required for severe shortness of breath or if an inhaler doesn't help.
"itchy throat, nasal congestion, sneezing, runny nose",Allergic Rhinitis,"An allergic response causing itchy, watery eyes, sneezing, and other similar symptoms.","Avoid allergens (dust, pollen), keep indoors during high pollen seasons.","Antihistamines (Cetirizine, Loratadine), Nasal corticosteroids.",Consult an allergist if symptoms are severe and unresponsive to over-the-counter medicine.
"high fever, fatigue, rash, pain behind eyes, muscle pain, joint pain",Dengue Fever,A mosquito-borne viral disease occurring in tropical and subtropical areas.,"Use mosquito nets, wear long sleeves, use repellents.",Paracetamol for fever. STRICTLY AVOID Aspirin or Ibuprofen.,Hospitalization may be required; consult immediately if experiencing severe abdominal pain or bleeding.
"experiencing high fever, fatigue, pain behind eyes, severe headache, rash, joint pain, muscle pain",Dengue Fever,A mosquito-borne viral disease occurring in tropical and subtropical areas.,"Use mosquito nets, wear long sleeves, use repellents.",Paracetamol for fever. STRICTLY AVOID Aspirin or Ibuprofen.,Hospitalization may be required; consult immediately if experiencing severe abdominal pain or bleeding.
"suffering from watery eyes, itchy eyes, itchy throat, runny nose, sneezing, nasal congestion",Allergic Rhinitis,"An allergic response causing itchy, watery eyes, sneezing, and other similar symptoms.","Avoid allergens (dust, pollen), keep indoors during high pollen seasons.","Antihistamines (Cetirizine, Loratadine), Nasal corticosteroids.",Consult an allergist if symptoms are severe and unresponsive to over-the-counter medicine.
"i have vomiting, muscle aches, nausea, diarrhea, stomach cramps",Gastroenteritis (Stomach Flu),"An intestinal infection marked by diarrhea, cramps, nausea, vomiting, and fever.","Stay hydrated, eat bland foods, wash hands thoroughly.","Oral rehydration salts (ORS), Loperamide (if advised).","Consult if you cannot keep liquids down for 24 hours, or if there is blood in stool."
"suffering from fever, diarrhea, nausea",Food Poisoning,Illness caused by eating contaminated food.,"Rest, stay hydrated with sips of water or clear broths.","Oral rehydration salts, Bismuth subsalicylate.","Consult a doctor if symptoms last more than a few days, or if you have a very high fever."
"experiencing fever, loss of smell, loss of taste",COVID-19,A highly contagious respiratory illness caused by the SARS-CoV-2 virus.,"Isolate, wear a mask, monitor oxygen levels.","Paracetamol, Vitamin C, Zinc, prescribed antivirals if severe.",Seek immediate medical attention if oxygen drops below 94% or you have difficulty breathing.
"i have weakness, diarrhea",Food Poisoning,Illness caused by eating contaminated food.,"Rest, stay hydrated with sips of water or clear broths.","Oral rehydration salts, Bismuth subsalicylate.","Consult a doctor if symptoms last more than a few days, or if you have a very high fever."
"suffering from rash, severe headache, high fever, fatigue, joint pain",Dengue Fever,A mosquito-borne viral disease occurring in tropical and subtropical areas.,"Use mosquito nets, wear long sleeves, use repellents.",Paracetamol for fever. STRICTLY AVOID Aspirin or Ibuprofen.,Hospitalization may be required; consult immediately if experiencing severe abdominal pain or bleeding.
"experiencing mild fever, sore throat, cough, runny nose, congestion",Common Cold,A common viral infection of the nose and throat.,"Rest, drink plenty of fluids, wash hands often.","Paracetamol, Ibuprofen, Decongestants, Cough syrup.",Consult if symptoms last more than a week or if you develop a high fever.
"stomach pain, headache, loss of appetite, rash",Typhoid,"A bacterial infection that can lead to a high fever, diarrhea, and vomiting.","Drink boiled or bottled water, avoid raw foods.","Antibiotics (prescription only), Paracetamol for fever.",Requires immediate medical consultation for a proper antibiotic course.
"experiencing dry cough, muscle aches, high fever, chills, fatigue, sweats, headache",Influenza (Flu),A viral infection that attacks your respiratory system.,"Strict bed rest, isolate yourself, stay hydrated.","Oseltamivir (if prescribed early), Paracetamol for fever.",Consult a doctor immediately if you experience shortness of breath or persistent chest pain.
"i have high fever, dry cough",Influenza (Flu),A viral infection that attacks your respiratory system.,"Strict bed rest, isolate yourself, stay hydrated.","Oseltamivir (if prescribed early), Paracetamol for fever.",Consult a doctor immediately if you experience shortness of breath or persistent chest pain.
"suffering from nasal congestion, itchy eyes, itchy throat, sneezing",Allergic Rhinitis,"An allergic response causing itchy, watery eyes, sneezing, and other similar symptoms.","Avoid allergens (dust, pollen), keep indoors during high pollen seasons.","Antihistamines (Cetirizine, Loratadine), Nasal corticosteroids.",Consult an allergist if symptoms are severe and unresponsive to over-the-counter medicine.
"experiencing nausea, weakness, vomiting",Food Poisoning,Illness caused by eating contaminated food.,"Rest, stay hydrated with sips of water or clear broths.","Oral rehydration salts, Bismuth subsalicylate.","Consult a doctor if symptoms last more than a few days, or if you have a very high fever."
"suffering from nausea, abdominal cramps, diarrhea",Food Poisoning,Illness caused by eating contaminated food.,"Rest, stay hydrated with sips of water or clear broths.","Oral rehydration salts, Bismuth subsalicylate.","Consult a doctor if symptoms last more than a few days, or if you have a very high fever."
"experiencing vomiting, weakness, abdominal cramps",Food Poisoning,Illness caused by eating contaminated food.,"Rest, stay hydrated with sips of water or clear broths.","Oral rehydration salts, Bismuth subsalicylate.","Consult a doctor if symptoms last more than a few days, or if you have a very high fever."
"suffering from muscle pain, rash, severe headache",Dengue Fever,A mosquito-borne viral disease occurring in tropical and subtropical areas.,"Use mosquito nets, wear long sleeves, use repellents.",Paracetamol for fever. STRICTLY AVOID Aspirin or Ibuprofen.,Hospitalization may be required; consult immediately if experiencing severe abdominal pain or bleeding.
"feeling vomiting, nausea, stomach cramps, low-grade fever",Gastroenteritis (Stomach Flu),"An intestinal infection marked by diarrhea, cramps, nausea, vomiting, and fever.","Stay hydrated, eat bland foods, wash hands thoroughly.","Oral rehydration salts (ORS), Loperamide (if advised).","Consult if you cannot keep liquids down for 24 hours, or if there is blood in stool."
"experiencing fever, loss of taste, dry cough, fatigue, loss of smell, shortness of breath",COVID-19,A highly contagious respiratory illness caused by the SARS-CoV-2 virus.,"Isolate, wear a mask, monitor oxygen levels.","Paracetamol, Vitamin C, Zinc, prescribed antivirals if severe.",Seek immediate medical attention if oxygen drops below 94% or you have difficulty breathing.
"suffering from chills, dry cough, high fever",Influenza (Flu),A viral infection that attacks your respiratory system.,"Strict bed rest, isolate yourself, stay hydrated.","Oseltamivir (if prescribed early), Paracetamol for fever.",Consult a doctor immediately if you experience shortness of breath or persistent chest pain.
"feeling severe headache, throbbing pain, nausea, sensitivity to light, sensitivity to sound, vomiting",Migraine,"A neurological condition that can cause multiple symptoms, frequently characterized by intense, debilitating headaches.","Rest in a quiet and dark room, avoid known triggers like caffeine or stress.","Ibuprofen, Triptans (prescription), Aspirin.",Consult a neurologist if migraines are frequent and severely disrupt daily life.
"feeling loss of taste, fever",COVID-19,A highly contagious respiratory illness caused by the SARS-CoV-2 virus.,"Isolate, wear a mask, monitor oxygen levels.","Paracetamol, Vitamin C, Zinc, prescribed antivirals if severe.",Seek immediate medical attention if oxygen drops below 94% or you have difficulty breathing.
"suffering from watery eyes, itchy throat, nasal congestion, itchy eyes",Allergic Rhinitis,"An allergic response causing itchy, watery eyes, sneezing, and other similar symptoms.","Avoid allergens (dust, pollen), keep indoors during high pollen seasons.","Antihistamines (Cetirizine, Loratadine), Nasal corticosteroids.",Consult an allergist if symptoms are severe and unresponsive to over-the-counter medicine.
"shortness of breath, wheezing",Asthma,A condition in which your airways narrow and swell and may produce extra mucus.,"Avoid triggers (smoke, strong odors), carry an inhaler always.","Bronchodilators (Albuterol inhaler), Inhaled corticosteroids.",Immediate emergency care required for severe shortness of breath or if an inhaler doesn't help.
"suffering from prolonged high fever, loss of appetite, headache, rash, stomach pain, weakness",Typhoid,"A bacterial infection that can lead to a high fever, diarrhea, and vomiting.","Drink boiled or bottled water, avoid raw foods.","Antibiotics (prescription only), Paracetamol for fever.",Requires immediate medical consultation for a proper antibiotic course.
"suffering from sensitivity to light, vomiting",Migraine,"A neurological condition that can cause multiple symptoms, frequently characterized by intense, debilitating headaches.","Rest in a quiet and dark room, avoid known triggers like caffeine or stress.","Ibuprofen, Triptans (prescription), Aspirin.",Consult a neurologist if migraines are frequent and severely disrupt daily life.
"experiencing sore throat, dry cough, body aches",COVID-19,A highly contagious respiratory illness caused by the SARS-CoV-2 virus.,"Isolate, wear a mask, monitor oxygen levels.","Paracetamol, Vitamin C, Zinc, prescribed antivirals if severe.",Seek immediate medical attention if oxygen drops below 94% or you have difficulty breathing.
"suffering from watery eyes, nasal congestion, itchy throat, runny nose, sneezing",Allergic Rhinitis,"An allergic response causing itchy, watery eyes, sneezing, and other similar symptoms.","Avoid allergens (dust, pollen), keep indoors during high pollen seasons.","Antihistamines (Cetirizine, Loratadine), Nasal corticosteroids.",Consult an allergist if symptoms are severe and unresponsive to over-the-counter medicine.
"rash, severe headache, pain behind eyes, high fever",Dengue Fever,A mosquito-borne viral disease occurring in tropical and subtropical areas.,"Use mosquito nets, wear long sleeves, use repellents.",Paracetamol for fever. STRICTLY AVOID Aspirin or Ibuprofen.,Hospitalization may be required; consult immediately if experiencing severe abdominal pain or bleeding.
"i have mild fever, cough, congestion",Common Cold,A common viral infection of the nose and throat.,"Rest, drink plenty of fluids, wash hands often.","Paracetamol, Ibuprofen, Decongestants, Cough syrup.",Consult if symptoms last more than a week or if you develop a high fever.
"experiencing wheezing, coughing episodes, shortness of breath, rapid breathing",Asthma,A condition in which your airways narrow and swell and may produce extra mucus.,"Avoid triggers (smoke, strong odors), carry an inhaler always.","Bronchodilators (Albuterol inhaler), Inhaled corticosteroids.",Immediate emergency care required for severe shortness of breath or if an inhaler doesn't help.
"experiencing pain behind eyes, severe headache, high fever, joint pain, fatigue, rash, muscle pain",Dengue Fever,A mosquito-borne viral disease occurring in tropical and subtropical areas.,"Use mosquito nets, wear long sleeves, use repellents.",Paracetamol for fever. STRICTLY AVOID Aspirin or Ibuprofen.,Hospitalization may be required; consult immediately if experiencing severe abdominal pain or bleeding.
"i have chills, sweats, muscle aches, dry cough, headache",Influenza (Flu),A viral infection that attacks your respiratory system.,"Strict bed rest, isolate yourself, stay hydrated.","Oseltamivir (if prescribed early), Paracetamol for fever.",Consult a doctor immediately if you experience shortness of breath or persistent chest pain.
"i have nausea, throbbing pain, sensitivity to sound, vomiting",Migraine,"A neurological condition that can cause multiple symptoms, frequently characterized by intense, debilitating headaches.","Rest in a quiet and dark room, avoid known triggers like caffeine or stress.","Ibuprofen, Triptans (prescription), Aspirin.",Consult a neurologist if migraines are frequent and severely disrupt daily life.
"experiencing fatigue, rash, high fever, severe headache, muscle pain",Dengue Fever,A mosquito-borne viral disease occurring in tropical and subtropical areas.,"Use mosquito nets, wear long sleeves, use repellents.",Paracetamol for fever. STRICTLY AVOID Aspirin or Ibuprofen.,Hospitalization may be required; consult immediately if experiencing severe abdominal pain or bleeding.
"suffering from headache, prolonged high fever, loss of appetite, stomach pain, rash",Typhoid,"A bacterial infection that can lead to a high fever, diarrhea, and vomiting.","Drink boiled or bottled water, avoid raw foods.","Antibiotics (prescription only), Paracetamol for fever.",Requires immediate medical consultation for a proper antibiotic course.
"experiencing cough, runny nose",Common Cold,A common viral infection of the nose and throat.,"Rest, drink plenty of fluids, wash hands often.","Paracetamol, Ibuprofen, Decongestants, Cough syrup.",Consult if symptoms last more than a week or if you develop a high fever.
"feeling low-grade fever, vomiting, stomach cramps",Gastroenteritis (Stomach Flu),"An intestinal infection marked by diarrhea, cramps, nausea, vomiting, and fever.","Stay hydrated, eat bland foods, wash hands thoroughly.","Oral rehydration salts (ORS), Loperamide (if advised).","Consult if you cannot keep liquids down for 24 hours, or if there is blood in stool."
"feeling sensitivity to sound, vomiting",Migraine,"A neurological condition that can cause multiple symptoms, frequently characterized by intense, debilitating headaches.","Rest in a quiet and dark room, avoid known triggers like caffeine or stress.","Ibuprofen, Triptans (prescription), Aspirin.",Consult a neurologist if migraines are frequent and severely disrupt daily life.
"i have dry cough, sweats, chills, headache, muscle aches, high fever",Influenza (Flu),A viral infection that attacks your respiratory system.,"Strict bed rest, isolate yourself, stay hydrated.","Oseltamivir (if prescribed early), Paracetamol for fever.",Consult a doctor immediately if you experience shortness of breath or persistent chest pain.
"feeling abdominal cramps, diarrhea, vomiting",Food Poisoning,Illness caused by eating contaminated food.,"Rest, stay hydrated with sips of water or clear broths.","Oral rehydration salts, Bismuth subsalicylate.","Consult a doctor if symptoms last more than a few days, or if you have a very high fever."
"feeling watery eyes, itchy throat, sneezing, runny nose, nasal congestion, itchy eyes",Allergic Rhinitis,"An allergic response causing itchy, watery eyes, sneezing, and other similar symptoms.","Avoid allergens (dust, pollen), keep indoors during high pollen seasons.","Antihistamines (Cetirizine, Loratadine), Nasal corticosteroids.",Consult an allergist if symptoms are severe and unresponsive to over-the-counter medicine.
"suffering from sensitivity to light, severe headache, vomiting, nausea, sensitivity to sound",Migraine,"A neurological condition that can cause multiple symptoms, frequently characterized by intense, debilitating headaches.","Rest in a quiet and dark room, avoid known triggers like caffeine or stress.","Ibuprofen, Triptans (prescription), Aspirin.",Consult a neurologist if migraines are frequent and severely disrupt daily life.
"i have muscle pain, joint pain, fatigue, rash, pain behind eyes, severe headache, high fever",Dengue Fever,A mosquito-borne viral disease occurring in tropical and subtropical areas.,"Use mosquito nets, wear long sleeves, use repellents.",Paracetamol for fever. STRICTLY AVOID Aspirin or Ibuprofen.,Hospitalization may be required; consult immediately if experiencing severe abdominal pain or bleeding.
"i have weakness, vomiting, abdominal cramps, nausea, diarrhea, fever",Food Poisoning,Illness caused by eating contaminated food.,"Rest, stay hydrated with sips of water or clear broths.","Oral rehydration salts, Bismuth subsalicylate.","Consult a doctor if symptoms last more than a few days, or if you have a very high fever."
"suffering from congestion, sore throat, cough, sneezing, mild fever",Common Cold,A common viral infection of the nose and throat.,"Rest, drink plenty of fluids, wash hands often.","Paracetamol, Ibuprofen, Decongestants, Cough syrup.",Consult if symptoms last more than a week or if you develop a high fever.
"i have sensitivity to sound, throbbing pain",Migraine,"A neurological condition that can cause multiple symptoms, frequently characterized by intense, debilitating headaches.","Rest in a quiet and dark room, avoid known triggers like caffeine or stress.","Ibuprofen, Triptans (prescription), Aspirin.",Consult a neurologist if migraines are frequent and severely disrupt daily life.
"experiencing sweats, dry cough",Influenza (Flu),A viral infection that attacks your respiratory system.,"Strict bed rest, isolate yourself, stay hydrated.","Oseltamivir (if prescribed early), Paracetamol for fever.",Consult a doctor immediately if you experience shortness of breath or persistent chest pain.
"runny nose, cough, sore throat",Common Cold,A common viral infection of the nose and throat.,"Rest, drink plenty of fluids, wash hands often.","Paracetamol, Ibuprofen, Decongestants, Cough syrup.",Consult if symptoms last more than a week or if you develop a high fever.
"suffering from sore throat, shortness of breath, dry cough, fatigue, fever, loss of taste",COVID-19,A highly contagious respiratory illness caused by the SARS-CoV-2 virus.,"Isolate, wear a mask, monitor oxygen levels.","Paracetamol, Vitamin C, Zinc, prescribed antivirals if severe.",Seek immediate medical attention if oxygen drops below 94% or you have difficulty breathing.
"experiencing fever, vomiting",Food Poisoning,Illness caused by eating contaminated food.,"Rest, stay hydrated with sips of water or clear broths.","Oral rehydration salts, Bismuth subsalicylate.","Consult a doctor if symptoms last more than a few days, or if you have a very high fever."
"suffering from rash, prolonged high fever, headache, loss of appetite",Typhoid,"A bacterial infection that can lead to a high fever, diarrhea, and vomiting.","Drink boiled or bottled water, avoid raw foods.","Antibiotics (prescription only), Paracetamol for fever.",Requires immediate medical consultation for a proper antibiotic course.
"suffering from stomach cramps, low-grade fever, nausea, diarrhea, muscle aches, vomiting",Gastroenteritis (Stomach Flu),"An intestinal infection marked by diarrhea, cramps, nausea, vomiting, and fever.","Stay hydrated, eat bland foods, wash hands thoroughly.","Oral rehydration salts (ORS), Loperamide (if advised).","Consult if you cannot keep liquids down for 24 hours, or if there is blood in stool."
"feeling diarrhea, nausea, low-grade fever, stomach cramps",Gastroenteritis (Stomach Flu),"An intestinal infection marked by diarrhea, cramps, nausea, vomiting, and fever.","Stay hydrated, eat bland foods, wash hands thoroughly.","Oral rehydration salts (ORS), Loperamide (if advised).","Consult if you cannot keep liquids down for 24 hours, or if there is blood in stool."
"feeling loss of appetite, prolonged high fever, weakness",Typhoid,"A bacterial infection that can lead to a high fever, diarrhea, and vomiting.","Drink boiled or bottled water, avoid raw foods.","Antibiotics (prescription only), Paracetamol for fever.",Requires immediate medical consultation for a proper antibiotic course.
"i have rapid breathing, shortness of breath, coughing episodes",Asthma,A condition in which your airways narrow and swell and may produce extra mucus.,"Avoid triggers (smoke, strong odors), carry an inhaler always.","Bronchodilators (Albuterol inhaler), Inhaled corticosteroids.",Immediate emergency care required for severe shortness of breath or if an inhaler doesn't help.
"suffering from wheezing, chest tightness, rapid breathing, shortness of breath, coughing episodes",Asthma,A condition in which your airways narrow and swell and may produce extra mucus.,"Avoid triggers (smoke, strong odors), carry an inhaler always.","Bronchodilators (Albuterol inhaler), Inhaled corticosteroids.",Immediate emergency care required for severe shortness of breath or if an inhaler doesn't help.
"i have diarrhea, fever, nausea, vomiting",Food Poisoning,Illness caused by eating contaminated food.,"Rest, stay hydrated with sips of water or clear broths.","Oral rehydration salts, Bismuth subsalicylate.","Consult a doctor if symptoms last more than a few days, or if you have a very high fever."
"suffering from dry cough, loss of taste",COVID-19,A highly contagious respiratory illness caused by the SARS-CoV-2 virus.,"Isolate, wear a mask, monitor oxygen levels.","Paracetamol, Vitamin C, Zinc, prescribed antivirals if severe.",Seek immediate medical attention if oxygen drops below 94% or you have difficulty breathing.
"feeling vomiting, low-grade fever, diarrhea, stomach cramps, nausea",Gastroenteritis (Stomach Flu),"An intestinal infection marked by diarrhea, cramps, nausea, vomiting, and fever.","Stay hydrated, eat bland foods, wash hands thoroughly.","Oral rehydration salts (ORS), Loperamide (if advised).","Consult if you cannot keep liquids down for 24 hours, or if there is blood in stool."
"experiencing nausea, throbbing pain, severe headache, vomiting, sensitivity to light, sensitivity to sound",Migraine,"A neurological condition that can cause multiple symptoms, frequently characterized by intense, debilitating headaches.","Rest in a quiet and dark room, avoid known triggers like caffeine or stress.","Ibuprofen, Triptans (prescription), Aspirin.",Consult a neurologist if migraines are frequent and severely disrupt daily life.
"suffering from diarrhea, vomiting",Gastroenteritis (Stomach Flu),"An intestinal infection marked by diarrhea, cramps, nausea, vomiting, and fever.","Stay hydrated, eat bland foods, wash hands thoroughly.","Oral rehydration salts (ORS), Loperamide (if advised).","Consult if you cannot keep liquids down for 24 hours, or if there is blood in stool."
"feeling sore throat, mild fever",Common Cold,A common viral infection of the nose and throat.,"Rest, drink plenty of fluids, wash hands often.","Paracetamol, Ibuprofen, Decongestants, Cough syrup.",Consult if symptoms last more than a week or if you develop a high fever.
"i have vomiting, fever, weakness",Food Poisoning,Illness caused by eating contaminated food.,"Rest, stay hydrated with sips of water or clear broths.","Oral rehydration salts, Bismuth subsalicylate.","Consult a doctor if symptoms last more than a few days, or if you have a very high fever."
"suffering from vomiting, diarrhea, weakness, nausea, fever, abdominal cramps",Food Poisoning,Illness caused by eating contaminated food.,"Rest, stay hydrated with sips of water or clear broths.","Oral rehydration salts, Bismuth subsalicylate.","Consult a doctor if symptoms last more than a few days, or if you have a very high fever."
"suffering from sore throat, fever, loss of taste, fatigue, body aches, loss of smell",COVID-19,A highly contagious respiratory illness caused by the SARS-CoV-2 virus.,"Isolate, wear a mask, monitor oxygen levels.","Paracetamol, Vitamin C, Zinc, prescribed antivirals if severe.",Seek immediate medical attention if oxygen drops below 94% or you have difficulty breathing.
"experiencing fatigue, body aches",COVID-19,A highly contagious respiratory illness caused by the SARS-CoV-2 virus.,"Isolate, wear a mask, monitor oxygen levels.","Paracetamol, Vitamin C, Zinc, prescribed antivirals if severe.",Seek immediate medical attention if oxygen drops below 94% or you have difficulty breathing.
"experiencing fever, diarrhea, nausea",Food Poisoning,Illness caused by eating contaminated food.,"Rest, stay hydrated with sips of water or clear broths.","Oral rehydration salts, Bismuth subsalicylate.","Consult a doctor if symptoms last more than a few days, or if you have a very high fever."
"i have sweats, dry cough, fatigue",Influenza (Flu),A viral infection that attacks your respiratory system.,"Strict bed rest, isolate yourself, stay hydrated.","Oseltamivir (if prescribed early), Paracetamol for fever.",Consult a doctor immediately if you experience shortness of breath or persistent chest pain.
"sneezing, runny nose, congestion, sore throat, cough, mild fever",Common Cold,A common viral infection of the nose and throat.,"Rest, drink plenty of fluids, wash hands often.","Paracetamol, Ibuprofen, Decongestants, Cough syrup.",Consult if symptoms last more than a week or if you develop a high fever.
"i have watery eyes, sneezing, itchy eyes",Allergic Rhinitis,"An allergic response causing itchy, watery eyes, sneezing, and other similar symptoms.","Avoid allergens (dust, pollen), keep indoors during high pollen seasons.","Antihistamines (Cetirizine, Loratadine), Nasal corticosteroids.",Consult an allergist if symptoms are severe and unresponsive to over-the-counter medicine.
"i have weakness, loss of appetite, rash",Typhoid,"A bacterial infection that can lead to a high fever, diarrhea, and vomiting.","Drink boiled or bottled water, avoid raw foods.","Antibiotics (prescription only), Paracetamol for fever.",Requires immediate medical consultation for a proper antibiotic course.
"i have itchy eyes, runny nose, sneezing, itchy throat",Allergic Rhinitis,"An allergic response causing itchy, watery eyes, sneezing, and other similar symptoms.","Avoid allergens (dust, pollen), keep indoors during high pollen seasons.","Antihistamines (Cetirizine, Loratadine), Nasal corticosteroids.",Consult an allergist if symptoms are severe and unresponsive to over-the-counter medicine.
"feeling nausea, throbbing pain, sensitivity to sound",Migraine,"A neurological condition that can cause multiple symptoms, frequently characterized by intense, debilitating headaches.","Rest in a quiet and dark room, avoid known triggers like caffeine or stress.","Ibuprofen, Triptans (prescription), Aspirin.",Consult a neurologist if migraines are frequent and severely disrupt daily life.
"fatigue, chills, sweats, headache",Influenza (Flu),A viral infection that attacks your respiratory system.,"Strict bed rest, isolate yourself, stay hydrated.","Oseltamivir (if prescribed early), Paracetamol for fever.",Consult a doctor immediately if you experience shortness of breath or persistent chest pain.
"feeling low-grade fever, stomach cramps",Gastroenteritis (Stomach Flu),"An intestinal infection marked by diarrhea, cramps, nausea, vomiting, and fever.","Stay hydrated, eat bland foods, wash hands thoroughly.","Oral rehydration salts (ORS), Loperamide (if advised).","Consult if you cannot keep liquids down for 24 hours, or if there is blood in stool."
"nausea, severe headache, throbbing pain",Migraine,"A neurological condition that can cause multiple symptoms, frequently characterized by intense, debilitating headaches.","Rest in a quiet and dark room, avoid known triggers like caffeine or stress.","Ibuprofen, Triptans (prescription), Aspirin.",Consult a neurologist if migraines are frequent and severely disrupt daily life.
"suffering from weakness, stomach pain, loss of appetite, prolonged high fever, headache, rash",Typhoid,"A bacterial infection that can lead to a high fever, diarrhea, and vomiting.","Drink boiled or bottled water, avoid raw foods.","Antibiotics (prescription only), Paracetamol for fever.",Requires immediate medical consultation for a proper antibiotic course.
"feeling rash, headache, weakness, prolonged high fever, stomach pain",Typhoid,"A bacterial infection that can lead to a high fever, diarrhea, and vomiting.","Drink boiled or bottled water, avoid raw foods.","Antibiotics (prescription only), Paracetamol for fever.",Requires immediate medical consultation for a proper antibiotic course.
"stomach cramps, vomiting, low-grade fever, diarrhea, nausea",Gastroenteritis (Stomach Flu),"An intestinal infection marked by diarrhea, cramps, nausea, vomiting, and fever.","Stay hydrated, eat bland foods, wash hands thoroughly.","Oral rehydration salts (ORS), Loperamide (if advised).","Consult if you cannot keep liquids down for 24 hours, or if there is blood in stool."
"i have rapid breathing, shortness of breath, coughing episodes",Asthma,A condition in which your airways narrow and swell and may produce extra mucus.,"Avoid triggers (smoke, strong odors), carry an inhaler always.","Bronchodilators (Albuterol inhaler), Inhaled corticosteroids.",Immediate emergency care required for severe shortness of breath or if an inhaler doesn't help.
"experiencing chest tightness, rapid breathing",Asthma,A condition in which your airways narrow and swell and may produce extra mucus.,"Avoid triggers (smoke, strong odors), carry an inhaler always.","Bronchodilators (Albuterol inhaler), Inhaled corticosteroids.",Immediate emergency care required for severe shortness of breath or if an inhaler doesn't help.
"dry cough, fever, loss of smell, fatigue, sore throat",COVID-19,A highly contagious respiratory illness caused by the SARS-CoV-2 virus.,"Isolate, wear a mask, monitor oxygen levels.","Paracetamol, Vitamin C, Zinc, prescribed antivirals if severe.",Seek immediate medical attention if oxygen drops below 94% or you have difficulty breathing.
"suffering from headache, weakness",Typhoid,"A bacterial infection that can lead to a high fever, diarrhea, and vomiting.","Drink boiled or bottled water, avoid raw foods.","Antibiotics (prescription only), Paracetamol for fever.",Requires immediate medical consultation for a proper antibiotic course.
"experiencing severe headache, pain behind eyes, joint pain, muscle pain, high fever",Dengue Fever,A mosquito-borne viral disease occurring in tropical and subtropical areas.,"Use mosquito nets, wear long sleeves, use repellents.",Paracetamol for fever. STRICTLY AVOID Aspirin or Ibuprofen.,Hospitalization may be required; consult immediately if experiencing severe abdominal pain or bleeding.
"i have sore throat, sneezing, mild fever",Common Cold,A common viral infection of the nose and throat.,"Rest, drink plenty of fluids, wash hands often.","Paracetamol, Ibuprofen, Decongestants, Cough syrup.",Consult if symptoms last more than a week or if you develop a high fever.
"i have mild fever, congestion, cough, runny nose",Common Cold,A common viral infection of the nose and throat.,"Rest, drink plenty of fluids, wash hands often.","Paracetamol, Ibuprofen, Decongestants, Cough syrup.",Consult if symptoms last more than a week or if you develop a high fever.
"experiencing body aches, fatigue, sore throat, fever, dry cough, loss of smell, loss of taste, shortness of breath",COVID-19,A highly contagious respiratory illness caused by the SARS-CoV-2 virus.,"Isolate, wear a mask, monitor oxygen levels.","Paracetamol, Vitamin C, Zinc, prescribed antivirals if severe.",Seek immediate medical attention if oxygen drops below 94% or you have difficulty breathing.
"low-grade fever, diarrhea",Gastroenteritis (Stomach Flu),"An intestinal infection marked by diarrhea, cramps, nausea, vomiting, and fever.","Stay hydrated, eat bland foods, wash hands thoroughly.","Oral rehydration salts (ORS), Loperamide (if advised).","Consult if you cannot keep liquids down for 24 hours, or if there is blood in stool."
"experiencing nasal congestion, runny nose, itchy throat, watery eyes",Allergic Rhinitis,"An allergic response causing itchy, watery eyes, sneezing, and other similar symptoms.","Avoid allergens (dust, pollen), keep indoors during high pollen seasons.","Antihistamines (Cetirizine, Loratadine), Nasal corticosteroids.",Consult an allergist if symptoms are severe and unresponsive to over-the-counter medicine.
"suffering from sensitivity to light, severe headache, throbbing pain, nausea, sensitivity to sound, vomiting",Migraine,"A neurological condition that can cause multiple symptoms, frequently characterized by intense, debilitating headaches.","Rest in a quiet and dark room, avoid known triggers like caffeine or stress.","Ibuprofen, Triptans (prescription), Aspirin.",Consult a neurologist if migraines are frequent and severely disrupt daily life.
"experiencing low-grade fever, nausea, muscle aches, diarrhea",Gastroenteritis (Stomach Flu),"An intestinal infection marked by diarrhea, cramps, nausea, vomiting, and fever.","Stay hydrated, eat bland foods, wash hands thoroughly.","Oral rehydration salts (ORS), Loperamide (if advised).","Consult if you cannot keep liquids down for 24 hours, or if there is blood in stool."
"suffering from headache, sweats, high fever, chills, fatigue, dry cough, muscle aches",Influenza (Flu),A viral infection that attacks your respiratory system.,"Strict bed rest, isolate yourself, stay hydrated.","Oseltamivir (if prescribed early), Paracetamol for fever.",Consult a doctor immediately if you experience shortness of breath or persistent chest pain.
"suffering from sneezing, runny nose, mild fever",Common Cold,A common viral infection of the nose and throat.,"Rest, drink plenty of fluids, wash hands often.","Paracetamol, Ibuprofen, Decongestants, Cough syrup.",Consult if symptoms last more than a week or if you develop a high fever.
"feeling chills, muscle aches, fatigue, dry cough, high fever, headache, sweats",Influenza (Flu),A viral infection that attacks your respiratory system.,"Strict bed rest, isolate yourself, stay hydrated.","Oseltamivir (if prescribed early), Paracetamol for fever.",Consult a doctor immediately if you experience shortness of breath or persistent chest pain.
"suffering from weakness, fever, vomiting, diarrhea",Food Poisoning,Illness caused by eating contaminated food.,"Rest, stay hydrated with sips of water or clear broths.","Oral rehydration salts, Bismuth subsalicylate.","Consult a doctor if symptoms last more than a few days, or if you have a very high fever."
"suffering from sneezing, mild fever, cough, congestion, sore throat, runny nose",Common Cold,A common viral infection of the nose and throat.,"Rest, drink plenty of fluids, wash hands often.","Paracetamol, Ibuprofen, Decongestants, Cough syrup.",Consult if symptoms last more than a week or if you develop a high fever.
"i have rapid breathing, wheezing, chest tightness",Asthma,A condition in which your airways narrow and swell and may produce extra mucus.,"Avoid triggers (smoke, strong odors), carry an inhaler always.","Bronchodilators (Albuterol inhaler), Inhaled corticosteroids.",Immediate emergency care required for severe shortness of breath or if an inhaler doesn't help.
"feeling fatigue, sweats, muscle aches, dry cough",Influenza (Flu),A viral infection that attacks your respiratory system.,"Strict bed rest, isolate yourself, stay hydrated.","Oseltamivir (if prescribed early), Paracetamol for fever.",Consult a doctor immediately if you experience shortness of breath or persistent chest pain.
"i have sneezing, itchy throat, itchy eyes, watery eyes",Allergic Rhinitis,"An allergic response causing itchy, watery eyes, sneezing, and other similar symptoms.","Avoid allergens (dust, pollen), keep indoors during high pollen seasons.","Antihistamines (Cetirizine, Loratadine), Nasal corticosteroids.",Consult an allergist if symptoms are severe and unresponsive to over-the-counter medicine.
"i have shortness of breath, chest tightness",Asthma,A condition in which your airways narrow and swell and may produce extra mucus.,"Avoid triggers (smoke, strong odors), carry an inhaler always.","Bronchodilators (Albuterol inhaler), Inhaled corticosteroids.",Immediate emergency care required for severe shortness of breath or if an inhaler doesn't help.
"i have vomiting, diarrhea",Gastroenteritis (Stomach Flu),"An intestinal infection marked by diarrhea, cramps, nausea, vomiting, and fever.","Stay hydrated, eat bland foods, wash hands thoroughly.","Oral rehydration salts (ORS), Loperamide (if advised).","Consult if you cannot keep liquids down for 24 hours, or if there is blood in stool."
"feeling fever, dry cough",COVID-19,A highly contagious respiratory illness caused by the SARS-CoV-2 virus.,"Isolate, wear a mask, monitor oxygen levels.","Paracetamol, Vitamin C, Zinc, prescribed antivirals if severe.",Seek immediate medical attention if oxygen drops below 94% or you have difficulty breathing.
"stomach cramps, muscle aches, low-grade fever, vomiting, diarrhea",Gastroenteritis (Stomach Flu),"An intestinal infection marked by diarrhea, cramps, nausea, vomiting, and fever.","Stay hydrated, eat bland foods, wash hands thoroughly.","Oral rehydration salts (ORS), Loperamide (if advised).","Consult if you cannot keep liquids down for 24 hours, or if there is blood in stool."
"suffering from vomiting, nausea",Food Poisoning,Illness caused by eating contaminated food.,"Rest, stay hydrated with sips of water or clear broths.","Oral rehydration salts, Bismuth subsalicylate.","Consult a doctor if symptoms last more than a few days, or if you have a very high fever."
"nausea, throbbing pain",Migraine,"A neurological condition that can cause multiple symptoms, frequently characterized by intense, debilitating headaches.","Rest in a quiet and dark room, avoid known triggers like caffeine or stress.","Ibuprofen, Triptans (prescription), Aspirin.",Consult a neurologist if migraines are frequent and severely disrupt daily life.
"rapid breathing, coughing episodes, shortness of breath",Asthma,A condition in which your airways narrow and swell and may produce extra mucus.,"Avoid triggers (smoke, strong odors), carry an inhaler always.","Bronchodilators (Albuterol inhaler), Inhaled corticosteroids.",Immediate emergency care required for severe shortness of breath or if an inhaler doesn't help.
"experiencing nausea, diarrhea, muscle aches",Gastroenteritis (Stomach Flu),"An intestinal infection marked by diarrhea, cramps, nausea, vomiting, and fever.","Stay hydrated, eat bland foods, wash hands thoroughly.","Oral rehydration salts (ORS), Loperamide (if advised).","Consult if you cannot keep liquids down for 24 hours, or if there is blood in stool."
"feeling prolonged high fever, weakness, rash, stomach pain, headache",Typhoid,"A bacterial infection that can lead to a high fever, diarrhea, and vomiting.","Drink boiled or bottled water, avoid raw foods.","Antibiotics (prescription only), Paracetamol for fever.",Requires immediate medical consultation for a proper antibiotic course.
"feeling vomiting, diarrhea, stomach cramps",Gastroenteritis (Stomach Flu),"An intestinal infection marked by diarrhea, cramps, nausea, vomiting, and fever.","Stay hydrated, eat bland foods, wash hands thoroughly.","Oral rehydration salts (ORS), Loperamide (if advised).","Consult if you cannot keep liquids down for 24 hours, or if there is blood in stool."
"sweats, muscle aches, headache, chills, dry cough",Influenza (Flu),A viral infection that attacks your respiratory system.,"Strict bed rest, isolate yourself, stay hydrated.","Oseltamivir (if prescribed early), Paracetamol for fever.",Consult a doctor immediately if you experience shortness of breath or persistent chest pain.
"experiencing coughing episodes, rapid breathing",Asthma,A condition in which your airways narrow and swell and may produce extra mucus.,"Avoid triggers (smoke, strong odors), carry an inhaler always.","Bronchodilators (Albuterol inhaler), Inhaled corticosteroids.",Immediate emergency care required for severe shortness of breath or if an inhaler doesn't help.
"feeling nausea, vomiting, stomach cramps, diarrhea, low-grade fever",Gastroenteritis (Stomach Flu),"An intestinal infection marked by diarrhea, cramps, nausea, vomiting, and fever.","Stay hydrated, eat bland foods, wash hands thoroughly.","Oral rehydration salts (ORS), Loperamide (if advised).","Consult if you cannot keep liquids down for 24 hours, or if there is blood in stool."
"i have diarrhea, muscle aches, low-grade fever, stomach cramps, nausea",Gastroenteritis (Stomach Flu),"An intestinal infection marked by diarrhea, cramps, nausea, vomiting, and fever.","Stay hydrated, eat bland foods, wash hands thoroughly.","Oral rehydration salts (ORS), Loperamide (if advised).","Consult if you cannot keep liquids down for 24 hours, or if there is blood in stool."
"feeling diarrhea, weakness, abdominal cramps, vomiting, nausea",Food Poisoning,Illness caused by eating contaminated food.,"Rest, stay hydrated with sips of water or clear broths.","Oral rehydration salts, Bismuth subsalicylate.","Consult a doctor if symptoms last more than a few days, or if you have a very high fever."
"weakness, rash, stomach pain, headache, loss of appetite, prolonged high fever",Typhoid,"A bacterial infection that can lead to a high fever, diarrhea, and vomiting.","Drink boiled or bottled water, avoid raw foods.","Antibiotics (prescription only), Paracetamol for fever.",Requires immediate medical consultation for a proper antibiotic course.
"feeling pain behind eyes, joint pain",Dengue Fever,A mosquito-borne viral disease occurring in tropical and subtropical areas.,"Use mosquito nets, wear long sleeves, use repellents.",Paracetamol for fever. STRICTLY AVOID Aspirin or Ibuprofen.,Hospitalization may be required; consult immediately if experiencing severe abdominal pain or bleeding.
"suffering from nausea, weakness, diarrhea, fever, vomiting",Food Poisoning,Illness caused by eating contaminated food.,"Rest, stay hydrated with sips of water or clear broths.","Oral rehydration salts, Bismuth subsalicylate.","Consult a doctor if symptoms last more than a few days, or if you have a very high fever."
"fatigue, shortness of breath, fever, dry cough, loss of smell, sore throat, loss of taste, body aches",COVID-19,A highly contagious respiratory illness caused by the SARS-CoV-2 virus.,"Isolate, wear a mask, monitor oxygen levels.","Paracetamol, Vitamin C, Zinc, prescribed antivirals if severe.",Seek immediate medical attention if oxygen drops below 94% or you have difficulty breathing.
"i have wheezing, shortness of breath, chest tightness, coughing episodes, rapid breathing",Asthma,A condition in which your airways narrow and swell and may produce extra mucus.,"Avoid triggers (smoke, strong odors), carry an inhaler always.","Bronchodilators (Albuterol inhaler), Inhaled corticosteroids.",Immediate emergency care required for severe shortness of breath or if an inhaler doesn't help.
"suffering from sensitivity to sound, nausea, severe headache, vomiting, throbbing pain, sensitivity to light",Migraine,"A neurological condition that can cause multiple symptoms, frequently characterized by intense, debilitating headaches.","Rest in a quiet and dark room, avoid known triggers like caffeine or stress.","Ibuprofen, Triptans (prescription), Aspirin.",Consult a neurologist if migraines are frequent and severely disrupt daily life.
"suffering from chest tightness, shortness of breath, coughing episodes, wheezing, rapid breathing",Asthma,A condition in which your airways narrow and swell and may produce extra mucus.,"Avoid triggers (smoke, strong odors), carry an inhaler always.","Bronchodilators (Albuterol inhaler), Inhaled corticosteroids.",Immediate emergency care required for severe shortness of breath or if an inhaler doesn't help.
"i have sneezing, itchy eyes, runny nose, watery eyes, nasal congestion",Allergic Rhinitis,"An allergic response causing itchy, watery eyes, sneezing, and other similar symptoms.","Avoid allergens (dust, pollen), keep indoors during high pollen seasons.","Antihistamines (Cetirizine, Loratadine), Nasal corticosteroids.",Consult an allergist if symptoms are severe and unresponsive to over-the-counter medicine.
"experiencing loss of taste, sore throat, shortness of breath, fever, body aches, loss of smell, fatigue",COVID-19,A highly contagious respiratory illness caused by the SARS-CoV-2 virus.,"Isolate, wear a mask, monitor oxygen levels.","Paracetamol, Vitamin C, Zinc, prescribed antivirals if severe.",Seek immediate medical attention if oxygen drops below 94% or you have difficulty breathing.
"suffering from chest tightness, shortness of breath, rapid breathing",Asthma,A condition in which your airways narrow and swell and may produce extra mucus.,"Avoid triggers (smoke, strong odors), carry an inhaler always.","Bronchodilators (Albuterol inhaler), Inhaled corticosteroids.",Immediate emergency care required for severe shortness of breath or if an inhaler doesn't help.
"experiencing diarrhea, vomiting, muscle aches, nausea",Gastroenteritis (Stomach Flu),"An intestinal infection marked by diarrhea, cramps, nausea, vomiting, and fever.","Stay hydrated, eat bland foods, wash hands thoroughly.","Oral rehydration salts (ORS), Loperamide (if advised).","Consult if you cannot keep liquids down for 24 hours, or if there is blood in stool."
"experiencing loss of appetite, stomach pain, rash, weakness, prolonged high fever",Typhoid,"A bacterial infection that can lead to a high fever, diarrhea, and vomiting.","Drink boiled or bottled water, avoid raw foods.","Antibiotics (prescription only), Paracetamol for fever.",Requires immediate medical consultation for a proper antibiotic course.
"watery eyes, runny nose",Allergic Rhinitis,"An allergic response causing itchy, watery eyes, sneezing, and other similar symptoms.","Avoid allergens (dust, pollen), keep indoors during high pollen seasons.","Antihistamines (Cetirizine, Loratadine), Nasal corticosteroids.",Consult an allergist if symptoms are severe and unresponsive to over-the-counter medicine.
"i have runny nose, nasal congestion, itchy throat, sneezing",Allergic Rhinitis,"An allergic response causing itchy, watery eyes, sneezing, and other similar symptoms.","Avoid allergens (dust, pollen), keep indoors during high pollen seasons.","Antihistamines (Cetirizine, Loratadine), Nasal corticosteroids.",Consult an allergist if symptoms are severe and unresponsive to over-the-counter medicine.
"experiencing fatigue, high fever, dry cough",Influenza (Flu),A viral infection that attacks your respiratory system.,"Strict bed rest, isolate yourself, stay hydrated.","Oseltamivir (if prescribed early), Paracetamol for fever.",Consult a doctor immediately if you experience shortness of breath or persistent chest pain.
"i have itchy eyes, watery eyes, nasal congestion, runny nose",Allergic Rhinitis,"An allergic response causing itchy, watery eyes, sneezing, and other similar symptoms.","Avoid allergens (dust, pollen), keep indoors during high pollen seasons.","Antihistamines (Cetirizine, Loratadine), Nasal corticosteroids.",Consult an allergist if symptoms are severe and unresponsive to over-the-counter medicine.
"feeling severe headache, nausea, vomiting, sensitivity to light",Migraine,"A neurological condition that can cause multiple symptoms, frequently characterized by intense, debilitating headaches.","Rest in a quiet and dark room, avoid known triggers like caffeine or stress.","Ibuprofen, Triptans (prescription), Aspirin.",Consult a neurologist if migraines are frequent and severely disrupt daily life.
"suffering from diarrhea, stomach cramps",Gastroenteritis (Stomach Flu),"An intestinal infection marked by diarrhea, cramps, nausea, vomiting, and fever.","Stay hydrated, eat bland foods, wash hands thoroughly.","Oral rehydration salts (ORS), Loperamide (if advised).","Consult if you cannot keep liquids down for 24 hours, or if there is blood in stool."
"dry cough, chills, high fever, headache, muscle aches, fatigue, sweats",Influenza (Flu),A viral infection that attacks your respiratory system.,"Strict bed rest, isolate yourself, stay hydrated.","Oseltamivir (if prescribed early), Paracetamol for fever.",Consult a doctor immediately if you experience shortness of breath or persistent chest pain.
"coughing episodes, rapid breathing, shortness of breath, chest tightness",Asthma,A condition in which your airways narrow and swell and may produce extra mucus.,"Avoid triggers (smoke, strong odors), carry an inhaler always.","Bronchodilators (Albuterol inhaler), Inhaled corticosteroids.",Immediate emergency care required for severe shortness of breath or if an inhaler doesn't help.
"joint pain, muscle pain, pain behind eyes, high fever",Dengue Fever,A mosquito-borne viral disease occurring in tropical and subtropical areas.,"Use mosquito nets, wear long sleeves, use repellents.",Paracetamol for fever. STRICTLY AVOID Aspirin or Ibuprofen.,Hospitalization may be required; consult immediately if experiencing severe abdominal pain or bleeding.
"rash, pain behind eyes, fatigue",Dengue Fever,A mosquito-borne viral disease occurring in tropical and subtropical areas.,"Use mosquito nets, wear long sleeves, use repellents.",Paracetamol for fever. STRICTLY AVOID Aspirin or Ibuprofen.,Hospitalization may be required; consult immediately if experiencing severe abdominal pain or bleeding.
"i have chills, high fever, dry cough, headache, sweats",Influenza (Flu),A viral infection that attacks your respiratory system.,"Strict bed rest, isolate yourself, stay hydrated.","Oseltamivir (if prescribed early), Paracetamol for fever.",Consult a doctor immediately if you experience shortness of breath or persistent chest pain.
"experiencing vomiting, muscle aches, diarrhea",Gastroenteritis (Stomach Flu),"An intestinal infection marked by diarrhea, cramps, nausea, vomiting, and fever.","Stay hydrated, eat bland foods, wash hands thoroughly.","Oral rehydration salts (ORS), Loperamide (if advised).","Consult if you cannot keep liquids down for 24 hours, or if there is blood in stool."
"experiencing diarrhea, muscle aches",Gastroenteritis (Stomach Flu),"An intestinal infection marked by diarrhea, cramps, nausea, vomiting, and fever.","Stay hydrated, eat bland foods, wash hands thoroughly.","Oral rehydration salts (ORS), Loperamide (if advised).","Consult if you cannot keep liquids down for 24 hours, or if there is blood in stool."
"feeling severe headache, rash",Dengue Fever,A mosquito-borne viral disease occurring in tropical and subtropical areas.,"Use mosquito nets, wear long sleeves, use repellents.",Paracetamol for fever. STRICTLY AVOID Aspirin or Ibuprofen.,Hospitalization may be required; consult immediately if experiencing severe abdominal pain or bleeding.
"feeling rash, muscle pain, severe headache",Dengue Fever,A mosquito-borne viral disease occurring in tropical and subtropical areas.,"Use mosquito nets, wear long sleeves, use repellents.",Paracetamol for fever. STRICTLY AVOID Aspirin or Ibuprofen.,Hospitalization may be required; consult immediately if experiencing severe abdominal pain or bleeding.
"feeling diarrhea, vomiting, muscle aches",Gastroenteritis (Stomach Flu),"An intestinal infection marked by diarrhea, cramps, nausea, vomiting, and fever.","Stay hydrated, eat bland foods, wash hands thoroughly.","Oral rehydration salts (ORS), Loperamide (if advised).","Consult if you cannot keep liquids down for 24 hours, or if there is blood in stool."
"suffering from diarrhea, low-grade fever",Gastroenteritis (Stomach Flu),"An intestinal infection marked by diarrhea, cramps, nausea, vomiting, and fever.","Stay hydrated, eat bland foods, wash hands thoroughly.","Oral rehydration salts (ORS), Loperamide (if advised).","Consult if you cannot keep liquids down for 24 hours, or if there is blood in stool."
"experiencing weakness, rash, loss of appetite, stomach pain, headache, prolonged high fever",Typhoid,"A bacterial infection that can lead to a high fever, diarrhea, and vomiting.","Drink boiled or bottled water, avoid raw foods.","Antibiotics (prescription only), Paracetamol for fever.",Requires immediate medical consultation for a proper antibiotic course.
"feeling fever, body aches, loss of taste, shortness of breath, loss of smell, fatigue",COVID-19,A highly contagious respiratory illness caused by the SARS-CoV-2 virus.,"Isolate, wear a mask, monitor oxygen levels.","Paracetamol, Vitamin C, Zinc, prescribed antivirals if severe.",Seek immediate medical attention if oxygen drops below 94% or you have difficulty breathing.
"suffering from sensitivity to light, throbbing pain, severe headache, nausea, vomiting",Migraine,"A neurological condition that can cause multiple symptoms, frequently characterized by intense, debilitating headaches.","Rest in a quiet and dark room, avoid known triggers like caffeine or stress.","Ibuprofen, Triptans (prescription), Aspirin.",Consult a neurologist if migraines are frequent and severely disrupt daily life.
"suffering from high fever, dry cough, muscle aches, sweats, chills, fatigue",Influenza (Flu),A viral infection that attacks your respiratory system.,"Strict bed rest, isolate yourself, stay hydrated.","Oseltamivir (if prescribed early), Paracetamol for fever.",Consult a doctor immediately if you experience shortness of breath or persistent chest pain.
"coughing episodes, shortness of breath",Asthma,A condition in which your airways narrow and swell and may produce extra mucus.,"Avoid triggers (smoke, strong odors), carry an inhaler always.","Bronchodilators (Albuterol inhaler), Inhaled corticosteroids.",Immediate emergency care required for severe shortness of breath or if an inhaler doesn't help.
"i have low-grade fever, stomach cramps",Gastroenteritis (Stomach Flu),"An intestinal infection marked by diarrhea, cramps, nausea, vomiting, and fever.","Stay hydrated, eat bland foods, wash hands thoroughly.","Oral rehydration salts (ORS), Loperamide (if advised).","Consult if you cannot keep liquids down for 24 hours, or if there is blood in stool."
"pain behind eyes, joint pain, fatigue, high fever, muscle pain",Dengue Fever,A mosquito-borne viral disease occurring in tropical and subtropical areas.,"Use mosquito nets, wear long sleeves, use repellents.",Paracetamol for fever. STRICTLY AVOID Aspirin or Ibuprofen.,Hospitalization may be required; consult immediately if experiencing severe abdominal pain or bleeding.
"suffering from abdominal cramps, fever",Food Poisoning,Illness caused by eating contaminated food.,"Rest, stay hydrated with sips of water or clear broths.","Oral rehydration salts, Bismuth subsalicylate.","Consult a doctor if symptoms last more than a few days, or if you have a very high fever."
"i have sensitivity to sound, throbbing pain, nausea",Migraine,"A neurological condition that can cause multiple symptoms, frequently characterized by intense, debilitating headaches.","Rest in a quiet and dark room, avoid known triggers like caffeine or stress.","Ibuprofen, Triptans (prescription), Aspirin.",Consult a neurologist if migraines are frequent and severely disrupt daily life.
"experiencing vomiting, throbbing pain, severe headache, sensitivity to sound, sensitivity to light",Migraine,"A neurological condition that can cause multiple symptoms, frequently characterized by intense, debilitating headaches.","Rest in a quiet and dark room, avoid known triggers like caffeine or stress.","Ibuprofen, Triptans (prescription), Aspirin.",Consult a neurologist if migraines are frequent and severely disrupt daily life.
"joint pain, rash, muscle pain, pain behind eyes",Dengue Fever,A mosquito-borne viral disease occurring in tropical and subtropical areas.,"Use mosquito nets, wear long sleeves, use repellents.",Paracetamol for fever. STRICTLY AVOID Aspirin or Ibuprofen.,Hospitalization may be required; consult immediately if experiencing severe abdominal pain or bleeding.
"i have fatigue, fever, sore throat, loss of smell, body aches, shortness of breath, loss of taste",COVID-19,A highly contagious respiratory illness caused by the SARS-CoV-2 virus.,"Isolate, wear a mask, monitor oxygen levels.","Paracetamol, Vitamin C, Zinc, prescribed antivirals if severe.",Seek immediate medical attention if oxygen drops below 94% or you have difficulty breathing.
"experiencing shortness of breath, rapid breathing, wheezing",Asthma,A condition in which your airways narrow and swell and may produce extra mucus.,"Avoid triggers (smoke, strong odors), carry an inhaler always.","Bronchodilators (Albuterol inhaler), Inhaled corticosteroids.",Immediate emergency care required for severe shortness of breath or if an inhaler doesn't help.
"i have nasal congestion, itchy throat, itchy eyes, runny nose, sneezing, watery eyes",Allergic Rhinitis,"An allergic response causing itchy, watery eyes, sneezing, and other similar symptoms.","Avoid allergens (dust, pollen), keep indoors during high pollen seasons.","Antihistamines (Cetirizine, Loratadine), Nasal corticosteroids.",Consult an allergist if symptoms are severe and unresponsive to over-the-counter medicine.
"feeling shortness of breath, loss of smell, loss of taste, fatigue",COVID-19,A highly contagious respiratory illness caused by the SARS-CoV-2 virus.,"Isolate, wear a mask, monitor oxygen levels.","Paracetamol, Vitamin C, Zinc, prescribed antivirals if severe.",Seek immediate medical attention if oxygen drops below 94% or you have difficulty breathing.
"feeling wheezing, coughing episodes",Asthma,A condition in which your airways narrow and swell and may produce extra mucus.,"Avoid triggers (smoke, strong odors), carry an inhaler always.","Bronchodilators (Albuterol inhaler), Inhaled corticosteroids.",Immediate emergency care required for severe shortness of breath or if an inhaler doesn't help.
"i have dry cough, shortness of breath",COVID-19,A highly contagious respiratory illness caused by the SARS-CoV-2 virus.,"Isolate, wear a mask, monitor oxygen levels.","Paracetamol, Vitamin C, Zinc, prescribed antivirals if severe.",Seek immediate medical attention if oxygen drops below 94% or you have difficulty breathing.
"chest tightness, shortness of breath",Asthma,A condition in which your airways narrow and swell and may produce extra mucus.,"Avoid triggers (smoke, strong odors), carry an inhaler always.","Bronchodilators (Albuterol inhaler), Inhaled corticosteroids.",Immediate emergency care required for severe shortness of breath or if an inhaler doesn't help.
"feeling high fever, muscle pain, fatigue, joint pain, pain behind eyes, rash, severe headache",Dengue Fever,A mosquito-borne viral disease occurring in tropical and subtropical areas.,"Use mosquito nets, wear long sleeves, use repellents.",Paracetamol for fever. STRICTLY AVOID Aspirin or Ibuprofen.,Hospitalization may be required; consult immediately if experiencing severe abdominal pain or bleeding.
"i have headache, muscle aches, high fever, chills, fatigue, dry cough, sweats",Influenza (Flu),A viral infection that attacks your respiratory system.,"Strict bed rest, isolate yourself, stay hydrated.","Oseltamivir (if prescribed early), Paracetamol for fever.",Consult a doctor immediately if you experience shortness of breath or persistent chest pain.
"experiencing nausea, diarrhea, vomiting, stomach cramps, low-grade fever, muscle aches",Gastroenteritis (Stomach Flu),"An intestinal infection marked by diarrhea, cramps, nausea, vomiting, and fever.","Stay hydrated, eat bland foods, wash hands thoroughly.","Oral rehydration salts (ORS), Loperamide (if advised).","Consult if you cannot keep liquids down for 24 hours, or if there is blood in stool."
"feeling coughing episodes, chest tightness, rapid breathing",Asthma,A condition in which your airways narrow and swell and may produce extra mucus.,"Avoid triggers (smoke, strong odors), carry an inhaler always.","Bronchodilators (Albuterol inhaler), Inhaled corticosteroids.",Immediate emergency care required for severe shortness of breath or if an inhaler doesn't help.
"experiencing sensitivity to light, nausea, severe headache, sensitivity to sound, vomiting, throbbing pain",Migraine,"A neurological condition that can cause multiple symptoms, frequently characterized by intense, debilitating headaches.","Rest in a quiet and dark room, avoid known triggers like caffeine or stress.","Ibuprofen, Triptans (prescription), Aspirin.",Consult a neurologist if migraines are frequent and severely disrupt daily life.
"experiencing watery eyes, nasal congestion, itchy throat, itchy eyes, runny nose",Allergic Rhinitis,"An allergic response causing itchy, watery eyes, sneezing, and other similar symptoms.","Avoid allergens (dust, pollen), keep indoors during high pollen seasons.","Antihistamines (Cetirizine, Loratadine), Nasal corticosteroids.",Consult an allergist if symptoms are severe and unresponsive to over-the-counter medicine.
"i have rash, loss of appetite, headache, stomach pain, prolonged high fever, weakness",Typhoid,"A bacterial infection that can lead to a high fever, diarrhea, and vomiting.","Drink boiled or bottled water, avoid raw foods.","Antibiotics (prescription only), Paracetamol for fever.",Requires immediate medical consultation for a proper antibiotic course.
"i have rapid breathing, coughing episodes, chest tightness, wheezing",Asthma,A condition in which your airways narrow and swell and may produce extra mucus.,"Avoid triggers (smoke, strong odors), carry an inhaler always.","Bronchodilators (Albuterol inhaler), Inhaled corticosteroids.",Immediate emergency care required for severe shortness of breath or if an inhaler doesn't help.
"sneezing, itchy eyes, itchy throat",Allergic Rhinitis,"An allergic response causing itchy, watery eyes, sneezing, and other similar symptoms.","Avoid allergens (dust, pollen), keep indoors during high pollen seasons.","Antihistamines (Cetirizine, Loratadine), Nasal corticosteroids.",Consult an allergist if symptoms are severe and unresponsive to over-the-counter medicine.
"i have fatigue, sweats, chills, headache, dry cough, high fever",Influenza (Flu),A viral infection that attacks your respiratory system.,"Strict bed rest, isolate yourself, stay hydrated.","Oseltamivir (if prescribed early), Paracetamol for fever.",Consult a doctor immediately if you experience shortness of breath or persistent chest pain.
"feeling chest tightness, coughing episodes, shortness of breath, wheezing, rapid breathing",Asthma,A condition in which your airways narrow and swell and may produce extra mucus.,"Avoid triggers (smoke, strong odors), carry an inhaler always.","Bronchodilators (Albuterol inhaler), Inhaled corticosteroids.",Immediate emergency care required for severe shortness of breath or if an inhaler doesn't help.
"weakness, fever",Food Poisoning,Illness caused by eating contaminated food.,"Rest, stay hydrated with sips of water or clear broths.","Oral rehydration salts, Bismuth subsalicylate.","Consult a doctor if symptoms last more than a few days, or if you have a very high fever."
"i have itchy throat, watery eyes, itchy eyes, runny nose",Allergic Rhinitis,"An allergic response causing itchy, watery eyes, sneezing, and other similar symptoms.","Avoid allergens (dust, pollen), keep indoors during high pollen seasons.","Antihistamines (Cetirizine, Loratadine), Nasal corticosteroids.",Consult an allergist if symptoms are severe and unresponsive to over-the-counter medicine.
"suffering from sneezing, sore throat, cough",Common Cold,A common viral infection of the nose and throat.,"Rest, drink plenty of fluids, wash hands often.","Paracetamol, Ibuprofen, Decongestants, Cough syrup.",Consult if symptoms last more than a week or if you develop a high fever.
"sneezing, mild fever, cough, runny nose, sore throat",Common Cold,A common viral infection of the nose and throat.,"Rest, drink plenty of fluids, wash hands often.","Paracetamol, Ibuprofen, Decongestants, Cough syrup.",Consult if symptoms last more than a week or if you develop a high fever.
"suffering from sensitivity to light, throbbing pain, severe headache, sensitivity to sound, vomiting, nausea",Migraine,"A neurological condition that can cause multiple symptoms, frequently characterized by intense, debilitating headaches.","Rest in a quiet and dark room, avoid known triggers like caffeine or stress.","Ibuprofen, Triptans (prescription), Aspirin.",Consult a neurologist if migraines are frequent and severely disrupt daily life.
"experiencing diarrhea, fever, weakness",Food Poisoning,Illness caused by eating contaminated food.,"Rest, stay hydrated with sips of water or clear broths.","Oral rehydration salts, Bismuth subsalicylate.","Consult a doctor if symptoms last more than a few days, or if you have a very high fever."
"nausea, sensitivity to sound, vomiting, sensitivity to light, throbbing pain",Migraine,"A neurological condition that can cause multiple symptoms, frequently characterized by intense, debilitating headaches.","Rest in a quiet and dark room, avoid known triggers like caffeine or stress.","Ibuprofen, Triptans (prescription), Aspirin.",Consult a neurologist if migraines are frequent and severely disrupt daily life.
"experiencing sore throat, fatigue, dry cough, loss of smell, fever",COVID-19,A highly contagious respiratory illness caused by the SARS-CoV-2 virus.,"Isolate, wear a mask, monitor oxygen levels.","Paracetamol, Vitamin C, Zinc, prescribed antivirals if severe.",Seek immediate medical attention if oxygen drops below 94% or you have difficulty breathing.
"feeling itchy throat, itchy eyes, sneezing, nasal congestion",Allergic Rhinitis,"An allergic response causing itchy, watery eyes, sneezing, and other similar symptoms.","Avoid allergens (dust, pollen), keep indoors during high pollen seasons.","Antihistamines (Cetirizine, Loratadine), Nasal corticosteroids.",Consult an allergist if symptoms are severe and unresponsive to over-the-counter medicine.
"experiencing low-grade fever, muscle aches, diarrhea, nausea",Gastroenteritis (Stomach Flu),"An intestinal infection marked by diarrhea, cramps, nausea, vomiting, and fever.","Stay hydrated, eat bland foods, wash hands thoroughly.","Oral rehydration salts (ORS), Loperamide (if advised).","Consult if you cannot keep liquids down for 24 hours, or if there is blood in stool."
"feeling sneezing, nasal congestion, runny nose, watery eyes, itchy eyes, itchy throat",Allergic Rhinitis,"An allergic response causing itchy, watery eyes, sneezing, and other similar symptoms.","Avoid allergens (dust, pollen), keep indoors during high pollen seasons.","Antihistamines (Cetirizine, Loratadine), Nasal corticosteroids.",Consult an allergist if symptoms are severe and unresponsive to over-the-counter medicine.
"watery eyes, itchy eyes, runny nose, sneezing, nasal congestion, itchy throat",Allergic Rhinitis,"An allergic response causing itchy, watery eyes, sneezing, and other similar symptoms.","Avoid allergens (dust, pollen), keep indoors during high pollen seasons.","Antihistamines (Cetirizine, Loratadine), Nasal corticosteroids.",Consult an allergist if symptoms are severe and unresponsive to over-the-counter medicine.
"experiencing sensitivity to light, sensitivity to sound, severe headache, vomiting, nausea",Migraine,"A neurological condition that can cause multiple symptoms, frequently characterized by intense, debilitating headaches.","Rest in a quiet and dark room, avoid known triggers like caffeine or stress.","Ibuprofen, Triptans (prescription), Aspirin.",Consult a neurologist if migraines are frequent and severely disrupt daily life.
"experiencing sneezing, runny nose, itchy eyes, watery eyes, itchy throat",Allergic Rhinitis,"An allergic response causing itchy, watery eyes, sneezing, and other similar symptoms.","Avoid allergens (dust, pollen), keep indoors during high pollen seasons.","Antihistamines (Cetirizine, Loratadine), Nasal corticosteroids.",Consult an allergist if symptoms are severe and unresponsive to over-the-counter medicine.
"experiencing itchy eyes, sneezing, nasal congestion, runny nose, itchy throat",Allergic Rhinitis,"An allergic response causing itchy, watery eyes, sneezing, and other similar symptoms.","Avoid allergens (dust, pollen), keep indoors during high pollen seasons.","Antihistamines (Cetirizine, Loratadine), Nasal corticosteroids.",Consult an allergist if symptoms are severe and unresponsive to over-the-counter medicine.
"suffering from muscle pain, high fever, pain behind eyes, joint pain, fatigue",Dengue Fever,A mosquito-borne viral disease occurring in tropical and subtropical areas.,"Use mosquito nets, wear long sleeves, use repellents.",Paracetamol for fever. STRICTLY AVOID Aspirin or Ibuprofen.,Hospitalization may be required; consult immediately if experiencing severe abdominal pain or bleeding.
"i have rash, loss of appetite, headache, weakness",Typhoid,"A bacterial infection that can lead to a high fever, diarrhea, and vomiting.","Drink boiled or bottled water, avoid raw foods.","Antibiotics (prescription only), Paracetamol for fever.",Requires immediate medical consultation for a proper antibiotic course.
"experiencing runny nose, cough, sore throat, mild fever, congestion",Common Cold,A common viral infection of the nose and throat.,"Rest, drink plenty of fluids, wash hands often.","Paracetamol, Ibuprofen, Decongestants, Cough syrup.",Consult if symptoms last more than a week or if you develop a high fever.
"suffering from nasal congestion, sneezing",Allergic Rhinitis,"An allergic response causing itchy, watery eyes, sneezing, and other similar symptoms.","Avoid allergens (dust, pollen), keep indoors during high pollen seasons.","Antihistamines (Cetirizine, Loratadine), Nasal corticosteroids.",Consult an allergist if symptoms are severe and unresponsive to over-the-counter medicine.
"experiencing dry cough, muscle aches, sweats, headache, fatigue",Influenza (Flu),A viral infection that attacks your respiratory system.,"Strict bed rest, isolate yourself, stay hydrated.","Oseltamivir (if prescribed early), Paracetamol for fever.",Consult a doctor immediately if you experience shortness of breath or persistent chest pain.
"feeling congestion, sneezing, runny nose, mild fever, cough",Common Cold,A common viral infection of the nose and throat.,"Rest, drink plenty of fluids, wash hands often.","Paracetamol, Ibuprofen, Decongestants, Cough syrup.",Consult if symptoms last more than a week or if you develop a high fever.
"experiencing itchy eyes, runny nose, itchy throat, nasal congestion",Allergic Rhinitis,"An allergic response causing itchy, watery eyes, sneezing, and other similar symptoms.","Avoid allergens (dust, pollen), keep indoors during high pollen seasons.","Antihistamines (Cetirizine, Loratadine), Nasal corticosteroids.",Consult an allergist if symptoms are severe and unresponsive to over-the-counter medicine.
"experiencing stomach cramps, low-grade fever, vomiting",Gastroenteritis (Stomach Flu),"An intestinal infection marked by diarrhea, cramps, nausea, vomiting, and fever.","Stay hydrated, eat bland foods, wash hands thoroughly.","Oral rehydration salts (ORS), Loperamide (if advised).","Consult if you cannot keep liquids down for 24 hours, or if there is blood in stool."
"suffering from shortness of breath, coughing episodes",Asthma,A condition in which your airways narrow and swell and may produce extra mucus.,"Avoid triggers (smoke, strong odors), carry an inhaler always.","Bronchodilators (Albuterol inhaler), Inhaled corticosteroids.",Immediate emergency care required for severe shortness of breath or if an inhaler doesn't help.
"body aches, loss of smell, fever, shortness of breath, fatigue, sore throat, dry cough",COVID-19,A highly contagious respiratory illness caused by the SARS-CoV-2 virus.,"Isolate, wear a mask, monitor oxygen levels.","Paracetamol, Vitamin C, Zinc, prescribed antivirals if severe.",Seek immediate medical attention if oxygen drops below 94% or you have difficulty breathing.
"suffering from coughing episodes, rapid breathing, shortness of breath, wheezing",Asthma,A condition in which your airways narrow and swell and may produce extra mucus.,"Avoid triggers (smoke, strong odors), carry an inhaler always.","Bronchodilators (Albuterol inhaler), Inhaled corticosteroids.",Immediate emergency care required for severe shortness of breath or if an inhaler doesn't help.
"i have fever, vomiting",Food Poisoning,Illness caused by eating contaminated food.,"Rest, stay hydrated with sips of water or clear broths.","Oral rehydration salts, Bismuth subsalicylate.","Consult a doctor if symptoms last more than a few days, or if you have a very high fever."
"runny nose, itchy throat",Allergic Rhinitis,"An allergic response causing itchy, watery eyes, sneezing, and other similar symptoms.","Avoid allergens (dust, pollen), keep indoors during high pollen seasons.","Antihistamines (Cetirizine, Loratadine), Nasal corticosteroids.",Consult an allergist if symptoms are severe and unresponsive to over-the-counter medicine.
"experiencing abdominal cramps, diarrhea",Food Poisoning,Illness caused by eating contaminated food.,"Rest, stay hydrated with sips of water or clear broths.","Oral rehydration salts, Bismuth subsalicylate.","Consult a doctor if symptoms last more than a few days, or if you have a very high fever."
"suffering from headache, dry cough, fatigue, high fever",Influenza (Flu),A viral infection that attacks your respiratory system.,"Strict bed rest, isolate yourself, stay hydrated.","Oseltamivir (if prescribed early), Paracetamol for fever.",Consult a doctor immediately if you experience shortness of breath or persistent chest pain.
"fever, vomiting, weakness, nausea, diarrhea, abdominal cramps",Food Poisoning,Illness caused by eating contaminated food.,"Rest, stay hydrated with sips of water or clear broths.","Oral rehydration salts, Bismuth subsalicylate.","Consult a doctor if symptoms last more than a few days, or if you have a very high fever."
"suffering from rash, high fever, joint pain, severe headache, muscle pain",Dengue Fever,A mosquito-borne viral disease occurring in tropical and subtropical areas.,"Use mosquito nets, wear long sleeves, use repellents.",Paracetamol for fever. STRICTLY AVOID Aspirin or Ibuprofen.,Hospitalization may be required; consult immediately if experiencing severe abdominal pain or bleeding.
"experiencing diarrhea, muscle aches, stomach cramps, nausea, vomiting, low-grade fever",Gastroenteritis (Stomach Flu),"An intestinal infection marked by diarrhea, cramps, nausea, vomiting, and fever.","Stay hydrated, eat bland foods, wash hands thoroughly.","Oral rehydration salts (ORS), Loperamide (if advised).","Consult if you cannot keep liquids down for 24 hours, or if there is blood in stool."
